Property_Id,City,Locality,BHK_NO,BHK_OR_RK,SQUARE_FT,POSTED_BY,RERA,READY_TO_MOVE,RESALE,ActualPrice,PredictedPrice,LowerBound_80,UpperBound_80,AbsoluteError,PercentageError,WithinInterval_80
21432,Bangalore,EPIP Zone,2,BHK,1316.829076,Dealer,0,1,1,100.0,77.71,57.41,110.95,22.29,22.29,1
21926,Chandigarh,Zirakpur,2,BHK,959.8293637,Dealer,1,1,1,27.0,27.99,22.99,44.58,0.99,3.67,1
22472,Pune,Sus,1,BHK,656.0580681,Owner,1,1,1,47.0,39.26,28.01,47.13,7.74,16.47,1
7775,Nagpur,Wanadongri,1,BHK,652.0605112000001,Owner,0,1,1,25.0,27.2,11.27,40.44,2.2,8.8,1
25585,Bangalore,Rajarajeshwari Nagar,3,BHK,1450.0,Dealer,0,1,1,81.2,82.29,59.86,122.71,1.09,1.34,1
1467,Pune,Hinjewadi,3,BHK,832.2087269,Dealer,1,0,0,74.0,65.68,47.25,90.59,8.32,11.24,1
22687,Gurgaon,Sector-102 Gurgaon,5,BHK,5705.655311,Dealer,1,1,0,340.0,371.74,212.04,1015.22,31.74,9.34,1
18204,Bangalore,Electronic City,2,BHK,1217.03854,Dealer,1,0,1,72.0,70.22,52.22,85.96,1.78,2.47,1
15929,Visakhapatnam,Kakani Nagar,2,BHK,1500.0,Owner,0,1,1,150.0,52.51,36.65,74.37,97.49,64.99,0
25185,Chennai,hazel,3,BHK,1499.888068,Owner,0,1,1,67.0,78.32,56.73,122.46,11.32,16.9,1
26565,Ghaziabad,Ankur Vihar,1,BHK,457.7968526000001,Dealer,0,1,1,9.6,20.49,11.32,26.62,10.89,113.44,0
18476,Vadodara,Subhanpura,2,BHK,1385.435169,Owner,0,1,1,39.0,39.57,28.79,54.16,0.57,1.46,1
25108,Pune,Balewadi,2,BHK,937.0314843,Builder,0,1,0,75.0,55.21,34.13,66.57,19.79,26.39,0
25223,Noida,Sector-29 Noida,3,BHK,1586.042823,Dealer,0,1,1,200.0,87.32,60.81,104.84,112.68,56.34,0
5609,Chennai,Thirumudivakkam,3,BHK,1257.967125,Owner,0,1,1,75.0,66.65,47.16,87.18,8.35,11.13,1
4951,Bharuch,Ankleshwar,2,BHK,1250.0,Owner,0,1,1,20.5,36.7,20.22,48.36,16.2,79.02,1
2948,Goa,Succorro,2,BHK,1237.859455,Dealer,0,1,1,65.0,61.94,36.96,74.31,3.06,4.71,1
19348,Noida,Noida Extension,3,BHK,1267.1059300000002,Owner,0,1,1,50.0,58.45,41.84,75.58,8.45,16.9,1
28094,Mumbai,Mulund (East),2,BHK,788.8265046,Dealer,0,0,1,170.0,156.28,107.2,163.56,13.72,8.07,0
5146,Kochi,Edapally,1,BHK,800.0,Dealer,0,1,1,32.0,35.96,27.43,46.09,3.96,12.38,1
23793,Bangalore,Kudlu,2,BHK,1215.092731,Owner,0,1,1,57.0,68.34,48.51,82.07,11.34,19.89,1
12084,Panchkula,Sector-20 Panchkula,2,BHK,1200.274348,Owner,0,1,1,35.0,36.69,26.33,63.57,1.69,4.83,1
10871,Pune,Ravet,1,BHK,618.987112,Dealer,0,1,1,34.1,33.69,26.13,44.21,0.41,1.2,1
503,Panchkula,Mdc Sector-4,2,BHK,1199.944189,Dealer,0,1,1,86.0,56.02,22.41,72.57,29.98,34.86,0
20194,Pune,Kaspate Vasti,2,BHK,931.0986965,Dealer,0,1,1,75.0,66.72,43.54,90.2,8.28,11.04,1
21004,Kolkata,Maheshtala,3,BHK,1236.263736,Dealer,0,1,1,27.0,56.21,38.77,83.46,29.21,108.19,0
15790,Bangalore,electronic city,2,BHK,942.951438,Owner,0,1,1,40.0,40.7,30.1,57.22,0.7,1.75,1
16137,Mumbai,Seawoods,2,BHK,1330.008313,Dealer,0,1,1,240.0,147.95,109.83,187.85,92.05,38.35,0
27353,Lalitpur,Samta Nagar,2,BHK,484.0075828,Dealer,0,1,1,120.0,92.77,31.85,122.4,27.23,22.69,1
6372,Maharashtra,Powai,4,BHK,2544.01821,Dealer,1,1,1,760.0,493.36,285.96,810.92,266.64,35.08,1
6845,Gurgaon,Sector-102 Gurgaon,3,BHK,2113.792496,Dealer,1,1,1,120.0,127.56,100.97,204.73,7.56,6.3,1
27166,Pune,Mhada Colony,3,BHK,1305.625068,Dealer,0,1,1,120.0,96.71,55.74,122.01,23.29,19.41,1
23428,Bangalore,Pai Layout,3,BHK,1440.167583,Owner,0,1,1,55.0,81.55,58.71,123.21,26.55,48.27,0
4077,Mohali,Sector-104 Mohali,4,BHK,2149.959688,Owner,1,1,1,80.0,96.08,63.11,120.38,16.08,20.1,1
14994,Ghaziabad,Ahinsa Khand 1,2,BHK,1150.0,Dealer,1,1,1,46.0,50.8,36.03,73.5,4.8,10.43,1
17854,Maharashtra,Mira Road,1,BHK,725.0268528,Dealer,1,0,1,54.0,53.22,54.42,66.61,0.78,1.44,0
6449,Bangalore,Whitefield,3,BHK,1383.86204,Dealer,1,1,1,130.0,82.33,58.96,107.96,47.67,36.67,0
3806,Kolkata,Airport,2,BHK,950.0,Dealer,0,1,1,30.4,34.83,24.95,55.0,4.43,14.57,1
27285,Mumbai,Hiranandani Meadows,3,BHK,1467.869958,Dealer,0,1,1,270.0,192.52,136.49,239.11,77.48,28.7,0
25640,Chandigarh,Zirakpur,2,BHK,1094.154909,Dealer,1,1,1,38.0,32.66,29.15,45.28,5.34,14.05,1
749,Faridabad,Sector 82 Faridabad,3,BHK,2182.684225,Dealer,0,1,1,77.9,82.17,59.98,145.35,4.27,5.48,1
16047,Ghaziabad,Madhuban Bapudham,2,BHK,1297.789337,Owner,1,1,1,49.9,50.55,38.14,71.57,0.65,1.3,1
23774,Lalitpur,Chandivali,2,BHK,1079.76785,Dealer,1,0,1,160.0,107.86,54.82,164.16,52.14,32.59,1
20560,Udupi,Udyavara,1,BHK,650.0956022999999,Owner,0,1,1,17.0,26.2,15.9,34.19,9.2,54.12,1
25847,Lalitpur,Goregaon (East),3,BHK,2194.0516820000003,Dealer,1,1,1,450.0,421.87,272.72,650.47,28.13,6.25,1
19220,Jaipur,Murlipura,2,BHK,1000.0,Owner,0,1,1,33.0,27.22,18.32,45.99,5.78,17.52,1
20884,Noida,Sector-78 Noida,3,BHK,1320.190107,Owner,1,1,1,75.0,70.94,51.14,82.72,4.06,5.41,1
9472,Lalitpur,Kharghar,3,BHK,1700.1020059999998,Dealer,0,1,1,150.0,219.14,92.49,270.94,69.14,46.09,1
11305,Bangalore,Hennur Bande,4,BHK,2977.801841,Owner,0,1,1,110.0,223.66,168.17,410.88,113.66,103.33,0
15364,Maharashtra,Borivali (East),3,BHK,2257.88735,Dealer,1,1,1,370.0,383.1,217.44,461.36,13.1,3.54,1
6710,Gurgaon,Sector-53 Gurgaon,3,BHK,1314.444282,Owner,0,1,1,180.0,115.91,57.48,110.0,64.09,35.61,0
22905,Pune,Wanowrie,1,BHK,520.0208008000001,Owner,0,1,1,30.0,31.47,16.91,39.65,1.47,4.9,1
10694,Bangalore,Amruthahalli,3,BHK,1296.043656,Owner,0,1,1,76.0,69.62,46.84,102.2,6.38,8.39,1
12615,Ghaziabad,Bhopura,2,BHK,744.9714428,Owner,0,0,1,30.0,27.39,19.82,44.07,2.61,8.7,1
25893,Chennai,Porur,4,BHK,1800.180018,Dealer,0,1,0,100.0,115.88,78.56,200.4,15.88,15.88,1
1398,Hassan,Shivjyothinagara Adlimane Road,3,BHK,1600.0,Owner,0,1,1,90.0,74.31,49.22,95.63,15.69,17.43,1
14778,Chandigarh,Zirakpur,3,BHK,1510.333863,Dealer,0,1,1,38.0,50.55,38.1,62.66,12.55,33.03,0
3778,Valsad,Ramnagar,1,BHK,680.2721088,Owner,0,1,1,9.0,19.49,9.96,36.12,10.49,116.56,0
12965,Surat,Citylight Area,2,BHK,1250.0,Owner,0,1,1,55.0,37.15,32.11,48.77,17.85,32.45,0
19021,Kolkata,Action Area III,1,BHK,450.0471254,Dealer,0,1,1,19.1,25.98,14.16,33.26,6.88,36.02,1
20930,Gurgaon,Sector-108 Gurgaon,2,BHK,1283.14799,Dealer,1,1,1,75.0,65.12,59.65,115.1,9.88,13.17,1
5074,Ghaziabad,Chander Nagar,2,BHK,950.0542888,Dealer,0,1,1,70.0,43.11,25.19,56.42,26.89,38.41,0
27986,Ghaziabad,Siddhartha Vihar,1,BHK,899.9581414999999,Owner,0,1,1,43.0,32.87,19.32,52.53,10.13,23.56,1
20552,Gurgaon,Sector-106 Gurgaon,2,BHK,1354.166667,Dealer,1,0,0,130.0,121.03,67.07,131.9,8.97,6.9,1
14625,Surat,Palanpur,3,BHK,888.3063929,Dealer,1,0,0,61.0,53.62,31.33,93.22,7.38,12.1,1
22901,Visakhapatnam,Purushothapuram,3,BHK,1500.182949,Owner,0,1,1,41.0,59.21,42.04,74.65,18.21,44.41,0
6961,Jaipur,Vaishali Nagar,2,BHK,820.1523139999999,Owner,1,1,1,28.0,21.9,16.56,37.72,6.1,21.79,1
19312,Kolkata,Action Area II,3,BHK,1420.087787,Dealer,0,0,1,55.0,79.07,48.2,123.16,24.07,43.76,1
28666,Mumbai,Andheri (East),1,BHK,600.0109093,Dealer,1,0,1,110.0,105.79,78.65,127.34,4.21,3.83,1
14953,Bahadurgarh,Sector-4A Bahadurgarh,1,BHK,635.1039261,Dealer,1,1,1,16.5,20.35,13.56,26.33,3.85,23.33,1
9274,Mumbai,Taloja Panchanand,2,BHK,1115.1379980000002,Dealer,0,1,1,80.0,133.31,69.49,241.39,53.31,66.64,1
850,Kolkata,Mominpore,3,BHK,1840.168244,Dealer,0,1,1,140.0,128.75,78.93,173.43,11.25,8.04,1
520,Ghaziabad,Bhopura,2,BHK,1072.194425,Dealer,1,1,1,30.0,37.42,30.08,60.65,7.42,24.73,0
27609,Noida,Sector-168 Noida,2,BHK,1085.069444,Dealer,1,1,1,50.0,45.38,40.79,61.81,4.62,9.24,1
11643,Maharashtra,Chembur,3,BHK,2109.8901100000003,Dealer,0,1,1,480.0,491.56,248.99,691.3,11.56,2.41,1
12041,Noida,Sector-93 A Noida,3,BHK,1686.874012,Dealer,0,1,1,160.0,107.24,71.48,152.63,52.76,32.98,0
9639,Noida,Sector-137 Noida,3,BHK,1295.031787,Dealer,1,1,1,55.0,55.89,43.23,77.95,0.89,1.62,1
8156,Chandigarh,Zirakpur,3,BHK,2014.421959,Dealer,1,0,1,86.6,81.78,69.91,118.83,4.82,5.57,1
3513,Maharashtra,Katrap,1,BHK,670.1152128,Dealer,0,1,1,28.5,59.3,29.56,100.48,30.8,108.07,0
3407,Goa,Majorda,1,BHK,591.9661734,Owner,0,1,1,28.0,27.87,14.72,32.45,0.13,0.46,1
17599,Jaipur,Malviya Nagar,3,BHK,1809.74478,Dealer,0,1,1,78.0,83.94,47.55,107.94,5.94,7.62,1
8908,Mumbai,Sector 19 Ulwe,1,BHK,846.1538462000001,Dealer,0,0,1,55.0,47.99,44.77,91.55,7.01,12.75,1
5325,Bangalore,Hegde Nagar,2,BHK,1211.120286,Dealer,0,1,1,44.0,77.01,48.66,100.48,33.01,75.02,0
12906,Bhubaneswar,Patia,3,BHK,1510.204082,Dealer,1,0,1,62.9,65.01,47.19,93.62,2.11,3.35,1
11869,Aurangabad,Padegaon,2,BHK,900.1285898,Owner,0,1,1,21.0,32.34,17.43,43.13,11.34,54.0,1
21849,Chennai,Thiruverkadu,2,BHK,840.1344215,Owner,0,1,1,35.0,37.59,25.99,52.75,2.59,7.4,1
25484,Bhubaneswar,Patia,3,BHK,1341.107872,Dealer,0,1,1,69.0,61.9,40.03,76.23,7.1,10.29,1
25575,Chennai,Madhavaram,2,BHK,1120.110288,Owner,0,1,1,65.0,60.74,42.31,88.19,4.26,6.55,1
13854,Chennai,Thoraipakkam,4,BHK,2000.0,Dealer,1,1,1,160.0,174.97,87.83,280.47,14.97,9.36,1
9439,Indore,Anoop Nagar,2,BHK,1150.086256,Dealer,0,1,1,40.0,36.97,27.97,46.92,3.03,7.58,1
5177,Mohali,Sector-115 Mohali,3,BHK,1299.782766,Dealer,0,1,1,35.9,40.03,29.84,75.28,4.13,11.5,1
22228,Noida,Sector-74 Noida,3,BHK,1945.080092,Dealer,1,1,1,85.0,103.95,83.75,151.37,18.95,22.29,1
26017,Noida,Sector-29 Noida,3,BHK,1500.0,Dealer,0,1,1,90.0,82.03,49.08,95.24,7.97,8.86,1
11670,Chennai,Thaiyur,2,BHK,610.8108107999999,Dealer,0,1,0,22.6,31.88,19.72,45.0,9.28,41.06,1
8160,Bangalore,Bellandur,3,BHK,1682.651859,Dealer,0,1,1,100.0,112.16,77.23,155.05,12.16,12.16,1
2229,Jaipur,Jagatpura,3,BHK,1205.545509,Owner,0,1,1,40.0,43.05,23.3,56.34,3.05,7.62,1
3660,Asansol,Durga Mandir,4,BHK,1739.9557100000002,Owner,0,1,1,55.0,88.82,45.02,84.13,33.82,61.49,1
554,Mumbai,Marol,2,BHK,1163.636364,Dealer,0,1,1,160.0,157.15,50.75,188.34,2.85,1.78,1
25516,Mumbai,Tardeo,3,BHK,2550.019616,Dealer,0,1,1,1300.0,1057.62,281.85,1702.89,242.38,18.64,1
22289,Kolkata,Mukundapur,3,BHK,1280.113368,Dealer,0,1,1,54.2,63.25,41.77,99.19,9.05,16.7,1
20925,Lalitpur,Balkum,1,BHK,472.0017164,Dealer,1,0,1,66.0,58.48,26.63,84.97,7.52,11.39,1
6506,Noida,Sector-144 Noida,3,BHK,1354.81118,Dealer,1,0,1,63.5,56.03,44.91,81.54,7.47,11.76,1
6266,Bangalore,Whitefield,2,BHK,1170.062538,Dealer,0,1,1,58.0,67.63,45.1,92.17,9.63,16.6,1
21881,Lalitpur,Hiranandani Gardens - Powai,3,BHK,1534.420431,Dealer,0,1,1,590.0,403.4,215.51,434.96,186.6,31.63,0
27302,Guwahati,Dhirenpara,2,BHK,1060.0706710000002,Dealer,0,0,1,42.0,36.1,33.15,51.35,5.9,14.05,1
970,Lalitpur,New Panvel,3,BHK,845.5944529,Dealer,1,1,0,100.0,111.48,55.93,222.6,11.48,11.48,1
8678,Vadodara,Gotri,3,BHK,1650.038373,Owner,0,1,1,43.0,52.15,39.49,80.49,9.15,21.28,1
1486,Ghaziabad,Raj Nagar Extension,2,BHK,1220.159151,Owner,0,1,1,46.0,50.9,31.89,53.8,4.9,10.65,1
13214,Lalitpur,Chembur,2,BHK,1163.590205,Dealer,1,1,1,220.0,201.35,157.74,264.13,18.65,8.48,1
22055,Maharashtra,Sector-3 Ulwe,2,BHK,1050.070432,Dealer,0,1,1,82.0,91.3,57.27,125.78,9.3,11.34,1
9006,Bhavnagar,Dawn,3,BHK,1700.1020059999998,Owner,0,1,1,50.0,53.43,39.81,71.57,3.43,6.86,1
28771,Noida,Sector-100 Noida,3,BHK,1654.984424,Dealer,1,1,1,85.0,86.36,69.75,117.34,1.36,1.6,1
7520,Noida,Sector-137 Noida,2,BHK,945.1035592,Owner,1,1,1,47.0,41.0,33.34,53.59,6.0,12.77,1
2874,Mohali,Sector-121 Mohali,3,BHK,2237.970906,Dealer,1,1,1,120.0,113.47,75.15,142.96,6.53,5.44,1
26599,Pune,Bakori,2,BHK,815.1382824,Owner,1,1,1,28.0,40.12,26.71,60.06,12.12,43.29,1
6817,Bangalore,Electronic City,3,BHK,1500.0789519999998,Owner,1,0,1,95.0,77.44,61.89,105.2,17.56,18.48,1
28340,Bangalore,Whitefield,2,BHK,1216.10288,Dealer,1,1,1,87.0,77.78,52.88,96.49,9.22,10.6,1
16370,Bangalore,Hebbal Kempapura,3,BHK,1875.073245,Owner,0,1,1,160.0,130.82,90.46,179.35,29.18,18.24,1
9212,Secunderabad,Sri Balaji Nagar Colony,2,BHK,710.1355712999999,Owner,0,1,1,22.0,24.5,16.91,38.36,2.5,11.36,1
12633,Indore,Pipaliyahana,3,BHK,2575.7130260000004,Dealer,0,1,1,87.6,107.45,84.16,177.42,19.85,22.66,1
11994,Bangalore,EPIP Zone,3,BHK,2090.106828,Dealer,1,1,1,180.0,175.45,116.22,216.87,4.55,2.53,1
28942,Gurgaon,Sector-102 Gurgaon,4,BHK,3010.9812260000003,Dealer,1,1,0,170.0,174.41,160.55,304.14,4.41,2.59,1
12636,Bangalore,Sunkalpalya,2,BHK,1000.0,Owner,0,1,1,70.0,53.03,34.33,69.59,16.97,24.24,0
3728,Kolkata,Lake Town,3,BHK,1504.8469,Owner,0,1,1,97.8,70.45,47.34,106.38,27.35,27.97,1
19294,Gurgaon,Sector-76 Gurgaon,2,BHK,983.2721338,Dealer,1,0,1,24.1,61.77,41.01,88.63,37.67,156.31,0
22902,Kolkata,Maheshtala,2,BHK,712.1057986000001,Owner,0,1,1,35.0,28.23,21.52,39.25,6.77,19.34,1
18260,Jaipur,Sethi Colony,4,BHK,2696.109899,Owner,1,1,1,210.0,138.97,74.02,200.6,71.03,33.82,0
12189,Chennai,Nallambakkam,3,BHK,996.8669895,Owner,1,1,1,35.0,41.43,36.79,59.25,6.43,18.37,0
4502,Thrissur,Amalanagar,3,BHK,1425.081433,Owner,0,1,1,35.0,61.0,44.97,77.18,26.0,74.29,0
17202,Maharashtra,Prabhadevi,4,BHK,2150.023889,Dealer,0,1,1,1350.0,1177.43,256.09,1438.9,172.57,12.78,1
23297,Pune,New Sanghvi,1,BHK,506.0088552,Owner,0,1,1,32.0,33.9,19.98,35.76,1.9,5.94,1
1803,Bangalore,Bommasandra,2,BHK,1345.89502,Owner,0,1,1,40.0,69.23,52.37,94.06,29.23,73.08,0
16462,Mangalore,Matadakani,2,BHK,1268.011527,Dealer,0,1,1,44.0,55.25,38.35,70.32,11.25,25.57,1
25303,Panaji,Caranzalem,3,BHK,1722.158439,Owner,1,1,1,150.0,125.51,64.68,145.59,24.49,16.33,0
7798,Lalitpur,Mira Road,2,BHK,1041.25,Dealer,1,0,1,83.3,79.39,76.03,93.88,3.91,4.69,1
15103,Bangalore,Kamadenu Lay out Konapana Agrahara,3,BHK,1212.252879,Dealer,0,1,1,55.8,63.7,39.73,89.09,7.9,14.16,1
19211,Maharashtra,Panvel,1,BHK,557.1323452,Dealer,1,0,0,53.0,43.12,29.21,79.78,9.88,18.64,1
9044,Kolkata,Maheshtala,2,BHK,712.1525385,Owner,0,1,1,31.0,28.23,21.52,39.25,2.77,8.94,1
8822,Lalitpur,Malad (East),2,BHK,1020.024695,Dealer,0,1,1,190.0,161.54,144.82,179.29,28.46,14.98,0
10942,Lalitpur,Hiranandani Gardens - Powai,2,BHK,1030.888473,Dealer,0,1,1,270.0,221.14,144.82,248.84,48.86,18.1,0
14426,Chennai,Guindy,3,BHK,1500.187523,Builder,1,1,0,120.0,127.15,64.25,158.49,7.15,5.96,1
15375,Patna,Gola Road,3,BHK,1299.929095,Dealer,0,1,1,55.0,50.59,31.6,70.75,4.41,8.02,1
27181,Vadodara,Sayajipura,2,BHK,1295.647824,Owner,0,1,1,25.9,42.28,28.77,42.82,16.38,63.24,0
12090,Vadodara,Sunpharma Road,2,BHK,1224.204267,Dealer,0,1,1,35.0,41.05,28.44,58.13,6.05,17.29,1
11342,Lucknow,Faizabad Road,3,BHK,1169.993118,Owner,0,1,1,85.0,49.59,33.99,72.72,35.41,41.66,0
828,Maharashtra,Dahisar (East),2,BHK,1050.019091,Dealer,0,1,1,110.0,126.24,94.03,125.78,16.24,14.76,1
11885,Chandigarh,Zirakpur,3,BHK,1460.047783,Dealer,0,1,1,55.0,46.97,37.9,62.31,8.03,14.6,1
10339,Goa,Porvorim,2,BHK,1296.036289,Dealer,0,1,1,120.0,62.87,38.49,76.92,57.13,47.61,0
5299,Kanpur,Civil Lines,4,BHK,2380.4989530000003,Dealer,0,0,1,250.0,112.78,61.72,156.5,137.22,54.89,0
2860,Bangalore,Kalena Agrahara,2,BHK,1507.348323,Dealer,0,1,1,120.0,91.43,59.46,130.33,28.57,23.81,1
6968,Lalitpur,Parel,1,BHK,650.0365646,Dealer,0,1,1,80.0,174.44,86.18,197.31,94.44,118.05,0
14209,Vadodara,Vasna-Bhayli-Road,3,BHK,1500.441306,Owner,0,1,1,34.0,38.55,31.53,67.6,4.55,13.38,1
11489,Faridabad,Sector 75 Faridabad,3,BHK,1054.119548,Dealer,1,0,1,26.1,37.06,25.34,37.55,10.96,41.99,1
20946,Faridabad,Sector 89 Faridabad,3,BHK,1046.325879,Dealer,1,0,1,26.2,38.5,26.88,39.8,12.3,46.95,0
28100,Bangalore,Kanakapura,3,BHK,1287.156478,Dealer,0,1,1,45.9,67.81,43.66,95.7,21.91,47.73,1
11877,Chandigarh,Zirakpur,3,BHK,1549.966615,Dealer,1,0,1,69.64,60.72,47.7,68.5,8.92,12.81,0
4145,Noida,Sector-128 Noida,4,BHK,3571.428571,Dealer,1,1,1,260.0,239.58,178.29,429.84,20.42,7.85,1
6508,Pune,Wagholi,2,BHK,1004.823151,Owner,1,1,1,50.0,53.59,44.0,71.5,3.59,7.18,1
9691,Kanpur,Niralanagar Juhi,3,BHK,1666.666667,Owner,0,1,1,65.0,70.88,44.9,92.35,5.88,9.05,1
10281,Jaipur,Ajmer Road,4,BHK,2010.050251,Owner,0,1,1,60.0,77.41,46.78,128.01,17.41,29.02,1
18081,Jamshedpur,Mango,3,BHK,1409.978308,Dealer,0,1,1,78.0,48.21,33.66,61.44,29.79,38.19,0
6207,Lalitpur,Kolshet Road,1,BHK,679.0363318,Dealer,1,0,0,69.9,62.2,27.33,90.35,7.7,11.02,1
15518,Bangalore,Yelahanka,3,BHK,2072.896873,Dealer,0,1,1,120.0,169.39,110.19,262.66,49.39,41.16,1
15793,Lalitpur,Sector-19 Taloja,1,BHK,665.0281914,Dealer,1,1,1,46.0,59.64,33.72,70.42,13.64,29.65,1
16200,Chandigarh,Zirakpur,3,BHK,1200.0,Dealer,0,1,1,39.9,36.24,27.9,61.61,3.66,9.17,1
2074,Vadodara,Subhanpura,4,BHK,2000.0,Dealer,0,1,1,50.0,75.27,43.07,154.8,25.27,50.54,1
8919,Bangalore,Thubarahalli,2,BHK,1225.02827,Owner,0,1,1,65.0,70.47,49.0,89.5,5.47,8.42,1
8204,Lalitpur,Sector-35D Kharghar,3,BHK,1622.247972,Dealer,0,1,1,140.0,167.77,74.8,225.49,27.77,19.84,1
15782,Bangalore,7th Phase JP Nagar,3,BHK,2560.106857,Dealer,0,1,1,230.0,172.78,107.75,332.31,57.22,24.88,1
27419,Indore,Baikunthdham Colony,3,BHK,1750.150875,Dealer,0,1,1,58.0,64.85,43.72,97.49,6.85,11.81,1
21416,Mumbai,Kandivali (West),1,BHK,414.3016945,Dealer,0,1,1,100.0,81.6,63.45,106.84,18.4,18.4,1
11587,Pune,Pimple Saudagar,2,BHK,860.0377002999999,Dealer,0,1,1,73.0,58.46,42.1,70.5,14.54,19.92,0
23022,Kannur,Payyambalam,3,BHK,1950.268162,Dealer,0,1,1,80.0,117.23,65.25,173.55,37.23,46.54,1
22401,Noida,Sector-74 Noida,4,BHK,2296.819788,Owner,1,1,1,130.0,117.27,84.77,181.94,12.73,9.79,1
6258,Goa,Taleigao,2,BHK,1177.971925,Dealer,0,1,1,120.0,74.32,39.37,94.89,45.68,38.07,0
13669,Pune,Pashan,2,BHK,1149.908849,Dealer,1,0,1,82.0,87.91,67.43,100.17,5.91,7.21,1
6793,Noida,Sector-62 Noida,3,BHK,1738.016831,Owner,0,1,1,95.0,103.31,73.66,122.38,8.31,8.75,1
10963,Noida,Sector-150 Noida,4,BHK,1854.240568,Dealer,1,0,0,230.0,94.4,74.97,143.19,135.6,58.96,0
2978,Guwahati,Christian Basti,2,BHK,1062.146893,Dealer,0,1,1,47.0,36.98,33.31,64.38,10.02,21.32,1
27227,Patna,Anisabad,3,BHK,1300.052002,Owner,0,1,1,50.0,52.0,31.77,73.22,2.0,4.0,1
13128,Lalitpur,Thane West,1,BHK,330.0043422,Dealer,1,0,1,76.0,48.26,47.35,84.26,27.74,36.5,1
22954,Noida,Sector-53 Noida,1,BHK,650.1182033,Dealer,0,1,1,16.5,36.92,17.23,40.59,20.42,123.76,0
4825,Noida,Sector-78 Noida,3,BHK,1320.132013,Dealer,1,1,1,64.0,61.8,45.98,82.53,2.2,3.44,1
14902,Bangalore,Bhoganhalli,2,BHK,1218.026797,Dealer,0,1,1,110.0,76.6,48.14,97.57,33.4,30.36,0
8536,Kolkata,Prince Park,3,BHK,1250.0,Dealer,0,1,1,67.0,64.28,40.42,98.63,2.72,4.06,1
7141,Gadhinglaj,Gandhinagar,2,BHK,880.0603470000001,Owner,0,1,1,35.0,25.1,20.39,42.33,9.9,28.29,1
1100,Pune,Punawale,1,BHK,708.7378641,Dealer,1,0,1,36.5,34.46,33.22,46.53,2.04,5.59,1
29285,Lalitpur,Pokhran-2,1,BHK,560.0,Dealer,1,0,1,77.0,56.04,26.91,79.69,20.96,27.22,1
20469,Lalitpur,Lokhandwala Kandivali East,1,BHK,450.0,Dealer,0,1,1,72.0,83.78,72.58,110.47,11.78,16.36,0
4314,Mumbai,Malad (East),3,BHK,1648.386483,Dealer,1,1,1,260.0,244.7,198.47,352.48,15.3,5.88,1
12421,Dehradun,Niranjanpur,3,BHK,1794.258373,Dealer,0,1,1,75.0,74.86,45.22,96.32,0.14,0.19,1
10682,Vadodara,Sevasi,3,BHK,2050.708427,Dealer,0,1,1,55.0,65.48,45.96,159.04,10.48,19.05,1
7155,Aurangabad,Golwadi,2,BHK,593.4718101,Builder,0,0,0,30.0,19.65,12.98,33.12,10.35,34.5,1
11376,Faridabad,Sector 86 Faridabad,2,BHK,850.1177086000001,Dealer,0,1,1,32.5,22.59,19.89,34.05,9.91,30.49,1
13647,Aurangabad,Ramgopal Nagar,2,BHK,515.58753,Builder,1,1,0,21.5,16.67,14.25,27.86,4.83,22.47,1
24198,Jamshedpur,Adityapur,3,BHK,1498.229365,Dealer,0,1,1,55.0,51.26,34.48,72.1,3.74,6.8,1
3128,Mangalore,Bejai,2,BHK,945.0549451,Owner,1,0,1,43.0,43.72,27.69,52.38,0.72,1.67,1
26721,Meerut,Garh Road,3,BHK,1540.332388,Dealer,0,1,1,38.0,53.7,35.02,76.24,15.7,41.32,1
11728,Lalitpur,Kasar vadavali,1,BHK,800.0,Dealer,0,1,1,55.0,98.17,31.56,118.4,43.17,78.49,1
19544,Mumbai,Subhash Nagar,4,BHK,2156.876842,Dealer,1,0,1,300.0,412.59,103.21,455.42,112.59,37.53,1
8541,Goa,Dona Paula,3,BHK,2368.157391,Dealer,0,1,1,260.0,188.2,94.12,254.65,71.8,27.62,0
10525,Bareilly,Kargaina,3,BHK,1059.73025,Dealer,1,1,0,27.5,32.37,21.46,53.68,4.87,17.71,1
5488,Bangalore,Yemlur,3,BHK,1355.01355,Dealer,0,1,1,140.0,85.22,53.62,122.19,54.78,39.13,0
1416,Bhubaneswar,Atala,3,BHK,1375.404531,Owner,0,1,1,42.5,60.4,42.14,73.25,17.9,42.12,1
21233,Faridabad,Sector 84 Faridabad,2,BHK,1300.029214,Dealer,0,1,1,44.5,45.54,36.33,49.94,1.04,2.34,1
19022,Lalitpur,Santacruz (West),4,BHK,3520.048975,Dealer,0,1,1,2300.0,1464.41,341.08,1654.39,835.59,36.33,0
16257,Mumbai,Dombivli (East),3,BHK,1176.1411369999998,Dealer,0,1,1,84.0,78.38,69.2,143.94,5.62,6.69,1
1198,Bangalore,Kalena Agrahara,2,BHK,847.0225872999999,Owner,0,1,1,33.0,36.48,23.01,48.3,3.48,10.55,1
3869,Chennai,West Tambaram,2,BHK,817.3207037000001,Builder,0,1,0,30.2,33.43,25.24,49.32,3.23,10.7,1
20498,Aurangabad,Harsul,1,BHK,600.0857265,Builder,1,1,0,14.0,20.04,12.06,26.75,6.04,43.14,1
27619,Kolkata,Motilal Gupta Road,2,BHK,942.2266303,Owner,0,1,1,38.0,48.72,26.13,49.08,10.72,28.21,1
27755,Mohali,Sector-66A Mohali,3,BHK,2490.421456,Dealer,1,1,1,130.0,122.57,86.87,143.35,7.43,5.72,1
29062,Noida,Sector-74 Noida,2,BHK,1250.0,Owner,1,1,1,55.0,69.44,52.27,74.15,14.44,26.25,1
21145,Gurgaon,Sector-86 Gurgaon,3,BHK,1756.183228,Dealer,0,1,1,120.0,102.2,77.09,141.76,17.8,14.83,1
17309,Lalitpur,Koperkhairane,2,BHK,1207.632236,Dealer,1,1,1,150.0,133.23,58.76,200.7,16.77,11.18,1
23937,Maharashtra,Mira Road,2,BHK,1000.0,Dealer,0,1,1,80.0,91.06,70.43,117.5,11.06,13.82,1
18155,Chandigarh,Zirakpur,2,BHK,1275.28584,Dealer,1,0,1,43.5,46.75,39.92,53.06,3.25,7.47,1
21709,Pune,Kaspate Vasti,2,BHK,1170.091324,Dealer,0,1,1,82.0,83.89,61.16,110.97,1.89,2.3,1
18038,Mumbai,Sector-18 Ulwe,1,BHK,745.0555405,Dealer,0,0,1,55.0,53.67,42.89,94.0,1.33,2.42,1
15694,Ghaziabad,Sector-5 Vaishali,3,BHK,1750.0475559999998,Owner,0,1,1,92.0,92.71,56.31,129.03,0.71,0.77,1
21543,Bangalore,Nagarbhavi,3,BHK,1319.565217,Dealer,1,1,1,60.7,82.3,56.52,115.65,21.6,35.58,1
9756,Pune,Hinjewadi,2,BHK,710.0031556,Dealer,1,1,0,45.0,50.77,39.52,68.87,5.77,12.82,1
14356,Lalitpur,Sector 34 Kamothe,2,BHK,1065.189604,Dealer,1,1,1,100.0,103.51,56.32,150.12,3.51,3.51,1
12419,Ghaziabad,Sahibabad,3,BHK,1700.037779,Owner,0,1,1,90.0,80.32,56.2,110.12,9.68,10.76,1
7785,Mumbai,Goregaon (East),2,BHK,1372.315036,Dealer,0,1,1,230.0,250.19,171.59,337.87,20.19,8.78,1
21497,Vadodara,Tarsali,2,BHK,915.2161707,Builder,1,0,0,16.3,22.56,20.78,29.19,6.26,38.4,0
16233,Bangalore,Akshayanagara West,2,BHK,1410.002203,Owner,0,1,1,64.0,81.3,57.16,114.78,17.3,27.03,1
10901,Mumbai,Chembur,1,BHK,423.990397,Dealer,1,0,0,98.9,105.11,71.66,123.68,6.21,6.28,1
2823,Mumbai,Dina Bama Estate,1,BHK,602.6406618,Dealer,0,1,1,110.0,50.51,20.62,101.28,59.49,54.08,0
25166,Gurgaon,Sector-104 Gurgaon,2,BHK,1476.232654,Dealer,1,1,1,100.0,91.3,68.74,118.03,8.7,8.7,1
13313,Visakhapatnam,Sriharipuram,2,BHK,1100.110011,Owner,0,1,1,40.0,37.93,28.52,52.51,2.07,5.18,1
1599,Jaipur,Bani Park,3,BHK,1934.576152,Dealer,0,1,1,110.0,86.46,51.56,113.19,23.54,21.4,1
1936,Bahadurgarh,Sector-3 Bahadurgarh,3,BHK,1150.146382,Owner,0,1,1,55.0,48.99,38.13,66.82,6.01,10.93,1
27288,Chennai,Nanmangalam,2,BHK,766.0828286000001,Dealer,0,1,1,46.8,44.46,31.74,59.4,2.34,5.0,1
10401,Bangalore,8th Block Jayanagar,3,BHK,2248.201439,Dealer,0,1,1,250.0,198.62,115.76,265.04,51.38,20.55,1
15540,Lalitpur,Roadpali,2,BHK,1070.099256,Dealer,0,1,1,69.0,107.45,55.82,163.6,38.45,55.72,1
28347,Faridabad,Sector 88 Faridabad,3,BHK,745.1403888,Dealer,1,1,1,34.5,27.14,23.33,40.28,7.36,21.33,1
17285,Coimbatore,Saibaba Colony,2,BHK,1240.0,Dealer,0,1,1,62.0,42.86,31.12,72.73,19.14,30.87,1
252,Ghaziabad,Crossing Republik,3,BHK,1699.716714,Dealer,1,1,1,48.0,67.47,52.54,113.59,19.47,40.56,0
24713,Noida,Sector-143B Noida,2,BHK,1233.737102,Owner,0,1,1,55.0,65.32,45.43,76.35,10.32,18.76,1
22440,Kolkata,New Ballygunge,2,BHK,778.0013414,Dealer,0,1,1,58.0,50.23,22.18,48.6,7.77,13.4,0
25133,Gandhinagar,Gift City,2,BHK,1090.023083,Owner,1,0,1,85.0,25.94,25.67,47.14,59.06,69.48,0
12538,Bangalore,Jakkur,3,BHK,1843.204719,Dealer,1,0,1,150.0,147.77,99.44,184.76,2.23,1.49,1
9862,Vadodara,Diwalipura,1,BHK,387.4856487,Owner,0,1,1,27.0,8.88,8.18,19.49,18.12,67.11,0
10068,Maharashtra,Shilphata,3,BHK,1178.9749470000002,Dealer,1,0,1,72.0,127.88,68.68,170.51,55.88,77.61,1
14702,Chennai,Manivakkam,1,BHK,580.0464037,Dealer,0,1,1,22.5,24.8,20.9,35.6,2.3,10.22,1
11858,Lalitpur,Bhadra Nagar,2,BHK,503.3432392,Dealer,1,0,0,54.2,78.04,42.85,131.1,23.84,43.99,1
14431,Vadodara,Vasna,3,BHK,1549.732319,Owner,0,1,1,55.0,58.61,37.76,80.35,3.61,6.56,1
18819,Thrissur,Punkunnam,3,BHK,1799.703578,Dealer,0,1,1,85.0,91.25,59.87,129.66,6.25,7.35,1
11478,Pune,Hadapsar,3,BHK,1835.102897,Dealer,1,1,1,140.0,146.48,97.29,198.38,6.48,4.63,1
4856,Bangalore,Varthur,3,BHK,2127.659574,Owner,0,1,1,160.0,154.64,92.72,228.24,5.36,3.35,1
8711,Mohali,Sector-117 Mohali,3,BHK,1643.911953,Owner,0,1,1,59.0,57.36,43.38,100.08,1.64,2.78,1
20492,Lalitpur,Sector-35G Kharghar,2,BHK,990.0990099,Dealer,0,1,1,85.0,107.9,51.5,169.72,22.9,26.94,1
15361,Bangalore,K G Colony,2,BHK,1050.06105,Owner,0,1,1,43.0,56.66,37.38,73.16,13.66,31.77,1
6598,Faridabad,Sector 75 Faridabad,4,BHK,2700.4570000000003,Dealer,0,1,1,65.0,103.88,83.75,172.79,38.88,59.82,0
26018,Pune,Hinjewadi Phase 1,2,BHK,1260.169086,Dealer,0,1,1,79.0,80.13,64.5,113.27,1.13,1.43,1
4384,Vadodara,Tandalja,2,BHK,750.1172058,Owner,1,0,1,32.0,23.52,16.71,35.55,8.48,26.5,1
19498,Mohali,Kharar,2,BHK,1100.352113,Owner,0,1,1,25.0,30.61,20.52,54.84,5.61,22.44,1
28398,Noida,Sector-76 Noida,4,BHK,2373.5621690000003,Owner,1,0,1,130.0,136.85,85.45,185.54,6.85,5.27,1
5107,Aurangabad,Usmanpura,3,BHK,1250.0,Dealer,0,1,1,70.0,44.44,29.59,73.77,25.56,36.51,1
25411,Lalitpur,Khar West,4,BHK,1650.015412,Dealer,1,1,1,910.0,790.64,220.91,796.9,119.36,13.12,0
12379,Lalitpur,Mulund (West),2,BHK,977.1759615,Dealer,1,0,1,140.0,151.82,114.65,184.47,11.82,8.44,1
25618,Kolkata,Action Area III,3,BHK,1522.248244,Dealer,0,1,1,78.0,92.21,55.02,142.01,14.21,18.22,1
6399,Kolkata,Sector III - Salt Lake,2,BHK,700.0424267999999,Owner,0,1,1,33.0,33.93,16.24,70.22,0.93,2.82,1
21512,Chennai,Perumbakkam,2,BHK,990.0990099,Owner,0,1,1,58.0,47.53,35.08,65.97,10.47,18.05,1
4630,Jamshedpur,Mango,2,BHK,1039.91949,Owner,0,1,1,31.0,31.63,21.19,45.94,0.63,2.03,1
16259,Maharashtra,Sector-35G Kharghar,2,BHK,1087.077094,Dealer,0,1,1,98.0,150.09,69.04,249.58,52.09,53.15,1
8251,Pune,Punawale,3,BHK,1194.872909,Dealer,0,0,1,55.0,75.38,64.14,104.61,20.38,37.05,0
2785,Noida,Sector-100 Noida,2,BHK,1414.177126,Dealer,1,1,1,80.0,78.21,57.26,88.86,1.79,2.24,1
24822,Kolkata,New Town,3,BHK,2095.118374,Dealer,0,1,1,100.0,124.26,91.22,217.66,24.26,24.26,1
16154,Mumbai,Bhayandarpada,1,BHK,675.0465548999999,Dealer,1,1,1,58.0,42.08,24.95,84.64,15.92,27.45,1
9645,Kolkata,Action Area 1C,2,BHK,1100.0,Dealer,0,1,1,42.9,53.55,36.69,73.15,10.65,24.83,1
769,Bangalore,Thanisandra,2,BHK,626.2135922,Dealer,1,0,0,64.5,44.83,29.92,62.12,19.67,30.5,0
25273,Jaipur,Nirman Nagar,3,BHK,1380.330293,Owner,0,1,1,56.0,57.93,37.86,83.75,1.93,3.45,1
16758,Bangalore,Yelahanka,3,BHK,1075.0,Owner,0,1,1,43.0,55.31,36.72,76.5,12.31,28.63,1
4547,Noida,Sector-143 Noida,2,BHK,1040.240898,Dealer,1,1,1,38.0,41.44,33.97,59.3,3.44,9.05,1
18582,Lalitpur,Hiranandani Estate,2,BHK,1064.908722,Dealer,1,0,1,84.0,117.36,97.44,148.75,33.36,39.71,0
12124,Ghaziabad,Ahinsa Khand 2,2,BHK,1298.701299,Dealer,0,1,1,52.0,59.3,40.69,82.79,7.3,14.04,1
14765,Dehradun,Jakhan,3,BHK,1850.507983,Owner,0,1,1,51.0,70.44,47.84,95.75,19.44,38.12,1
12337,Bangalore,Hebbal,3,BHK,2828.2828280000003,Dealer,1,0,1,280.0,293.94,169.55,405.91,13.94,4.98,1
14963,Mumbai,kavesar,1,BHK,462.7862595,Dealer,1,0,0,87.3,48.54,22.15,86.68,38.76,44.4,0
20658,Lalitpur,Kanjur Marg (East),3,BHK,926.0331057,Dealer,0,1,1,240.0,170.1,60.04,275.44,69.9,29.12,1
18783,Kolkata,Ankurhati,3,BHK,842.2664625,Dealer,0,0,1,22.0,32.51,22.39,59.79,10.51,47.77,0
21975,Bangalore,KR Puram,2,BHK,1107.01107,Dealer,0,1,1,48.0,58.24,40.49,83.0,10.24,21.33,1
1750,Lalitpur,Ghodbunder Road,3,BHK,870.0466661,Dealer,1,1,1,110.0,159.85,56.88,262.33,49.85,45.32,1
18942,Amritsar,Golden Avenue,2,BHK,1200.0,Owner,0,1,1,42.0,41.35,26.03,52.48,0.65,1.55,1
25688,Kolkata,Barrackpore,2,BHK,796.0808327999999,Owner,0,1,1,26.0,24.45,19.21,38.32,1.55,5.96,1
13233,Jamshedpur,Mango,2,BHK,865.7175837000001,Builder,1,0,0,22.5,18.06,16.79,29.9,4.44,19.73,1
13986,Pune,Meera Nagar,2,BHK,1149.3152,Dealer,0,1,1,120.0,96.79,36.13,123.56,23.21,19.34,1
25245,Noida,Sector-144 Noida,2,BHK,1024.0,Dealer,1,0,1,51.2,40.66,33.23,59.3,10.54,20.59,1
27213,Bilaspur,Tifra,2,BHK,839.7171479,Owner,0,1,1,28.5,25.03,16.68,34.82,3.47,12.18,1
13734,Noida,Sector-168 Noida,2,BHK,830.0567934,Owner,0,1,1,38.0,33.99,28.21,49.64,4.01,10.55,1
8708,Ghaziabad,Sector-3 Vaishali,2,BHK,1250.0,Dealer,0,1,1,77.0,63.75,37.09,81.73,13.25,17.21,1
18418,Bangalore,Electronics City Phase 1,3,BHK,1300.264869,Owner,1,1,1,54.0,63.88,46.08,81.73,9.88,18.3,1
8061,Neemrana,NH-8,2,BHK,964.8370497000002,Owner,1,1,1,22.5,34.34,23.63,51.34,11.84,52.62,0
25283,Lalitpur,Sector-35E Kharghar,1,BHK,620.0296536000001,Dealer,0,1,1,46.0,56.36,25.68,89.72,10.36,22.52,1
20371,Bhopal,Banjari,2,BHK,550.1076297999999,Owner,0,1,1,23.0,16.71,12.47,27.75,6.29,27.35,1
16605,Nagpur,Chinchbhavan,3,BHK,1399.688958,Owner,1,1,1,45.0,60.28,42.8,81.87,15.28,33.96,1
18285,Kolkata,Madhyamgram,3,BHK,1045.296167,Dealer,0,1,1,36.0,41.6,28.39,53.93,5.6,15.56,1
15799,Palghar,Mahim,1,BHK,567.2131147999999,Dealer,1,1,1,17.3,10.84,12.3,39.8,6.46,37.34,1
8985,Mumbai,Majiwada,3,BHK,990.8218607,Dealer,1,1,1,190.0,139.28,97.1,178.37,50.72,26.69,0
584,Coimbatore,K K Pudur,2,BHK,823.0452675,Owner,0,1,1,34.0,30.79,23.5,41.06,3.21,9.44,1
20004,Chennai,Hastinapuram,3,BHK,1130.125928,Owner,0,1,1,70.0,58.78,42.93,71.72,11.22,16.03,1
21087,Varanasi,Mahamanapuri Colony,2,BHK,1075.011945,Owner,0,0,1,45.0,39.2,24.34,56.93,5.8,12.89,1
8146,Noida,Sector-44 Noida,2,BHK,1160.092807,Owner,0,1,1,80.0,62.17,47.1,92.75,17.83,22.29,1
17620,Ghaziabad,Raj Nagar Extension,2,BHK,1115.184846,Dealer,1,1,1,36.5,36.87,30.24,45.73,0.37,1.01,1
10226,Bangalore,Rustam Bagh Layout,2,BHK,1300.178775,Owner,0,1,1,80.0,76.65,49.33,99.74,3.35,4.19,1
7801,Bangalore,HSR Layout,3,BHK,1689.5969100000002,Dealer,0,1,1,140.0,112.22,77.41,153.04,27.78,19.84,1
3406,Lalitpur,Hiranandani Estate,3,BHK,889.3632159,Dealer,1,1,1,150.0,167.06,115.31,232.35,17.06,11.37,1
24494,Mohali,Sector-121 Mohali,3,BHK,2400.0,Dealer,1,1,1,120.0,126.9,83.08,147.31,6.9,5.75,1
24554,Chennai,Medavakkam,2,BHK,900.0,Dealer,0,1,1,42.3,54.41,35.14,59.41,12.11,28.63,1
19974,Agra,Fatehabad Road,3,BHK,2012.072435,Owner,0,1,1,50.0,76.79,50.84,129.84,26.79,53.58,0
15625,Jaipur,Ajmer Road,3,BHK,1429.796969,Owner,0,1,1,50.0,47.07,31.06,64.36,2.93,5.86,1
14840,Bhopal,Katara Hills,2,BHK,813.0081301,Dealer,1,1,1,16.0,21.68,15.81,41.33,5.68,35.5,1
4328,Ghaziabad,Kaushambi,3,BHK,1649.917504,Owner,0,1,1,110.0,82.58,52.36,115.94,27.42,24.93,1
9395,Bhopal,Choubdarpura Talliya,2,BHK,940.2283412,Owner,0,1,1,28.0,28.52,18.07,42.74,0.52,1.86,1
9641,Bangalore,Whitefield,3,BHK,1595.320394,Dealer,1,0,1,120.0,102.44,73.48,135.91,17.56,14.63,1
12475,Lalitpur,Hedutane,2,BHK,434.9876223,Dealer,1,0,1,36.9,87.59,40.47,132.91,50.69,137.37,0
27915,Kolkata,Ballygunge,3,BHK,1816.035594,Dealer,0,1,1,200.0,160.07,77.41,198.47,39.93,19.96,0
4905,Kolkata,Bhawanipore,3,BHK,1263.1578949999998,Dealer,0,0,1,120.0,63.72,39.79,104.79,56.28,46.9,0
10323,Lalitpur,Kolshet,2,BHK,1024.9051960000002,Dealer,0,1,1,100.0,107.25,52.83,160.63,7.25,7.25,1
13746,Lalitpur,Kharghar,2,BHK,1184.990125,Dealer,0,1,1,90.0,117.32,61.51,172.33,27.32,30.36,1
22295,Maharashtra,Manpada,3,BHK,1346.348031,Dealer,1,1,1,160.0,182.59,134.6,216.31,22.59,14.12,1
9825,Pune,Ravet,2,BHK,900.090009,Dealer,1,1,1,50.0,49.38,40.29,70.7,0.62,1.24,1
14026,Lalitpur,Chembur (East),3,BHK,1600.0,Dealer,0,1,1,480.0,314.41,215.51,420.44,165.59,34.5,0
29434,Bangalore,Hulimavu,2,BHK,1195.028681,Owner,0,1,1,50.0,60.26,44.4,78.14,10.26,20.52,1
10271,Bangalore,Arehalli,3,BHK,1124.054772,Owner,0,1,1,55.0,49.97,37.97,70.31,5.03,9.15,1
16107,Lalitpur,Ghodbunder Road,3,BHK,950.0777336,Dealer,1,1,1,110.0,179.71,59.55,275.06,69.71,63.37,1
25802,Jaipur,Mansarovar,3,BHK,1299.69419,Dealer,0,1,1,34.0,38.23,29.17,57.41,4.23,12.44,1
17324,Jalandhar,Pholriwal,3,BHK,1880.288311,Dealer,1,1,1,60.0,72.95,48.39,145.01,12.95,21.58,1
10520,Maharashtra,Hiranandani Estate,3,BHK,1611.495333,Dealer,0,1,1,240.0,205.11,132.72,260.63,34.89,14.54,1
1098,Pune,Kothrud,1,BHK,537.0462456,Dealer,0,1,1,54.0,51.51,29.65,57.87,2.49,4.61,1
6042,Mumbai,Wadala East,1,BHK,585.0234009,Dealer,0,1,1,120.0,110.04,75.68,122.56,9.96,8.3,1
16973,Faridabad,Sector 81 Faridabad,3,BHK,1238.041643,Dealer,0,1,1,66.0,43.74,34.58,61.37,22.26,33.73,0
7756,Mumbai,Dombivli (East),1,BHK,688.0240808,Dealer,1,0,1,32.0,42.28,34.67,82.65,10.28,32.12,0
8194,Faridabad,Sector 85 Faridabad,2,BHK,505.9065228999999,Dealer,1,0,1,19.7,17.87,19.51,24.46,1.83,9.29,1
9537,Noida,Sector-62 Noida,2,BHK,980.0427655,Dealer,0,1,1,55.0,48.07,27.48,57.31,6.93,12.6,1
12170,Pune,Honda showroom near,1,BHK,550.0982318,Owner,0,1,1,28.0,31.87,17.77,43.08,3.87,13.82,1
9021,Lalitpur,Goregaon (East),3,BHK,1611.8633140000002,Dealer,1,1,1,300.0,304.45,213.09,392.27,4.45,1.48,1
21820,Pune,Senapati Bapat Road,3,BHK,1413.486322,Dealer,0,1,1,170.0,110.17,70.58,153.12,59.83,35.19,0
12263,Chennai,Kotturpuram,4,BHK,2663.760746,Dealer,0,1,1,440.0,278.08,130.26,482.13,161.92,36.8,1
1340,Noida,Sector-79 Noida,3,BHK,2137.513359,Owner,0,1,1,120.0,137.96,82.66,195.16,17.96,14.97,1
14527,Kochi,Kakkanad,3,BHK,1720.324404,Dealer,0,1,1,70.0,94.27,67.63,132.84,24.27,34.67,1
17550,Nagpur,Ashirwad Nagar,2,BHK,950.0542888,Owner,0,1,1,35.0,35.71,25.5,50.39,0.71,2.03,1
15305,Jaipur,Adarsh Nagar,3,BHK,1459.918598,Dealer,0,0,1,82.5,48.29,33.07,73.82,34.21,41.47,0
19151,Lalitpur,Motilal Nagar II,3,BHK,900.0047368999999,Dealer,0,1,1,190.0,237.54,57.37,323.17,47.54,25.02,1
19037,Bangalore,Hennur Gardens,2,BHK,1103.14396,Owner,0,1,1,60.0,61.2,40.58,76.01,1.2,2.0,1
1255,Jamshedpur,Beldih charch school,4,BHK,194.5945946,Dealer,0,1,1,180.0,66.73,10.36,53.65,113.27,62.93,0
10074,Bangalore,Rajaji Nagar,3,BHK,2333.333333,Dealer,1,1,0,350.0,297.0,127.7,300.71,53.0,15.14,0
22248,Kolkata,Action Area 1D,5,BHK,2364.926323,Dealer,0,1,1,130.0,120.52,98.18,276.32,9.48,7.29,1
20163,Moradabad,Sector 4 New Moradabad,2,BHK,835.0730689,Owner,0,1,1,28.0,24.46,17.21,37.12,3.54,12.64,1
17030,Mumbai,Sector-13 Nerul,3,BHK,1692.047377,Dealer,1,0,1,210.0,272.57,77.33,379.48,62.57,29.8,1
19894,Bangalore,Poorna Pragna Layout,3,BHK,1400.0,Dealer,0,1,1,78.4,86.02,57.05,122.19,7.62,9.72,1
15767,Bangalore,Kammasandra,1,BHK,540.1755571,Owner,0,1,1,16.0,21.08,14.71,34.98,5.08,31.75,1
12503,Sindhudurg,Kankavli,1,BHK,600.0648719,Owner,0,1,1,18.5,32.4,14.73,30.95,13.9,75.14,1
19831,Lalitpur,Lokhandwala Kandivali East,1,BHK,609.97815,Dealer,0,1,1,67.0,86.08,76.49,104.74,19.08,28.48,0
13081,Allahabad,Ashok Nagar,2,BHK,600.0,Owner,0,1,1,45.0,35.41,12.7,34.6,9.59,21.31,0
13830,Chandigarh,Zirakpur,4,BHK,2170.186716,Dealer,1,0,1,70.9,82.51,72.72,117.07,11.61,16.38,0
19015,Chennai,Tiruneermalai,3,BHK,1431.01571,Owner,0,1,1,92.0,74.3,58.74,111.46,17.7,19.24,1
24373,Maharashtra,Waghbil,3,BHK,1482.799526,Dealer,0,1,1,150.0,266.63,125.07,729.8,116.63,77.75,1
4725,Gwalior,Vinay Nagar,3,BHK,1450.326323,Owner,0,1,1,40.0,53.18,36.02,72.46,13.18,32.95,1
18093,Bangalore,Yelahanka,3,BHK,1749.908859,Dealer,1,0,1,96.0,124.41,85.19,175.85,28.41,29.59,1
12380,Chennai,Sholinganallur,2,BHK,956.0550151,Dealer,0,1,1,57.0,49.28,35.41,67.76,7.72,13.54,1
21693,Bangalore,Varthur,2,BHK,1320.007543,Dealer,0,1,1,140.0,81.91,56.1,109.26,58.09,41.49,0
13512,Bangalore,Doddakallasandra,2,BHK,1016.330451,Dealer,1,0,1,52.9,65.19,42.24,73.54,12.29,23.23,1
8286,Bangalore,Electronics City Phase 1,2,BHK,920.0,Owner,0,1,1,46.0,40.7,30.1,54.61,5.3,11.52,1
9948,Maharashtra,Manpada,2,BHK,986.6798224,Dealer,1,1,1,160.0,115.46,88.92,146.68,44.54,27.84,0
12004,Chandigarh,Sector-47 Chandigarh,4,BHK,200.0,Owner,0,1,1,40.0,33.8,15.2,48.27,6.2,15.5,1
4067,Faridabad,Sector 86 Faridabad,2,BHK,1203.208556,Dealer,1,1,1,45.0,45.03,35.39,48.55,0.03,0.07,1
17508,Surat,Palanpur,1,BHK,760.8366172,Dealer,1,0,1,25.1,20.77,17.52,39.44,4.33,17.25,1
15072,Vadodara,Waghodia,2,BHK,880.5031447,Owner,0,1,1,14.0,28.21,18.37,31.5,14.21,101.5,0
4452,Bangalore,AMS Layout,1,BHK,520.0367085,Owner,0,1,1,17.0,27.65,15.59,40.88,10.65,62.65,1
3619,Maharashtra,Manpada,4,BHK,2300.172513,Dealer,1,0,1,240.0,392.63,221.37,555.03,152.63,63.6,1
17254,Kochi,Kathrikadavu,3,BHK,1725.0530789999998,Dealer,0,1,1,130.0,93.11,67.63,132.84,36.89,28.38,1
8353,Kolkata,Bansdroni,2,BHK,933.6465062,Dealer,0,1,1,31.8,48.21,26.59,50.76,16.41,51.6,1
25123,Nagpur,Motibagh,2,BHK,699.790063,Owner,1,1,1,20.0,29.49,18.71,45.26,9.49,47.45,1
25916,Lalitpur,Mahavir Nagar,3,BHK,1498.033831,Dealer,1,1,1,240.0,179.15,78.25,306.18,60.85,25.35,1
2514,Navsari,Lunsikui,1,BHK,700.1321004,Owner,0,1,1,15.9,18.07,10.03,36.12,2.17,13.65,1
25356,Faridabad,Sector 84 Faridabad,4,BHK,1550.169109,Dealer,1,1,1,55.0,79.58,42.27,74.89,24.58,44.69,1
24666,Lalitpur,Kharghar,2,BHK,1150.0261369999998,Dealer,0,1,1,110.0,112.39,61.51,170.41,2.39,2.17,1
3993,Gurgaon,Sector-65 Gurgaon,3,BHK,2979.145978,Dealer,0,1,1,300.0,320.84,184.17,384.55,20.84,6.95,1
8829,Mohali,Sunny Enclave,3,BHK,1800.25718,Dealer,0,1,1,42.0,64.09,44.55,85.21,22.09,52.6,0
11601,Bangalore,Vishwanatha Nagenahalli,2,BHK,1150.133498,Owner,0,1,1,56.0,70.44,45.09,86.27,14.44,25.79,1
11294,Noida,Sector-143 Noida,3,BHK,1621.176471,Dealer,1,1,1,68.9,77.27,64.62,103.82,8.37,12.15,1
8576,Chandigarh,Zirakpur,3,BHK,2250.512145,Dealer,1,0,1,76.9,90.18,71.66,121.49,13.28,17.27,1
9134,Mumbai,Sahar Road,2,BHK,750.0163047,Dealer,0,1,1,230.0,90.36,38.98,134.6,139.64,60.71,0
11935,Agra,Harish Nagar,3,BHK,1250.0,Dealer,0,1,1,34.0,36.56,25.49,42.69,2.56,7.53,1
14812,Jaipur,C-Scheme,3,BHK,2419.5499640000003,Dealer,0,1,1,200.0,135.69,74.54,206.79,64.31,32.16,1
24846,Maharashtra,Dahisar (East),2,BHK,1013.077915,Dealer,0,1,1,110.0,126.24,94.03,125.78,16.24,14.76,1
25687,Maharashtra,Sector-9 Ulwe,2,BHK,1065.088757,Dealer,0,1,1,90.0,100.07,76.07,141.43,10.07,11.19,1
14878,Bangalore,Neeladri Nagar,3,BHK,1500.115393,Owner,0,1,1,65.0,85.51,59.84,120.93,20.51,31.55,1
23142,Jalandhar,Urban Estate Phase II,4,BHK,2049.446975,Dealer,0,1,1,63.0,58.42,53.59,174.02,4.58,7.27,1
5154,Sonipat,Kundli,4,BHK,2194.940476,Dealer,0,1,1,59.0,84.64,51.25,134.74,25.64,43.46,1
4636,Bangalore,5th Phase JP Nagar,3,BHK,1400.041178,Owner,0,1,1,68.0,75.61,56.34,100.12,7.61,11.19,1
8090,Bangalore,Kodigehaali,2,BHK,1027.059056,Owner,0,1,1,52.0,53.31,37.38,72.84,1.31,2.52,1
10267,Pune,Swaraj Nagari,1,BHK,625.0,Owner,0,1,1,26.5,27.84,21.32,40.26,1.34,5.06,1
13148,Bangalore,Kengeri,2,BHK,892.3076923,Builder,1,0,0,34.8,46.39,31.26,61.96,11.59,33.3,1
13985,Mumbai,Tilak Nagar,2,BHK,1101.726037,Dealer,1,0,1,150.0,162.57,143.32,249.82,12.57,8.38,1
5453,Sonipat,Kundli,3,BHK,1843.071786,Dealer,0,1,1,55.2,60.28,42.88,95.42,5.08,9.2,1
11244,Maharashtra,Malad (West),2,BHK,1027.657388,Dealer,0,1,1,230.0,158.55,136.3,196.15,71.45,31.07,0
24431,Maharashtra,Chembur (East),3,BHK,1468.109401,Dealer,1,1,1,270.0,305.62,197.69,434.21,35.62,13.19,1
26334,Kolkata,Sector V - Salt Lake,2,BHK,800.0,Dealer,0,0,1,38.4,31.15,22.4,49.23,7.25,18.88,1
7946,Pune,Charholi,2,BHK,660.0660066,Owner,1,1,1,32.0,39.65,28.28,49.61,7.65,23.91,1
7292,Ghaziabad,Makanpur,2,BHK,1029.821927,Owner,0,1,1,48.0,42.96,29.91,59.84,5.04,10.5,1
28754,Pune,Kharadi,2,BHK,1114.050968,Dealer,1,1,1,80.0,74.62,54.86,97.71,5.38,6.72,1
13259,Kolkata,New Town,3,BHK,1522.224477,Dealer,0,1,1,75.0,79.14,56.24,104.52,4.14,5.52,1
20956,Maharashtra,Kolshet Road,3,BHK,906.0159459,Dealer,1,1,0,150.0,146.17,111.86,169.13,3.83,2.55,1
11039,Noida,Sector-150 Noida,2,BHK,742.7258806,Dealer,1,0,0,67.9,37.03,22.9,53.39,30.87,45.46,0
20954,Chennai,Pudupakkam Village,3,BHK,1657.0008289999998,Owner,0,1,1,120.0,143.01,72.25,228.28,23.01,19.18,1
25978,Mumbai,Sector 18 Kharghar,3,BHK,1250.0,Dealer,0,1,1,150.0,126.43,104.01,162.68,23.57,15.71,1
20707,Bangalore,Sai Gardens,3,BHK,2220.324509,Dealer,0,1,1,130.0,116.4,66.03,169.99,13.6,10.46,1
26253,Bangalore,Hadosiddapura,3,BHK,2599.833611,Dealer,1,1,1,250.0,181.52,132.13,309.17,68.48,27.39,1
15455,Maharashtra,Wadala East,1,BHK,585.0234009,Dealer,0,1,1,120.0,119.19,78.19,125.04,0.81,0.68,1
11548,Kolkata,Jessore Road,3,BHK,1920.122888,Dealer,0,1,1,100.0,125.04,84.31,178.75,25.04,25.04,1
11963,Jalandhar,Pholriwal,2,BHK,1327.345309,Dealer,1,1,1,39.9,54.81,35.19,56.17,14.91,37.37,1
9857,Mohali,Sector-88 Mohali,2,BHK,1288.870704,Dealer,1,0,1,63.0,60.88,38.81,62.39,2.12,3.37,0
12913,Kolkata,Santoshpur,4,BHK,2210.188971,Owner,0,1,1,200.0,149.52,83.62,225.99,50.48,25.24,1
5007,Chandigarh,Zirakpur,3,BHK,1350.279851,Dealer,0,0,1,57.9,41.42,34.92,58.51,16.48,28.46,1
13850,Bangalore,Akshaya Nagar,2,BHK,1100.173712,Dealer,0,1,1,38.0,62.58,41.35,84.18,24.58,64.68,0
23240,Maharashtra,Chembur (East),2,BHK,1174.64894,Dealer,0,1,1,220.0,204.16,148.94,276.01,15.84,7.2,1
4454,Guntur,Kaza,3,BHK,1274.74002,Dealer,0,1,1,38.0,56.22,34.63,64.57,18.22,47.95,1
21681,Raipur,Kabir Nagar,2,BHK,737.0184255,Owner,1,1,1,17.6,24.42,14.84,40.86,6.82,38.75,1
3620,Chandigarh,Zirakpur,3,BHK,1675.485009,Dealer,1,0,1,57.0,63.84,54.81,74.59,6.84,12.0,1
23052,Maharashtra,Kanjur Marg (East),2,BHK,719.0977216,Dealer,1,1,1,190.0,113.11,55.22,178.33,76.89,40.47,0
13803,Bangalore,Cox Town,2,BHK,890.0756564,Owner,0,1,1,80.0,51.75,30.3,68.58,28.25,35.31,0
24714,Panchkula,Peer Muchalla,3,BHK,1653.94402,Owner,0,1,1,65.0,62.63,41.29,88.3,2.37,3.65,1
13727,Lalitpur,Majiwada,2,BHK,1060.0706710000002,Dealer,0,1,1,93.0,114.43,91.57,153.16,21.43,23.04,1
26895,Mumbai,Wadala,2,BHK,1475.9674,Dealer,1,1,1,230.0,289.44,72.23,410.21,59.44,25.84,1
7985,Nagpur,Ramdas Peth,3,BHK,1900.23753,Dealer,1,1,1,120.0,102.39,74.11,152.92,17.61,14.68,1
16225,Ghaziabad,Raj Nagar Extension,2,BHK,913.3333332999998,Dealer,1,1,0,27.4,30.97,22.95,44.56,3.57,13.03,1
27701,Bhopal,Katara Hills,3,BHK,1550.0,Owner,0,1,1,31.0,52.83,34.21,75.89,21.83,70.42,0
5222,Maharashtra,Anand Nagar,2,BHK,1048.102383,Dealer,0,1,1,95.0,150.28,54.57,210.72,55.28,58.19,1
9432,Jalandhar,Mithapur,3,BHK,1700.6802719999998,Owner,0,1,1,40.0,62.41,44.21,146.08,22.41,56.03,0
28442,Lalitpur,Hiranandani Estate,3,BHK,1445.0867050000002,Dealer,0,1,1,200.0,191.73,155.41,264.72,8.27,4.14,1
24200,Mumbai,Balkum,2,BHK,495.1768489,Dealer,1,0,0,77.0,81.82,76.68,107.62,4.82,6.26,1
7,Jaipur,Sodala,3,BHK,1495.053957,Dealer,0,1,1,66.5,53.4,33.77,67.66,13.1,19.7,1
98,Gandhinagar,Kalol,2,BHK,900.0,Owner,0,1,1,18.0,29.79,20.53,41.8,11.79,65.5,0
11102,Bangalore,Kaggadasapura,2,BHK,1142.0151039999998,Dealer,0,1,1,62.0,63.46,42.54,86.29,1.46,2.35,1
28996,Chennai,Avadi,3,BHK,1066.186652,Dealer,1,1,1,38.5,46.83,26.98,69.73,8.33,21.64,1
3216,Bangalore,Akshaya Nagar,3,BHK,1715.9199239999998,Dealer,0,1,1,90.0,127.8,80.73,173.52,37.8,42.0,1
8468,Maharashtra,Nandore,2,BHK,500.5347594,Builder,1,1,0,23.4,37.12,19.83,100.61,13.72,58.63,1
15176,Lucknow,Sushant Golf City,2,BHK,1282.0,Dealer,1,0,0,44.87,49.36,41.39,70.87,4.49,10.01,1
27543,Kolkata,New Town,3,BHK,2149.697088,Dealer,0,1,1,110.0,123.41,91.22,217.66,13.41,12.19,1
14131,Lalitpur,Shikshaknagar,2,BHK,1200.048002,Dealer,0,1,1,100.0,122.98,59.84,172.33,22.98,22.98,1
18667,Vadodara,Sayajipura,3,BHK,1325.301205,Owner,0,1,1,33.0,42.56,30.74,51.72,9.56,28.97,1
15906,Gandhinagar,Kudasan,2,BHK,1305.057096,Dealer,0,1,1,40.0,43.83,31.38,67.25,3.83,9.57,1
10589,Lucknow,Sushant Golf City,2,BHK,1020.408163,Dealer,1,0,0,36.0,37.53,30.48,56.12,1.53,4.25,1
28412,Kolkata,Barasat,2,BHK,685.8108107999999,Dealer,0,0,1,20.3,20.97,13.08,38.95,0.67,3.3,1
25454,Chennai,Ottiambakkam,2,BHK,929.9442033,Owner,0,1,1,45.0,41.68,31.22,56.92,3.32,7.38,1
427,Gandhinagar,G-303,2,BHK,1053.001053,Owner,0,1,1,30.0,27.62,22.58,50.56,2.38,7.93,1
23012,Goa,Goa Maharashtra Border,1,BHK,643.7435367,Dealer,1,0,0,24.9,34.6,22.01,45.24,9.7,38.96,1
2742,Bangalore,Belatur,2,BHK,1244.444444,Dealer,1,1,1,44.8,73.29,56.7,97.76,28.49,63.59,0
22751,Maharashtra,Mira Bhayandar,2,BHK,955.1098376,Dealer,0,1,1,80.0,84.63,42.78,118.66,4.63,5.79,1
13432,Chandigarh,Zirakpur,3,BHK,1369.25589,Dealer,1,0,0,58.7,52.11,40.64,58.97,6.59,11.23,1
9975,Allahabad,Chaufatka,3,BHK,1279.681501,Owner,0,1,1,90.0,52.61,30.15,70.86,37.39,41.54,0
14210,Maharashtra,Bhandup (East),2,BHK,550.9924709,Dealer,0,0,1,80.5,132.61,90.7,179.36,52.11,64.73,0
21044,Kolkata,Action Area II,3,BHK,2165.488945,Dealer,0,1,1,95.0,161.19,95.22,274.71,66.19,69.67,0
14286,Kolkata,Maniktala,4,BHK,2266.666667,Dealer,0,0,0,170.0,194.47,102.31,232.06,24.47,14.39,1
20992,Lalitpur,Waghbil,1,BHK,720.0250443,Dealer,1,1,1,69.0,59.54,27.91,105.4,9.46,13.71,1
26186,Pune,Thergaon,1,BHK,710.1011894,Dealer,0,1,1,40.0,44.24,32.91,46.17,4.24,10.6,1
11636,Bangalore,Konanakunte,2,BHK,1307.8112,Dealer,1,1,1,110.0,89.82,62.53,112.11,20.18,18.35,1
11217,Bhubaneswar,Patia,3,BHK,1883.36737,Dealer,0,0,1,83.0,96.99,76.68,141.32,13.99,16.86,1
6259,Chandigarh,Kharar,2,BHK,850.1259446,Owner,0,1,1,13.5,234.73,21.25,52.01,221.23,1638.74,0
28255,Bharatpur,Anand Nagar,3,BHK,1526.336025,Builder,0,1,0,39.7,45.43,32.63,74.11,5.73,14.43,1
1443,Chandigarh,Zirakpur,3,BHK,2120.062486,Dealer,1,1,1,95.0,79.37,63.65,122.07,15.63,16.45,1
6056,Mumbai,Hiranandani Estate,3,BHK,712.1057986000001,Dealer,1,1,1,140.0,139.11,101.47,186.28,0.89,0.64,1
25644,Lalitpur,Charkop,2,BHK,615.5594488,Dealer,0,0,1,130.0,101.94,39.64,152.23,28.06,21.58,1
6486,Bhubaneswar,Badagada Brit Colony,2,BHK,850.0137099,Owner,0,1,1,62.0,30.13,19.54,46.39,31.87,51.4,0
19242,Mumbai,Badlapur,2,BHK,550.0301386,Dealer,1,0,1,36.5,65.69,39.11,159.31,29.19,79.97,0
17965,Chandigarh,Zirakpur,4,BHK,2326.122354,Dealer,1,0,1,100.0,103.01,82.86,123.02,3.01,3.01,1
14121,Jaipur,Govindpura,2,BHK,625.0,Owner,0,1,1,17.0,18.06,9.02,37.45,1.06,6.24,1
28832,Pune,Kharadi,3,BHK,2950.200614,Dealer,1,1,1,250.0,250.33,182.55,404.66,0.33,0.13,1
25970,Palghar,Vasai West,2,BHK,560.0672081,Owner,0,1,1,40.0,30.06,17.31,37.77,9.94,24.85,0
2400,Mumbai,Pokhran-2,2,BHK,1055.743243,Dealer,1,0,1,150.0,119.96,59.46,220.94,30.04,20.03,1
16155,Maharashtra,Goregaon (East),3,BHK,879.5481900000001,Dealer,1,0,0,190.0,244.76,169.57,301.67,54.76,28.82,1
27075,Bangalore,8th Phase JP Nagar,2,BHK,1230.186894,Dealer,0,1,1,52.0,77.7,50.66,98.01,25.7,49.42,1
22213,Bangalore,Bommanahalli,3,BHK,1664.1242550000002,Dealer,0,1,1,120.0,103.33,76.37,147.1,16.67,13.89,1
4574,Jamshedpur,Mango,3,BHK,1175.0,Dealer,0,0,1,28.2,36.68,22.3,59.45,8.48,30.07,1
20279,Noida,Sector-75 Noida,2,BHK,1295.171091,Owner,1,1,1,81.0,70.9,53.14,76.79,10.1,12.47,0
12952,Pune,Wakad,4,BHK,2699.96625,Dealer,1,1,1,240.0,213.71,158.0,356.42,26.29,10.95,1
1770,Gurgaon,Sector-106 Gurgaon,3,BHK,1665.089877,Dealer,1,1,1,88.0,106.29,79.68,134.72,18.29,20.78,1
466,Bangalore,Gulimangala,3,BHK,1640.112465,Owner,0,1,1,70.0,88.17,67.57,119.82,18.17,25.96,1
19218,Bangalore,Bohra Layout,2,BHK,1180.004291,Owner,0,1,1,55.0,66.0,45.09,90.45,11.0,20.0,1
2582,Gandhinagar,Kudasan,3,BHK,2636.976267,Dealer,1,1,1,90.0,87.75,74.66,201.94,2.25,2.5,1
14333,Vadodara,opp. prabhat bus stand,1,BHK,699.6770721,Owner,0,1,1,13.0,18.83,22.48,32.81,5.83,44.85,0
16184,Pune,Sinhgad Road,2,BHK,980.0771208,Dealer,0,1,1,61.0,65.21,44.29,79.42,4.21,6.9,1
4735,Kolkata,Rajarhat,3,BHK,1309.164149,Dealer,0,1,1,65.0,71.74,42.46,106.31,6.74,10.37,1
27843,Mumbai,Dhokali,2,BHK,675.0306832,Dealer,1,0,1,99.0,90.69,46.14,166.26,8.31,8.39,1
15255,Chennai,Mahindra City,1,BHK,586.6200699,Owner,1,1,1,47.0,30.66,23.7,45.89,16.34,34.77,0
27856,Lalitpur,Sector-35D Kharghar,1,BHK,740.0660367,Dealer,0,1,1,65.0,56.08,31.51,89.94,8.92,13.72,1
20177,Noida,Sector-137 Noida,2,BHK,1219.925449,Dealer,0,1,1,72.0,57.12,45.95,76.04,14.88,20.67,1
22783,Lalitpur,Kasar vadavali,2,BHK,603.4140532,Dealer,1,0,0,76.0,94.74,43.66,142.91,18.74,24.66,1
19931,Nainital,Bhowali,2,BHK,3599.114064,Owner,0,1,1,65.0,57.44,11.37,192.2,7.56,11.63,1
27432,Indore,Nipania,3,BHK,1889.622076,Dealer,1,1,1,63.0,66.4,48.02,96.77,3.4,5.4,1
650,Mumbai,Thane West,3,BHK,1040.041602,Dealer,1,1,1,180.0,173.46,114.35,204.08,6.54,3.63,1
15916,Bangalore,Basavangudi,4,BHK,3302.999663,Dealer,0,1,1,490.0,384.0,213.19,434.85,106.0,21.63,0
10198,Noida,Sector-45 Noida,2,BHK,918.4763261,Dealer,0,1,1,25.8,41.8,24.93,54.28,16.0,62.02,1
12672,Vadodara,Sama Savli Road,3,BHK,1269.990593,Builder,1,0,0,27.0,34.47,29.73,46.49,7.47,27.67,0
14089,Kolkata,Madurdaha,3,BHK,920.1623816,Dealer,0,1,1,34.0,46.68,28.8,66.42,12.68,37.29,1
26458,Lalitpur,Ambernath,1,BHK,386.0362024,Dealer,1,0,1,20.9,51.94,23.52,73.47,31.04,148.52,0
2481,Mumbai,Badlapur,2,BHK,784.64923,Dealer,1,0,1,32.1,115.5,43.84,177.24,83.4,259.81,0
20385,Chennai,Chromepet,2,BHK,624.0249610000001,Owner,1,1,1,32.0,33.06,24.53,43.45,1.06,3.31,1
19962,Vadodara,Vasna-Bhayli-Road,4,BHK,4336.399474,Owner,0,1,1,99.0,242.28,98.45,323.18,143.28,144.73,1
12738,Bangalore,Munnekollal,3,BHK,1263.051533,Dealer,1,0,1,75.0,83.16,50.89,108.68,8.16,10.88,1
4058,Bhopal,Kolar Road,3,BHK,1200.0,Owner,0,1,1,30.0,37.93,21.39,60.0,7.93,26.43,1
10735,Mumbai,Sector-10A Airoli,2,BHK,1299.92056,Dealer,0,1,1,180.0,150.73,106.96,189.93,29.27,16.26,1
20374,Lalitpur,Sector-9 Ulwe,2,BHK,1200.1010609999998,Dealer,0,1,1,95.0,113.12,61.31,164.18,18.12,19.07,1
20150,Chandigarh,Zirakpur,4,BHK,1460.0,Owner,0,1,1,36.5,53.36,36.94,88.16,16.86,46.19,0
5539,Lalitpur,Marol,1,BHK,650.0189588999999,Dealer,1,1,1,120.0,58.61,26.62,89.54,61.39,51.16,0
4088,Pune,Pisoli,2,BHK,686.5475995,Builder,1,0,0,41.9,38.75,28.84,51.27,3.15,7.52,1
5505,Lalitpur,Sector 19 Nerul,3,BHK,1522.815032,Dealer,0,1,1,280.0,182.78,81.48,259.47,97.22,34.72,0
20491,Bangalore,Kumaraswamy Layout,2,BHK,1258.005489,Owner,0,1,1,55.0,70.7,48.85,89.26,15.7,28.55,1
25335,Gurgaon,Sector-82 Gurgaon,3,BHK,2016.942315,Dealer,0,1,1,100.0,131.16,98.47,192.36,31.16,31.16,1
10132,Chhindwara,Panchsheel Colony,2,BHK,749.8715973,Owner,0,1,1,29.2,25.3,16.4,33.87,3.9,13.36,1
10804,Raipur,Ama Seoni,4,BHK,2240.606687,Owner,1,1,1,65.0,83.59,49.76,148.0,18.59,28.6,1
18243,Maharashtra,Bhayandarpada,2,BHK,921.069464,Dealer,1,1,1,72.0,113.63,56.69,223.56,41.63,57.82,1
12827,Chennai,Mandaveli,2,BHK,857.1428571,Dealer,0,0,1,120.0,45.3,31.9,67.02,74.7,62.25,0
3494,Amravati,Camp,2,BHK,1025.01025,Owner,0,1,1,50.0,31.72,18.85,46.47,18.28,36.56,0
18985,Vadodara,Vasna-Bhayli-Road,3,BHK,1860.367893,Dealer,0,1,1,89.0,50.16,38.9,111.17,38.84,43.64,1
11849,Kolkata,Sector II - Salt Lake,3,BHK,2000.0,Dealer,0,1,1,110.0,143.0,86.12,258.03,33.0,30.0,1
14930,Bangalore,Gottigere,3,BHK,1583.113456,Owner,0,1,1,90.0,89.85,65.07,117.29,0.15,0.17,1
2557,Surat,Adajan,3,BHK,1400.124456,Owner,0,1,1,45.0,51.28,39.14,72.92,6.28,13.96,1
7647,Noida,Sector-119 Noida,3,BHK,1774.6759719999998,Owner,0,1,1,89.0,92.37,73.55,113.72,3.37,3.79,1
25886,Chennai,New perungalathur,3,BHK,1580.13544,Owner,0,1,1,63.0,85.8,68.25,118.7,22.8,36.19,0
5174,Lalitpur,Sector-5 Kopar Khairane,2,BHK,943.3962264,Dealer,0,1,1,100.0,122.32,75.9,158.11,22.32,22.32,1
12364,Mohali,Sector-115 Mohali,3,BHK,1206.987824,Dealer,1,1,1,22.8,35.49,22.95,74.25,12.69,55.66,0
2926,Bangalore,Kalena Agrahara,2,BHK,1325.158228,Dealer,0,1,1,67.0,79.52,54.06,110.71,12.52,18.69,1
17547,Kolkata,Narendrapur,2,BHK,838.9932082,Dealer,0,1,1,42.0,31.58,22.03,45.79,10.42,24.81,1
3183,Lalitpur,Kanjur Marg (East),2,BHK,953.1752651,Dealer,1,1,1,240.0,106.28,48.02,170.58,133.72,55.72,0
11494,Faridabad,Sector 86 Faridabad,2,BHK,1248.2853220000002,Dealer,0,1,1,45.5,44.23,36.48,49.26,1.27,2.79,1
1437,Agra,Taj Nagari,3,BHK,1550.387597,Owner,1,1,1,48.0,54.66,37.91,76.07,6.66,13.88,1
20319,Pune,Ramkrishna Paramhans Nagar,3,BHK,1230.0123,Dealer,0,1,1,110.0,101.13,60.1,122.5,8.87,8.06,1
13396,Mumbai,Wadala,3,BHK,1281.011145,Dealer,1,1,1,600.0,306.97,68.76,324.56,293.03,48.84,0
23427,Faridabad,Sector 86 Faridabad,2,BHK,1337.345369,Dealer,0,1,1,40.0,45.47,38.1,53.76,5.47,13.68,1
10971,Bangalore,Narayanapura,3,BHK,2294.197031,Owner,0,1,1,85.0,154.7,92.0,234.3,69.7,82.0,0
6465,Bangalore,Hosakerehalli,3,BHK,2354.452055,Dealer,0,1,1,220.0,229.99,122.68,278.24,9.99,4.54,1
12766,Kolkata,Sector V - Salt Lake,2,BHK,773.6842105000001,Dealer,0,0,1,29.4,31.15,22.1,48.35,1.75,5.95,1
2963,Surat,Dindoli,2,BHK,1155.327343,Owner,0,1,1,36.0,28.25,22.98,49.26,7.75,21.53,1
27611,Palakkad,Koppam,3,BHK,1299.038711,Owner,0,1,1,50.0,52.96,38.63,70.32,2.96,5.92,1
24361,Nagpur,Manewada,2,BHK,1100.323625,Owner,1,0,1,34.0,40.67,30.25,58.79,6.67,19.62,1
10103,Maharashtra,Karade Khurd,1,BHK,637.389448,Dealer,1,0,1,20.9,50.5,18.58,93.25,29.6,141.63,1
1297,Mohali,Sector-127 Mohali,2,BHK,1224.007561,Dealer,0,1,1,25.9,40.95,27.12,72.9,15.05,58.11,0
29119,Chennai,Thaiyur,2,BHK,823.0452675,Owner,0,1,1,30.0,32.18,23.25,45.84,2.18,7.27,1
9230,Bhubaneswar,Khandagiri,4,BHK,2424.242424,Dealer,0,1,1,120.0,131.21,90.99,205.93,11.21,9.34,1
22223,Pune,Shankar Kalat Nagar,2,BHK,1080.069124,Dealer,0,1,1,75.0,63.05,41.75,70.54,11.95,15.93,0
7187,Lalitpur,Chandivali,2,BHK,976.744186,Dealer,0,1,1,210.0,107.82,50.55,170.46,102.18,48.66,0
26620,Margao,Gogol,2,BHK,871.9596144999999,Owner,0,1,1,38.0,32.89,21.93,48.23,5.11,13.45,1
25992,Bangalore,R.T. Nagar,3,BHK,1086.088484,Owner,0,1,1,68.0,59.46,39.16,77.63,8.54,12.56,1
15724,Bangalore,Kadugodi,2,BHK,1370.238421,Owner,0,1,1,50.0,83.92,56.66,107.23,33.92,67.84,0
21241,Noida,Sector-5 Noida,2,BHK,1250.0,Owner,0,1,1,32.0,74.01,50.24,106.14,42.01,131.28,0
12146,Maharashtra,Seawoods,3,BHK,1518.178186,Dealer,0,1,1,190.0,181.55,112.44,255.21,8.45,4.45,1
23335,Nagpur,Ramdas Peth,3,BHK,1459.321416,Owner,0,1,1,120.0,61.97,44.96,101.12,58.03,48.36,0
3332,Bangalore,Bommanahalli,2,BHK,1100.0,Owner,0,1,1,66.0,55.1,39.12,76.1,10.9,16.52,1
14849,Lalitpur,Sector-34A Kharghar,2,BHK,1091.244859,Dealer,0,1,1,130.0,103.88,50.71,141.16,26.12,20.09,1
348,Mumbai,Andheri (West),4,BHK,4299.996417,Dealer,0,1,1,1200.0,1298.08,364.08,1580.67,98.08,8.17,1
9953,Maharashtra,Sector-34B Kharghar,2,BHK,1070.090958,Dealer,0,1,1,100.0,95.7,81.26,129.66,4.3,4.3,1
15994,Chennai,Guduvancheri,2,BHK,780.0312012,Owner,0,1,1,25.0,29.24,22.9,41.17,4.24,16.96,1
23965,Pune,Sinhgad Road,2,BHK,1000.0,Owner,0,1,1,38.0,54.64,36.75,73.07,16.64,43.79,1
21789,Maharashtra,Andheri (West),6,BHK,3000.0,Dealer,0,1,1,930.0,964.83,318.89,1450.41,34.83,3.75,1
23741,Maharashtra,Kanjur marg (west),1,BHK,471.0113899,Dealer,1,0,0,110.0,68.85,34.55,100.35,41.15,37.41,0
16924,Indore,Khandwa Road,3,BHK,1335.028608,Owner,0,1,1,42.0,41.28,30.54,53.14,0.72,1.71,1
24167,Pune,Balewadi,2,BHK,1051.082615,Dealer,0,0,1,100.0,62.53,46.1,84.41,37.47,37.47,0
9469,Pune,Punawale,2,BHK,985.2216749,Dealer,0,1,1,40.0,53.18,48.54,79.1,13.18,32.95,0
20867,Mohali,Sector-115 Mohali,2,BHK,849.6732026000001,Dealer,1,1,1,16.9,17.72,15.28,39.83,0.82,4.85,1
14799,Bangalore,Sarjapur Road,3,BHK,1509.951956,Dealer,0,1,1,88.0,80.26,57.98,108.87,7.74,8.8,1
27676,Agra,Fatehabad Road,2,BHK,687.7865777000001,Dealer,1,0,1,16.5,23.87,13.51,36.11,7.37,44.67,1
27459,Lalitpur,Mira Road East,2,BHK,930.0147197,Dealer,1,0,1,69.5,73.36,67.83,100.79,3.86,5.55,1
26299,Kolkata,Prince Anwar Shah Rd.,3,BHK,1763.046544,Dealer,0,1,1,200.0,149.94,69.21,199.67,50.06,25.03,0
22673,Lalitpur,Kandivali (East),2,BHK,845.0406676000001,Dealer,1,0,1,160.0,151.62,117.24,170.79,8.38,5.24,1
5966,Bangalore,Mico Layout,3,BHK,1410.039481,Owner,0,1,1,75.0,78.24,58.96,103.69,3.24,4.32,1
25796,Noida,Sector-107 Noida,5,BHK,3815.789474,Dealer,1,0,0,290.0,348.67,201.17,469.5,58.67,20.23,1
14745,Bangalore,Basava Nagar,3,BHK,1955.034213,Owner,0,1,1,200.0,139.94,81.71,202.9,60.06,30.03,1
3294,Lalitpur,Mulund,3,BHK,1825.483753,Dealer,1,0,1,250.0,349.78,92.91,417.48,99.78,39.91,1
12393,Kolkata,Ballygunge Park,3,BHK,1696.277118,Dealer,0,1,1,190.0,132.26,68.27,193.27,57.74,30.39,1
17877,Chandigarh,Sector-55 Chandigarh,3,BHK,1050.175029,Dealer,0,1,1,45.0,163.12,30.96,96.01,118.12,262.49,1
17427,Coimbatore,Podanur,2,BHK,1169.977925,Dealer,0,1,1,53.0,47.81,33.17,68.45,5.19,9.79,1
9568,Lalitpur,Bhivpuri,2,BHK,787.2340426,Builder,1,0,0,18.5,58.74,29.61,126.7,40.24,217.51,0
4283,Bangalore,Rajarajeshwari Nagar,3,BHK,1570.048309,Owner,0,1,1,78.0,94.75,68.74,129.9,16.75,21.47,1
18429,Kolkata,Behala,2,BHK,770.1421801,Dealer,0,1,1,26.0,31.52,23.02,47.32,5.52,21.23,1
25787,Palakkad,Mukkai,2,BHK,1100.151745,Owner,0,1,1,29.0,40.91,31.8,57.96,11.91,41.07,0
15937,Kolkata,Mukundapur,2,BHK,1053.333333,Builder,0,1,0,47.4,47.02,31.96,68.01,0.38,0.8,1
3269,Kolkata,Mahajati Nagar,3,BHK,1200.111638,Owner,0,1,1,43.0,64.01,36.87,83.69,21.01,48.86,1
23516,Palghar,Nalasopara West,1,BHK,480.0529714,Dealer,0,1,1,29.0,11.51,11.44,40.78,17.49,60.31,1
8154,Kadapa,Chinna Chowk,2,BHK,1400.094922,Owner,0,1,1,59.0,54.65,37.08,65.3,4.35,7.37,1
2694,Mumbai,Parel,3,BHK,1345.023413,Dealer,1,0,1,540.0,476.64,62.74,319.71,63.36,11.73,0
14534,Pune,Bavdhan,2,BHK,896.3668851,Dealer,1,1,1,60.2,68.52,44.73,81.88,8.32,13.82,1
17835,Lalitpur,Hiranandani Meadows,4,BHK,2525.743151,Dealer,0,1,1,520.0,304.66,246.24,536.89,215.34,41.41,1
20623,Kolkata,Parnasree Palli,2,BHK,928.0263972,Owner,0,1,1,45.0,41.04,27.22,52.01,3.96,8.8,1
4888,Lalitpur,Sector 10 Kharghar,3,BHK,1461.41855,Dealer,0,1,1,150.0,161.16,129.51,246.93,11.16,7.44,1
28160,Bangalore,Budigere Cross,3,BHK,1630.23342,Dealer,0,1,1,88.0,102.67,73.72,140.8,14.67,16.67,1
5687,Indore,Nipania,4,BHK,2272.413793,Dealer,1,1,1,65.9,84.94,68.21,148.02,19.04,28.89,0
24979,Nagpur,Zingabai Takli,2,BHK,950.269243,Owner,0,1,1,30.0,35.34,23.46,50.39,5.34,17.8,1
24258,Bangalore,Yelahanka,3,BHK,1562.202324,Owner,0,1,1,82.0,93.77,67.84,136.32,11.77,14.35,1
11096,Faridabad,Sector 82 Faridabad,3,BHK,1857.416007,Dealer,0,1,1,68.0,69.61,54.39,73.86,1.61,2.37,1
12992,Kolkata,New Garia,3,BHK,1183.127572,Dealer,0,1,1,46.0,53.34,37.39,81.27,7.34,15.96,1
1287,Lalitpur,Napean Sea Road,4,BHK,5500.0458340000005,Dealer,0,1,1,2400.0,1498.31,200.74,2082.06,901.69,37.57,0
5615,Pune,Prabhat Road,3,BHK,1380.952381,Dealer,0,1,1,290.0,109.38,68.58,153.12,180.62,62.28,0
13766,Vadodara,Dashrath,2,BHK,892.3259964,Owner,1,1,1,15.0,24.31,19.28,34.1,9.31,62.07,0
28204,Bangalore,Whitefield,3,BHK,2238.454288,Dealer,1,1,1,190.0,170.07,110.93,236.47,19.93,10.49,1
10991,Pune,Shankar Kalat Nagar,2,BHK,1156.069364,Dealer,0,1,1,80.0,69.92,49.35,81.68,10.08,12.6,1
1722,Mumbai,Vidyavihar East,3,BHK,1329.1796470000002,Dealer,1,1,1,320.0,281.46,126.48,515.75,38.54,12.04,1
29315,Bangalore,Whitefield,3,BHK,1643.475403,Dealer,0,1,1,150.0,105.87,74.21,142.4,44.13,29.42,0
22451,Mohali,Sector-79 Mohali,4,BHK,2250.0,Dealer,0,1,1,90.0,102.26,69.26,141.44,12.26,13.62,1
21914,Bangalore,Munnekollal,3,BHK,1565.1901710000002,Dealer,0,1,1,100.0,107.5,69.53,151.64,7.5,7.5,1
401,Kolkata,Hazra Road,3,BHK,1700.071582,Dealer,0,1,1,190.0,95.26,65.28,152.53,94.74,49.86,0
14886,Lalitpur,Tilak Nagar,2,BHK,1214.285714,Dealer,1,1,1,170.0,138.1,60.09,197.06,31.9,18.76,1
5421,Bangalore,Panathur,2,BHK,1135.0737800000002,Owner,0,1,1,60.0,61.13,42.39,77.23,1.13,1.88,1
1387,Chennai,Sriperumbudur,2,BHK,1000.0,Owner,0,1,1,26.0,59.03,34.88,73.9,33.03,127.04,0
2155,Secunderabad,Kompally,4,BHK,2105.263158,Owner,0,1,1,80.0,106.82,66.37,163.19,26.82,33.52,1
6288,Bangalore,Marathahalli,3,BHK,1525.124418,Dealer,0,1,1,95.0,96.59,68.97,130.52,1.59,1.67,1
28995,Lalitpur,Hiranandani Gardens - Powai,4,BHK,3204.952611,Dealer,0,1,1,1170.0,805.55,316.28,876.08,364.45,31.15,0
22064,Ghaziabad,Raj Nagar Extension,3,BHK,1330.128205,Dealer,1,1,1,41.5,46.5,35.41,58.9,5.0,12.05,1
20678,Ghaziabad,Indirapuram,2,BHK,1079.913607,Owner,1,0,1,70.0,51.84,31.68,64.94,18.16,25.94,0
23233,Surat,Katargam,3,BHK,2044.15372,Owner,0,1,1,100.0,81.18,57.06,102.48,18.82,18.82,1
17299,Kolkata,Nayabad,3,BHK,1000.0,Owner,0,1,1,35.0,45.46,27.62,50.53,10.46,29.89,1
25967,Hubli,Deshpande Nagar,3,BHK,2100.210021,Owner,0,1,1,70.0,129.74,67.65,183.18,59.74,85.34,1
9550,Bangalore,Chandapura,2,BHK,766.0577490000001,Owner,0,1,1,26.0,32.46,21.55,45.3,6.46,24.85,1
8803,Maharashtra,Chembur (East),2,BHK,1118.985453,Dealer,0,1,1,180.0,197.97,146.51,249.14,17.97,9.98,1
14518,Mumbai,Sector-35G Kharghar,2,BHK,990.0990099,Dealer,0,0,1,90.0,83.97,75.29,116.25,6.03,6.7,1
16576,Bangalore,Mallasandra,3,BHK,1500.0,Dealer,0,1,1,96.0,81.09,58.1,119.1,14.91,15.53,1
11160,Bhubaneswar,Madanpur,3,BHK,1709.0620030000002,Owner,0,0,1,64.5,76.77,59.49,121.43,12.27,19.02,1
9358,Maharashtra,Taloja Panchanand,1,BHK,690.0012545,Dealer,0,1,1,55.0,57.61,17.93,91.77,2.61,4.75,1
12014,Bahadurgarh,Sector-15 Bahadurgarh,2,BHK,1334.289813,Dealer,0,1,1,27.9,38.68,28.41,68.54,10.78,38.64,0
24111,Bangalore,Suraksha Nagar,2,BHK,1214.936573,Dealer,0,1,1,68.0,61.52,37.3,83.01,6.48,9.53,1
22298,Maharashtra,Savarkar Nagar,2,BHK,1148.453608,Builder,1,0,0,55.7,58.86,47.81,131.06,3.16,5.67,1
14752,Bangalore,Devarachikkanahalli,1,BHK,570.1254276000001,Owner,0,1,1,25.0,29.28,19.39,43.63,4.28,17.12,1
19186,Bhopal,Ibrahimpura,2,BHK,750.0750075,Owner,0,1,1,25.0,23.39,16.85,36.49,1.61,6.44,1
8890,Jaipur,Vaishali Nagar,3,BHK,1400.0,Owner,0,1,1,35.0,47.42,31.72,61.78,12.42,35.49,1
15312,Bangalore,HSR Layout,3,BHK,1750.087504,Dealer,0,1,1,150.0,124.0,79.12,153.98,26.0,17.33,1
94,Maharashtra,Deonar,4,BHK,1725.4901960000002,Dealer,1,0,0,440.0,583.96,191.24,576.34,143.96,32.72,1
2422,Jalandhar,Ladhewali,3,BHK,1838.685952,Owner,1,1,1,75.0,61.85,42.83,146.01,13.15,17.53,1
13768,Noida,Sector-134 Noida,2,BHK,850.0137099,Owner,1,1,1,31.0,38.31,28.36,49.28,7.31,23.58,1
13973,Bangalore,Lavakusha Nagar,3,BHK,1435.063382,Owner,0,1,1,60.0,75.05,46.38,104.86,15.05,25.08,1
25931,Ghaziabad,Raj Nagar Extension,2,BHK,1247.120763,Dealer,1,1,1,37.9,45.89,34.26,53.34,7.99,21.08,1
2920,Pune,Chakan,1,BHK,850.0,Dealer,1,1,1,27.2,33.56,33.6,56.1,6.36,23.38,0
29183,Mohali,Sector-66A Mohali,2,BHK,1045.016077,Dealer,1,0,1,45.5,42.03,28.99,46.97,3.47,7.63,1
3280,Ghaziabad,Vasundhara,1,BHK,452.0625353,Owner,0,1,1,24.0,23.99,12.55,28.38,0.01,0.04,1
22124,Faridabad,Sector 86 Faridabad,2,BHK,1210.287443,Dealer,1,1,1,48.0,45.03,35.39,48.55,2.97,6.19,1
22883,Lalitpur,Sector 20 Kharghar,2,BHK,800.0,Dealer,0,1,1,81.0,102.96,76.3,147.84,21.96,27.11,1
3532,Chennai,Varadarajapuram,2,BHK,859.1885442,Owner,0,1,1,36.0,38.46,28.76,48.09,2.46,6.83,1
15449,Mumbai,Sector-20 Koparkhairane,2,BHK,1121.94701,Dealer,0,1,1,130.0,140.89,86.91,163.1,10.89,8.38,1
22312,Bangalore,Rajarajeshwari Nagar,2,BHK,1160.092807,Dealer,1,1,1,75.0,72.05,50.88,98.78,2.95,3.93,1
21602,Noida,Sector-137 Noida,2,BHK,1115.004779,Owner,1,1,1,70.0,50.87,47.48,67.21,19.13,27.33,0
26651,Maharashtra,Vikhroli (West),1,BHK,270.0113231,Dealer,1,0,1,62.0,92.3,41.99,106.61,30.3,48.87,1
14549,Pune,Ganesh Nagar,2,BHK,885.0762527,Owner,0,1,1,65.0,49.16,32.05,64.22,15.84,24.37,0
19268,Kolkata,BataNagar,2,BHK,800.0,Owner,0,1,1,30.0,34.98,22.86,41.87,4.98,16.6,1
10391,Bangalore,6th Phase JP Nagar,3,BHK,1500.110302,Owner,0,1,1,68.0,101.84,58.96,98.68,33.84,49.76,1
13740,Noida,Sector-137 Noida,3,BHK,1360.015543,Owner,0,1,1,70.0,66.45,50.82,83.17,3.55,5.07,1
4714,Bangalore,Electronic City Phase II,2,BHK,1179.890561,Dealer,1,1,1,69.0,59.85,45.89,84.0,9.15,13.26,1
14348,Maharashtra,Mira Road,1,BHK,750.0,Dealer,0,1,1,57.0,61.22,53.39,66.8,4.22,7.4,1
13996,Bangalore,Green View Layout,2,BHK,939.9700919,Owner,0,1,1,44.0,50.3,32.75,64.34,6.3,14.32,1
2748,Chandigarh,Zirakpur,3,BHK,1460.427136,Dealer,0,1,1,46.5,50.83,37.9,62.31,4.33,9.31,1
23654,Kolkata,Amarpalli,3,BHK,1057.082452,Owner,0,1,1,40.0,55.19,31.94,68.39,15.19,37.97,1
20255,Chennai,Karapakkam,1,BHK,539.0463027000001,Dealer,0,1,1,39.0,34.7,22.36,47.07,4.3,11.03,1
8675,Rajkot,sadhuvasvani road,3,BHK,969.8825932,Dealer,0,1,1,57.0,61.55,27.72,112.66,4.55,7.98,1
19098,Ernakulam,Kakkanad,3,BHK,1420.166362,Owner,0,1,1,70.0,62.4,44.97,75.05,7.6,10.86,1
12161,Chandigarh,Peer muchulla sector20 panchkula,3,BHK,1850.220264,Dealer,0,1,1,42.0,69.79,56.77,98.29,27.79,66.17,0
23521,Chandigarh,Dera Bassi,2,BHK,587.9208978999999,Owner,1,1,1,11.0,10.37,15.36,37.69,0.63,5.73,0
29422,Bangalore,Ambedkar Nagar,2,BHK,1409.064497,Dealer,0,1,1,97.0,89.04,61.57,132.01,7.96,8.21,1
1981,Raigad,Khopoli,1,BHK,675.0536975,Owner,0,1,1,22.0,19.48,17.69,30.52,2.52,11.45,1
22777,Bangalore,Bannerghatta Road,3,BHK,1342.182891,Dealer,1,0,1,91.0,82.96,53.76,110.12,8.04,8.84,1
23305,Mumbai,Kamothe,2,BHK,1060.116354,Dealer,0,1,1,82.0,83.39,60.04,117.54,1.39,1.7,1
28502,Pune,Dhayari,2,BHK,1050.199538,Dealer,0,1,1,50.0,70.47,56.46,83.97,20.47,40.94,0
28363,Ghaziabad,Bhopura,2,BHK,940.2030839,Owner,1,1,1,25.0,32.99,24.2,49.04,7.99,31.96,1
12057,Faridabad,Sector 89 Faridabad,2,BHK,950.0998004,Dealer,1,0,1,23.8,28.29,23.46,36.33,4.49,18.87,1
20860,Bhagalpur,Khanjarpur,2,BHK,1169.465649,Owner,0,1,1,38.3,36.91,25.75,54.48,1.39,3.63,1
354,Jaipur,Ajmer Road,3,BHK,2765.784114,Dealer,0,1,1,67.9,194.02,94.44,258.2,126.12,185.74,0
6736,Mumbai,Kopri,1,BHK,452.0226584,Dealer,1,0,1,79.0,95.97,43.06,103.1,16.97,21.48,1
5789,Pune,Model Colony,3,BHK,1570.954791,Dealer,0,0,1,270.0,209.73,51.27,185.74,60.27,22.32,0
23849,Mumbai,Manpada,2,BHK,678.119349,Dealer,1,0,1,120.0,111.37,84.98,116.57,8.63,7.19,0
24931,Jaipur,Gopalpura Bypass,3,BHK,1350.096712,Dealer,0,1,1,34.9,42.77,29.47,61.7,7.87,22.55,1
10196,Noida,Sector-77 Noida,3,BHK,1564.129301,Dealer,0,1,1,90.0,78.91,60.12,97.66,11.09,12.32,1
15715,Pune,Wagholi,1,BHK,574.1387917999999,Owner,0,1,1,23.0,23.72,19.85,38.58,0.72,3.13,1
6113,Lalitpur,Thane West,3,BHK,1368.925394,Dealer,1,1,1,220.0,188.95,158.13,274.09,31.05,14.11,1
23578,Bangalore,Yeshwanthpur,3,BHK,1578.947368,Owner,1,0,1,150.0,104.26,73.08,137.12,45.74,30.49,0
25704,Chennai,mevalurkuppam,2,BHK,590.0621118,Owner,0,1,1,19.0,27.72,20.93,40.59,8.72,45.89,0
23710,Vijayawada,Gollapudi,2,BHK,650.026001,Owner,0,1,1,25.0,25.27,14.65,34.39,0.27,1.08,1
26347,Noida,Chhalera,2,BHK,975.0733138,Dealer,0,1,1,26.6,39.94,26.12,62.25,13.34,50.15,1
3003,Maharashtra,Sector-9 Ulwe,2,BHK,1240.1352869999998,Dealer,0,1,1,110.0,118.0,96.01,172.02,8.0,7.27,1
9103,Bangalore,Chikkanayakanahalli,2,BHK,1110.388202,Dealer,1,0,0,51.2,69.98,46.15,94.28,18.78,36.68,1
1130,Jaipur,Jhotwara,2,BHK,8796.296295999999,Owner,0,1,1,19.0,0.0,0.0,361.62,19.0,100.0,1
16201,Maharashtra,Parel,2,BHK,1133.243255,Dealer,1,0,1,260.0,311.61,149.19,344.96,51.61,19.85,1
740,Vadodara,Vadsar,2,BHK,780.3790412000001,Owner,0,1,1,14.0,25.15,16.56,35.32,11.15,79.64,0
17276,Noida,Sector-61 Noida,3,BHK,1593.723183,Owner,0,1,1,130.0,88.19,63.77,111.15,41.81,32.16,0
8933,Gandhinagar,Kudasan,2,BHK,1115.866707,Dealer,0,0,1,36.5,27.1,26.68,68.51,9.4,25.75,1
17065,Jaipur,Niwaru Road,3,BHK,1400.1680199999998,Owner,0,1,1,50.0,48.16,31.47,61.78,1.84,3.68,1
21237,Maharashtra,Kandivali (East),1,BHK,396.0194963,Dealer,1,0,1,78.0,76.31,65.73,101.9,1.69,2.17,1
7509,Kolkata,Rajarhat,3,BHK,1751.646743,Dealer,0,1,1,71.8,119.76,69.97,175.9,47.96,66.8,1
4372,Maharashtra,Manpada,2,BHK,1197.2975279999998,Dealer,1,1,1,140.0,145.1,99.56,156.83,5.1,3.64,1
1696,Surat,Althan,2,BHK,1385.041551,Dealer,0,1,1,55.0,55.18,41.65,57.85,0.18,0.33,1
23352,Coimbatore,Kuniyamuthur,3,BHK,1500.375094,Owner,0,1,1,40.0,64.74,46.36,83.68,24.74,61.85,0
10950,Lalitpur,Nalasopara (West),2,BHK,809.9453758,Dealer,0,1,1,43.0,108.91,47.48,174.5,65.91,153.28,0
22973,Pune,Wireless Colony,1,BHK,600.0436394999999,Dealer,0,1,1,55.0,43.46,26.42,52.18,11.54,20.98,0
24233,Ghaziabad,Ahinsa Khand 2,4,BHK,2050.149819,Owner,0,1,1,130.0,117.95,68.56,148.21,12.05,9.27,1
19901,Pune,Keshav Nagar,1,BHK,625.0,Dealer,1,1,1,47.5,43.61,16.52,48.7,3.89,8.19,1
21409,Gandhinagar,Sargasan,2,BHK,1206.272618,Dealer,0,1,1,40.0,30.49,27.39,66.84,9.51,23.78,1
19576,Ghaziabad,Ahinsa Khand 1,4,BHK,4153.269025,Dealer,0,1,1,310.0,219.45,147.09,377.93,90.55,29.21,1
8304,Noida,Sector-143B Noida,2,BHK,840.0,Owner,1,1,1,42.0,33.99,23.56,49.03,8.01,19.07,1
5571,Bangalore,Begur,3,BHK,1900.052056,Owner,0,1,1,73.0,119.24,81.49,153.37,46.24,63.34,0
28266,Pune,Aundh,3,BHK,1501.0917029999998,Dealer,0,1,1,110.0,127.74,77.46,167.19,17.74,16.13,1
25745,Kolkata,Narendrapur,1,BHK,560.0194789,Dealer,0,1,1,23.0,22.99,16.54,32.96,0.01,0.04,1
13699,Bangalore,Hosur Road,2,BHK,1200.0,Owner,0,1,1,150.0,58.55,40.58,76.51,91.45,60.97,0
7405,Jaipur,Dadi Ka Phatak,3,BHK,950.1187648,Dealer,0,1,1,20.0,31.0,18.36,42.74,11.0,55.0,1
7083,Chandigarh,Zirakpur,3,BHK,1607.435757,Dealer,1,1,1,58.8,58.61,44.32,74.55,0.19,0.32,1
25425,Bangalore,Ramagondanahalli,3,BHK,1451.216789,Owner,0,1,1,65.0,81.9,58.64,123.21,16.9,26.0,1
19067,Bangalore,Gokula Extension,3,BHK,1400.159109,Owner,0,1,1,88.0,69.9,53.64,93.84,18.1,20.57,1
20415,Gurgaon,Sector-66 Gurgaon,4,BHK,2351.281448,Dealer,1,1,1,200.0,178.76,120.99,211.39,21.24,10.62,1
29205,Bangalore,Bannerghatta Road,3,BHK,1720.7754960000002,Dealer,0,1,1,150.0,114.09,73.67,150.11,35.91,23.94,1
19515,Pune,Punawale,2,BHK,983.0205541,Dealer,1,0,1,44.0,53.2,49.27,77.63,9.2,20.91,0
14072,Faridabad,Greenfield Colony,3,BHK,1802.265705,Dealer,0,1,1,70.0,75.88,47.41,93.72,5.88,8.4,1
18672,Jaipur,Gandhi Path,3,BHK,1228.183581,Dealer,0,1,1,38.0,45.32,30.9,72.91,7.32,19.26,1
13735,Jaipur,Niwaru Road,3,BHK,1350.6212859999998,Owner,0,1,1,25.0,47.01,29.95,62.4,22.01,88.04,0
28253,Jalandhar,Pholriwal,3,BHK,1599.466844,Dealer,1,1,1,48.0,69.04,40.32,87.94,21.04,43.83,1
10838,Raipur,Khamhardih,2,BHK,600.0,Owner,0,1,1,15.0,28.6,12.22,30.84,13.6,90.67,1
12605,Faridabad,Sector 82 Faridabad,3,BHK,2137.259558,Dealer,0,1,1,90.0,75.53,57.61,137.08,14.47,16.08,1
9986,Lalitpur,Khar West,3,BHK,1200.012,Dealer,0,1,1,400.0,452.1,187.01,661.74,52.1,13.02,1
17155,Bangalore,Thanisandra,3,BHK,1952.410006,Owner,1,1,1,160.0,149.0,89.28,204.57,11.0,6.88,1
21892,Noida,Sector-120 Noida,2,BHK,1079.9926779999998,Owner,1,1,1,59.0,52.83,44.75,60.5,6.17,10.46,1
13952,Maharashtra,Mulund (West),3,BHK,1599.680064,Dealer,1,0,1,240.0,243.93,173.71,287.81,3.93,1.64,1
19657,Noida,Sector-100 Noida,3,BHK,1778.741866,Owner,1,1,1,82.0,99.6,76.79,130.84,17.6,21.46,1
5552,Maharashtra,Ghodbunder Road,2,BHK,1205.386325,Dealer,1,1,1,92.2,162.88,91.49,300.17,70.68,76.66,1
22338,Bangalore,1st Phase JP Nagar,4,BHK,2757.251572,Owner,0,1,1,250.0,250.26,142.82,392.06,0.26,0.1,1
745,Lalitpur,kurla (west),2,BHK,1236.009064,Dealer,1,1,1,180.0,220.38,162.82,279.17,40.38,22.43,1
11541,Jalgaon,Golani Market,1,BHK,600.0,Owner,0,1,1,12.0,306.85,10.7,27.02,294.85,2457.08,1
1673,Noida,Sector-70 Noida,3,BHK,1753.5469469999998,Owner,1,1,1,110.0,98.28,75.5,113.27,11.72,10.65,1
17344,Bangalore,Akshaya Vana,3,BHK,1285.046729,Owner,0,1,1,55.0,73.91,46.84,96.78,18.91,34.38,1
1566,Chandigarh,Zirakpur,2,BHK,1478.237065,Dealer,1,0,1,54.0,57.72,42.94,66.36,3.72,6.89,1
13163,Bangalore,Kasturi Nagar,2,BHK,1112.162802,Owner,0,0,1,70.5,63.75,40.11,80.99,6.75,9.57,1
23812,Bangalore,Doddaballapur,3,BHK,2500.0,Dealer,0,1,1,120.0,224.6,135.52,344.58,104.6,87.17,0
23961,Bangalore,1st Block Koramangala,3,BHK,1500.214316,Owner,0,1,1,70.0,96.64,60.73,137.97,26.64,38.06,1
3771,Kolkata,Ramlal Bazaar,2,BHK,1000.0,Dealer,0,1,1,50.0,61.19,28.84,69.55,11.19,22.38,1
2238,Faridabad,Sector 43 Faridabad,3,BHK,1639.045409,Dealer,0,1,1,98.9,76.5,47.7,94.96,22.4,22.65,0
17190,Lalitpur,Mira Road,2,BHK,889.6349140000001,Dealer,1,1,1,84.8,85.15,69.76,101.19,0.35,0.41,1
26823,Bangalore,Talaghattapura,3,BHK,3486.671915,Dealer,1,1,1,310.0,355.69,215.48,528.01,45.69,14.74,1
26375,Pune,Baner Pashan Link Road,2,BHK,1100.110011,Dealer,0,1,1,70.0,83.56,54.69,92.89,13.56,19.37,1
2423,Nagpur,Hindustan Colony,3,BHK,1487.910725,Dealer,0,1,1,120.0,67.71,46.37,109.85,52.29,43.58,0
5587,Surat,Palanpur Patia,2,BHK,1085.094232,Owner,0,1,1,38.0,36.37,24.05,40.98,1.63,4.29,1
2975,Bangalore,Sector 1 HSR Layout,2,BHK,1139.589905,Owner,0,1,1,57.8,63.45,42.93,76.64,5.65,9.78,1
3342,Bangalore,Kempapura,3,BHK,1992.882562,Dealer,0,1,1,140.0,176.31,98.44,253.22,36.31,25.94,1
11146,Bangalore,Attibele,2,BHK,695.0013365,Owner,0,1,1,26.0,28.44,20.4,39.77,2.44,9.38,1
2620,Mohali,Sector-82 Mohali,3,BHK,2501.954652,Dealer,1,0,1,160.0,149.58,96.14,149.15,10.42,6.51,0
11938,Bangalore,Hebbal,4,BHK,3087.341898,Dealer,0,1,1,310.0,271.95,218.15,441.59,38.05,12.27,1
19796,Lalitpur,Panvel,2,BHK,1246.105919,Dealer,1,1,1,68.0,110.05,74.85,178.26,42.05,61.84,0
4441,Lalitpur,Wadala,2,BHK,992.3664122,Dealer,1,0,1,260.0,106.97,50.26,169.26,153.03,58.86,0
10544,Bangalore,Parappana Agrahara,3,BHK,1534.919417,Dealer,0,1,1,120.0,94.23,67.76,118.31,25.77,21.48,0
16405,Lalitpur,Chembur (East),2,BHK,622.6878136,Dealer,0,1,1,170.0,166.69,135.02,225.9,3.31,1.95,1
25039,Jaipur,Mansarovar,3,BHK,1349.872309,Dealer,0,1,1,37.0,41.61,29.47,61.7,4.61,12.46,1
11282,Bangalore,Hongasandra,3,BHK,1886.001676,Owner,0,1,1,180.0,122.42,79.21,151.92,57.58,31.99,0
22651,Bangalore,Jp Nagar 1 St Phase Shakambari Nagara,3,BHK,1300.052002,Owner,0,1,1,100.0,73.51,47.1,92.83,26.49,26.49,0
11931,Ghaziabad,Bhopura,2,BHK,965.3270292,Dealer,1,1,1,24.5,32.34,22.99,51.02,7.84,32.0,1
28824,Bhilai,Risali,2,BHK,1000.0,Owner,0,1,1,21.0,29.72,18.85,43.59,8.72,41.52,1
28228,Mumbai,Sector-11 Ghansoli,3,BHK,1684.0417,Dealer,0,1,1,210.0,229.98,133.04,269.92,19.98,9.51,1
28537,Mumbai,Roadpali,2,BHK,1095.057034,Dealer,0,1,1,72.0,82.92,61.05,118.28,10.92,15.17,1
18557,Chennai,Jawaharlal Nehru Road,3,BHK,1300.091771,Owner,0,1,1,170.0,70.09,47.42,147.6,99.91,58.77,0
13722,Noida,Sector-134 Noida,2,BHK,942.0496717,Dealer,1,1,1,33.0,38.91,26.76,53.33,5.91,17.91,1
35,Maharashtra,Mulund (West),2,BHK,857.7861968000001,Dealer,1,1,0,240.0,159.75,109.32,191.65,80.25,33.44,0
4724,Lalitpur,Karanjade,1,BHK,530.055918,Dealer,0,1,1,45.5,54.1,25.49,80.05,8.6,18.9,1
27806,Bangalore,Langford Town,3,BHK,1715.885487,Owner,0,1,1,190.0,117.4,78.6,160.12,72.6,38.21,0
27920,Lalitpur,Sector 28 Vashi,4,BHK,1600.0,Dealer,0,1,1,160.0,659.82,135.53,350.73,499.82,312.39,1
7242,Sonipat,Kundli,2,BHK,1260.952381,Dealer,0,1,1,33.1,32.44,25.99,60.22,0.66,1.99,1
12839,Bangalore,Byagadadhenahalli,2,BHK,711.0127982000001,Owner,0,1,1,45.0,30.01,20.33,41.18,14.99,33.31,0
451,Jaipur,Jagatpura,2,BHK,1100.3757380000002,Dealer,0,1,1,20.5,32.04,21.64,49.7,11.54,56.29,0
5321,Jamshedpur,Adityapur,2,BHK,817.1912833,Owner,0,1,1,27.0,24.32,17.28,32.27,2.68,9.93,1
23826,Bhavnagar,Vidhyanagar,2,BHK,1069.74754,Owner,1,1,1,25.0,22.84,19.02,43.06,2.16,8.64,1
1095,Ghaziabad,Indirapuram,4,BHK,2100.375857,Owner,0,1,1,95.0,114.98,67.21,177.19,19.98,21.03,1
3122,Faridabad,Sector 78 Faridabad,2,BHK,1000.0,Dealer,1,0,1,25.8,29.12,23.8,34.41,3.32,12.87,1
25823,Lalitpur,Sector 11 Kharghar,2,BHK,1050.037501,Dealer,0,1,1,98.0,101.41,85.15,147.84,3.41,3.48,1
2980,Raipur,Boria Kalan,2,BHK,700.280112,Owner,0,1,1,7.5,25.0,12.79,33.16,17.5,233.33,0
3118,Indore,Bhawrasla,2,BHK,1008.403361,Owner,0,1,1,24.0,30.74,19.75,36.36,6.74,28.08,1
13032,Mysore,3rd Stage Vijayanagar,2,BHK,1343.090033,Owner,0,1,1,72.5,59.07,40.96,74.93,13.43,18.52,1
15880,Maharashtra,Wadala,2,BHK,1341.96861,Dealer,1,1,1,230.0,265.16,171.92,409.04,35.16,15.29,1
10072,Ghaziabad,Raj Nagar Extension,2,BHK,1273.333333,Dealer,1,0,1,38.2,47.92,37.06,54.06,9.72,25.45,1
17321,Mumbai,Sector-20 Roadpali,2,BHK,1090.08327,Dealer,0,1,1,72.0,114.17,46.02,169.09,42.17,58.57,1
18872,Noida,Chhalera,2,BHK,975.2547307,Dealer,0,1,1,26.8,40.24,26.12,62.25,13.44,50.15,1
5444,Surat,Vesu,3,BHK,2558.1395350000003,Dealer,0,1,1,110.0,108.52,100.55,173.32,1.48,1.35,1
10489,Mathura,Shashtri Nagar,1,BHK,609.9960645,Dealer,0,1,1,15.5,17.59,10.02,30.96,2.09,13.48,1
9806,Lalitpur,Mulund (West),2,BHK,594.0510035,Dealer,1,0,0,140.0,132.17,111.9,158.96,7.83,5.59,1
18710,Maharashtra,Wadala,1,BHK,454.9978672,Dealer,1,1,1,160.0,174.49,73.12,152.1,14.49,9.06,0
7987,Nellore,Nawabpet,2,BHK,1189.7307449999998,Owner,0,0,1,38.0,40.96,30.28,55.66,2.96,7.79,1
4766,Bangalore,Indira Nagar,3,BHK,1709.9100440000002,Dealer,0,0,1,230.0,131.24,82.3,182.9,98.76,42.94,0
5503,Bangalore,7th Phase JP Nagar,3,BHK,1800.0720030000002,Dealer,0,1,1,150.0,116.07,69.85,191.53,33.93,22.62,1
22970,Lalitpur,Kalamboli,1,BHK,670.0441248999999,Owner,0,1,1,41.0,37.97,17.88,91.81,3.03,7.39,1
18109,Maharashtra,Vakola,2,BHK,1006.036217,Dealer,1,1,1,210.0,107.95,34.18,197.62,102.05,48.6,0
7099,Pune,Sus,2,BHK,600.5495224,Builder,1,0,0,45.9,47.36,27.5,57.22,1.46,3.18,1
15241,Lalitpur,Shastri Nagar,3,BHK,1250.0,Dealer,0,1,1,340.0,209.6,69.89,282.94,130.4,38.35,0
1547,Indore,Annapurna Main Road,4,BHK,2777.006387,Dealer,0,0,1,100.0,204.06,113.83,315.14,104.06,104.06,0
14363,Pune,Wakad,3,BHK,1498.963483,Dealer,0,1,1,94.0,107.69,74.27,153.94,13.69,14.56,1
17551,Bangalore,Shantiniketan Layout,3,BHK,1512.096774,Owner,0,1,1,90.0,90.98,61.42,128.62,0.98,1.09,1
22467,Bangalore,Whitefield,3,BHK,1418.2800539999998,Owner,0,1,1,63.0,76.5,58.21,102.66,13.5,21.43,1
22293,Pune,Tathawade,2,BHK,1099.627945,Dealer,1,0,1,53.2,63.37,55.41,79.3,10.17,19.12,0
13891,Lalitpur,Dhokali,2,BHK,656.0897054,Dealer,1,0,1,110.0,107.15,43.68,157.36,2.85,2.59,1
12164,Chennai,Medavakkam,3,BHK,1584.847313,Dealer,0,1,1,82.0,98.63,69.19,129.65,16.63,20.28,1
28125,Chennai,Thirumazhisai,1,BHK,575.0130684999999,Owner,0,1,1,22.0,21.87,19.94,36.08,0.13,0.59,1
17926,Mumbai,Nalasopara East,1,BHK,659.8984772000001,Dealer,1,1,1,32.5,31.02,25.54,84.64,1.48,4.55,1
13476,Mumbai,Majiwada,2,BHK,475.0154226,Dealer,1,0,0,77.0,83.11,76.68,117.14,6.11,7.94,1
24996,Maharashtra,Anjurdive,2,BHK,524.2005941000001,Dealer,1,0,0,60.0,96.62,48.61,170.18,36.62,61.03,1
2143,Pune,Wakad,3,BHK,2118.644068,Dealer,0,1,1,130.0,176.86,118.11,256.46,46.86,36.05,1
24147,Kochi,Kaloor,3,BHK,1700.087184,Dealer,0,1,1,78.0,107.99,73.5,149.76,29.99,38.45,1
3069,Chandigarh,Zirakpur,3,BHK,1709.3333329999998,Dealer,1,1,1,64.1,62.22,51.05,78.18,1.88,2.93,1
10665,Raigad,Khalapur,2,BHK,890.3133902999999,Owner,0,1,1,25.0,25.89,22.6,47.03,0.89,3.56,1
11452,Lalitpur,Nirmal Nagar,3,BHK,1350.040079,Dealer,0,1,1,320.0,153.78,69.9,214.3,166.22,51.94,0
8748,Kolkata,Jadavpur,2,BHK,1040.0,Dealer,0,1,1,65.0,60.99,32.41,70.73,4.01,6.17,1
8963,Pune,Chakan,1,BHK,588.0969183999999,Owner,0,1,1,25.0,30.36,20.75,36.61,5.36,21.44,1
3014,Chennai,Thirumudivakkam,3,BHK,1499.000666,Owner,0,1,1,90.0,81.38,60.24,133.71,8.62,9.58,1
6229,Vadodara,Alkapuri,3,BHK,2200.30349,Owner,0,1,1,87.0,77.24,51.08,150.17,9.76,11.22,1
15548,Guwahati,Rukmini Gaon,2,BHK,1060.0,Owner,0,0,1,53.0,39.69,33.41,56.15,13.31,25.11,1
27906,Vadodara,Nehru Chacha Nagar,3,BHK,1660.516605,Owner,1,1,1,45.0,46.94,47.7,65.09,1.94,4.31,0
8931,Bangalore,Kengeri Hobli,2,BHK,1200.0,Dealer,0,1,1,42.0,74.62,47.02,106.5,32.62,77.67,0
4211,Maharashtra,4 Bunglows,3,BHK,1799.0141399999998,Dealer,1,1,1,500.0,491.2,207.37,595.12,8.8,1.76,1
28213,Bangalore,Marathahalli,3,BHK,1494.768311,Dealer,0,1,1,120.0,88.81,60.96,125.96,31.19,25.99,1
9203,Pune,Baner,3,BHK,1689.569723,Dealer,1,0,1,150.0,136.85,98.66,184.5,13.15,8.77,1
25204,Lalitpur,Balkum,2,BHK,720.0299233,Dealer,1,0,1,77.0,106.71,43.87,179.47,29.71,38.58,1
27842,Nagpur,Babde Layout,2,BHK,945.0171821,Owner,0,1,1,22.0,36.93,22.34,50.39,14.93,67.86,0
9817,Pune,Shivneri Nagar,1,BHK,610.0156051,Dealer,0,1,1,43.0,35.86,15.67,39.1,7.14,16.6,0
18656,Kolkata,Salt Lake,3,BHK,1435.063382,Dealer,0,0,1,120.0,82.05,48.2,133.26,37.95,31.63,1
15490,Durg,Bimleswari Colony,2,BHK,695.0880445,Owner,0,1,1,30.0,24.71,12.79,32.39,5.29,17.63,1
14762,Kolkata,Andul Road,3,BHK,1000.0,Dealer,0,0,1,26.0,42.76,29.02,67.23,16.76,64.46,0
24917,Kolkata,Kaikhali,2,BHK,1348.387097,Dealer,0,1,1,41.8,65.96,43.85,82.42,24.16,57.8,0
6984,Visakhapatnam,Yendada,3,BHK,1983.20112,Owner,0,1,1,85.0,101.95,57.58,163.51,16.95,19.94,1
13702,Lalitpur,Chembur (East),2,BHK,1163.805644,Dealer,0,1,1,240.0,201.48,159.74,264.59,38.52,16.05,1
21298,Surat,Adajan,1,BHK,700.0259269,Owner,0,1,1,27.0,154.33,13.07,30.68,127.33,471.59,1
24769,Bangalore,Devanahalli,3,BHK,1200.0,Owner,0,1,1,60.0,59.36,43.69,80.07,0.64,1.07,1
17963,Kanpur,Gandhigram,3,BHK,1721.2765960000002,Dealer,0,1,1,80.9,84.84,46.93,120.25,3.94,4.87,1
18804,Indore,SARVA SAMPANNA NAGAR,2,BHK,950.4608295,Owner,0,1,1,16.5,23.2,16.66,32.82,6.7,40.61,0
25109,Lalitpur,Malad (West),1,BHK,650.0171057,Dealer,0,1,1,95.0,88.49,81.74,108.88,6.51,6.85,1
12514,Bangalore,Munnekollal,3,BHK,1666.025887,Owner,0,1,1,130.0,107.27,74.56,146.44,22.73,17.48,1
4820,Allahabad,George Town,3,BHK,1434.72023,Owner,0,1,1,110.0,57.56,35.94,79.26,52.44,47.67,0
7816,Lalitpur,Dombivli (East),3,BHK,769.2307692,Dealer,1,0,0,79.9,115.98,60.69,219.58,36.08,45.16,1
11998,Lalitpur,Thakur Village,2,BHK,1050.0,Dealer,0,1,1,210.0,167.49,50.04,226.79,42.51,20.24,1
24614,Chennai,Purasaiwalkam,2,BHK,1050.080775,Owner,0,1,1,52.0,69.63,37.68,80.37,17.63,33.9,1
19110,Guwahati,Lalganesh Tinali,3,BHK,1428.571429,Owner,0,1,1,50.0,61.46,47.0,88.46,11.46,22.92,1
12706,Kolkata,Rajarhat,2,BHK,1145.155113,Dealer,0,1,1,29.9,64.12,39.05,87.91,34.22,114.45,0
26211,Chennai,Mambakkam,1,BHK,612.0664529000001,Owner,1,1,1,42.0,25.95,21.12,39.58,16.05,38.21,0
5982,Bangalore,Babusapalaya,2,BHK,1099.807534,Owner,0,1,1,40.0,58.69,39.44,75.72,18.69,46.73,1
13780,Aurangabad,Cannought Palce,2,BHK,650.0171057,Owner,0,1,1,38.0,32.83,13.41,37.4,5.17,13.61,0
8560,Chennai,Perungudi,1,BHK,600.0,Dealer,1,0,0,46.8,42.49,25.49,55.34,4.31,9.21,1
25525,Pondicherry,Saram,3,BHK,4587.155963,Owner,0,1,0,60.0,42.45,25.06,289.42,17.55,29.25,1
8649,Mumbai,Hiranandani Gardens - Powai,4,BHK,2773.969327,Dealer,0,1,1,870.0,715.36,307.88,860.08,154.64,17.77,0
15151,Bhubaneswar,Kharavela Nagar,3,BHK,2176.183844,Dealer,0,1,1,250.0,128.05,83.76,221.2,121.95,48.78,0
17245,Kolkata,Kestopur,2,BHK,890.116636,Dealer,0,1,1,29.0,34.13,23.11,46.27,5.13,17.69,1
2635,Chandigarh,Zirakpur,2,BHK,1124.903026,Dealer,1,1,1,29.0,33.3,33.05,45.98,4.3,14.83,0
14782,Bangalore,Basavanna Nagar,3,BHK,1450.209475,Owner,0,1,1,90.0,77.31,59.48,122.88,12.69,14.1,1
1628,Bangalore,Kasavanhalli,3,BHK,1609.0693,Owner,0,1,1,88.0,92.79,67.71,126.05,4.79,5.44,1
4110,Bangalore,Banashankari,3,BHK,1260.040951,Dealer,0,1,1,80.0,78.83,47.48,109.13,1.17,1.46,1
23550,Vadodara,New Karelibaug,2,BHK,900.090009,Owner,0,1,1,30.0,27.12,18.37,34.28,2.88,9.6,1
10516,Chandigarh,Zirakpur,3,BHK,1460.071514,Dealer,0,1,1,49.0,46.97,37.9,62.31,2.03,4.14,1
29078,Noida,Sector-78 Noida,3,BHK,1389.854065,Owner,1,1,1,60.0,71.6,52.19,82.68,11.6,19.33,1
9151,Bangalore,Garudachar Palya,3,BHK,1733.3333329999998,Dealer,0,1,1,130.0,134.23,84.26,168.75,4.23,3.25,1
8988,Mumbai,Ranjnoli,1,BHK,599.245283,Dealer,1,0,1,39.7,38.49,22.66,82.91,1.21,3.05,1
17112,Maharashtra,Sector-8 Ulwe,1,BHK,655.0218341,Dealer,0,1,1,42.0,65.92,56.03,107.62,23.92,56.95,0
10015,Mumbai,Kalyan (West),1,BHK,600.0,Dealer,0,1,1,34.8,48.39,31.11,75.51,13.59,39.05,1
19367,Sonipat,Sector 10,2,BHK,995.1663349,Owner,0,1,1,35.0,30.68,22.12,47.9,4.32,12.34,1
6013,Noida,Sector-107 Noida,2,BHK,1295.081967,Dealer,1,1,1,79.0,66.72,51.99,78.33,12.28,15.54,0
3289,Surat,Katargam,1,BHK,840.3361345000001,Owner,0,1,1,16.0,17.64,11.59,30.17,1.64,10.25,1
26286,Bangalore,Vijayanagar,3,BHK,1550.008158,Owner,0,1,1,190.0,98.46,68.48,134.38,91.54,48.18,0
27090,Madurai,P And T Nagar,3,BHK,1135.273425,Owner,0,1,1,35.5,63.11,31.66,87.94,27.61,77.77,1
13300,Aurangabad,Garkheda Aurangabad,2,BHK,850.0188893,Owner,0,1,1,45.0,29.66,18.13,40.54,15.34,34.09,0
13725,Maharashtra,Chembur,2,BHK,1295.071911,Dealer,1,0,1,190.0,230.5,164.7,315.91,40.5,21.32,1
25534,Noida,Sector-151 Noida,2,BHK,953.0533004,Dealer,1,1,1,27.0,33.94,23.34,53.33,6.94,25.7,1
4150,Noida,Sector-168 Noida,3,BHK,1165.1816310000002,Dealer,0,1,1,51.0,52.56,38.12,77.9,1.56,3.06,1
3086,Bangalore,Thurahalli,3,BHK,1640.240569,Dealer,0,1,1,60.0,99.37,74.18,141.7,39.37,65.62,0
27804,Jaipur,Sirsi Road,2,BHK,774.1935484,Owner,0,1,1,24.0,21.83,12.99,40.31,2.17,9.04,1
27732,Bangalore,Whitefield,3,BHK,1713.796058,Dealer,1,1,1,100.0,119.47,80.65,155.45,19.47,19.47,1
20414,Lalitpur,Tagore Nagar,2,BHK,978.313253,Builder,1,0,0,40.6,55.33,31.21,128.05,14.73,36.28,1
28679,Mumbai,Malad (East),2,BHK,989.1949475,Dealer,0,1,1,130.0,164.61,133.97,182.53,34.61,26.62,0
8475,Noida,Sector-119 Noida,3,BHK,1775.037369,Owner,0,1,1,95.0,92.37,73.55,113.72,2.63,2.77,1
11268,Mumbai,Koldongri,2,BHK,1126.7777199999998,Dealer,0,1,1,370.0,158.05,75.54,319.72,211.95,57.28,0
28198,Lalitpur,Govind Nagar,2,BHK,1050.0,Builder,1,0,0,44.1,57.93,37.66,119.25,13.83,31.36,1
14305,Faridabad,Sector 82 Faridabad,3,BHK,2030.685921,Dealer,0,1,1,67.5,82.37,57.68,121.3,14.87,22.03,1
23306,Chennai,Noombal,3,BHK,1137.109119,Owner,0,1,1,52.0,59.22,43.22,76.54,7.22,13.88,1
8937,Pune,Manjri,1,BHK,629.0507052999999,Dealer,0,1,1,33.0,35.35,25.29,53.37,2.35,7.12,1
1422,Agra,Shastripuram,2,BHK,1237.38196,Dealer,0,1,1,38.0,39.01,25.84,57.02,1.01,2.66,1
29238,Bangalore,Banjara Layout,2,BHK,1079.487179,Dealer,0,0,1,42.1,61.18,38.99,84.02,19.08,45.32,1
6682,Lalitpur,Parel,2,BHK,1300.031516,Dealer,1,1,1,330.0,354.16,170.84,418.78,24.16,7.32,1
20768,Lalitpur,Andheri (East),2,BHK,1375.065479,Dealer,0,1,1,210.0,282.15,179.71,351.89,72.15,34.36,1
12188,Maharashtra,Mira Road,3,BHK,1265.148488,Dealer,0,1,1,95.0,107.48,99.63,147.01,12.48,13.14,0
14830,Jaipur,Ganesh Nagar,2,BHK,1060.220526,Owner,0,1,1,25.0,33.24,21.95,48.34,8.24,32.96,1
23272,Kolkata,Baranagar Municipality,2,BHK,500.0,Dealer,0,1,1,16.0,24.51,14.24,41.34,8.51,53.19,1
17817,Pune,Bhunde Vasti,4,BHK,2500.0,Dealer,0,1,1,170.0,268.93,145.97,336.77,98.93,58.19,1
14444,Lalitpur,Kamothe,2,BHK,1049.868766,Dealer,1,1,1,80.0,98.71,58.94,147.39,18.71,23.39,1
18191,Gurgaon,Sector-67 Gurgaon,3,BHK,2427.184466,Dealer,0,1,1,170.0,184.51,128.57,248.04,14.51,8.54,1
23919,Kolkata,Subhas Sarobar Park,2,BHK,800.0,Owner,0,1,1,60.0,29.49,22.46,42.66,30.51,50.85,0
2297,Varanasi,Paharia,2,BHK,950.0,Owner,0,1,1,38.0,36.38,21.39,47.88,1.62,4.26,1
1236,Chennai,Gnanamoorthy Nagar,2,BHK,895.1661029999999,Owner,0,1,1,45.0,49.12,22.96,59.71,4.12,9.16,1
5949,Lalitpur,Borivali (East),3,BHK,2132.687763,Dealer,1,1,1,370.0,369.89,213.07,463.16,0.11,0.03,1
17482,Ghaziabad,Crossing Republik,2,BHK,1270.491803,Dealer,0,1,1,31.0,44.52,34.53,68.72,13.52,43.61,0
27231,Thanjavur,Kumbakonam,3,BHK,1348.314607,Owner,0,1,1,36.0,53.52,40.29,74.3,17.52,48.67,0
11912,Lalitpur,Wardha Road,3,BHK,995.9893048,Dealer,0,0,1,14.9,227.65,52.28,339.47,212.75,1427.85,0
14755,Faridabad,Sector 86 Faridabad,2,BHK,591.9304179999999,Dealer,1,1,1,24.5,21.31,20.82,27.72,3.19,13.02,1
5751,Bangalore,Ardendale,4,BHK,2422.089456,Dealer,0,1,1,150.0,249.73,90.82,247.96,99.73,66.49,1
27489,Dehradun,Mussoorie Road,1,BHK,826.0447036,Dealer,0,0,1,34.0,35.52,15.88,53.07,1.52,4.47,1
3420,Chandigarh,Zirakpur,4,BHK,2189.01224,Dealer,1,1,1,76.9,75.78,67.56,116.92,1.12,1.46,1
10691,Patna,Ara garden road,3,BHK,1250.0,Owner,0,1,1,65.0,51.58,30.35,73.22,13.42,20.65,1
16784,Ghaziabad,Indirapuram,2,BHK,950.269243,Owner,0,1,1,30.0,42.37,25.33,50.14,12.37,41.23,1
29325,Jaipur,Jagatpura,2,BHK,1248.884924,Owner,0,1,1,42.0,43.77,29.28,61.65,1.77,4.21,1
11443,Noida,Sector-110 Noida,3,BHK,1428.279943,Dealer,1,1,1,70.0,66.97,50.11,85.1,3.03,4.33,1
24896,Gurgaon,Sector-77 Gurgaon,3,BHK,1649.122807,Dealer,1,0,0,94.0,101.72,76.7,152.09,7.72,8.21,1
12947,Surat,Palanpur,3,BHK,1680.107527,Dealer,1,0,1,50.0,63.15,54.65,68.56,13.15,26.3,0
13898,Kolkata,Dum Dum Metro,3,BHK,1356.456044,Dealer,0,0,1,79.0,61.52,43.06,95.24,17.48,22.13,1
11624,Ghaziabad,Raj Nagar Extension,3,BHK,1590.214067,Dealer,1,1,1,52.0,59.44,41.78,74.61,7.44,14.31,1
1985,Ghaziabad,Kaushambi,3,BHK,1299.378882,Dealer,0,1,1,52.3,60.99,37.48,88.84,8.69,16.62,1
21398,Bangalore,7th Phase JP Nagar,3,BHK,1612.903226,Dealer,0,1,1,120.0,103.16,64.86,125.53,16.84,14.03,1
14447,Patna,Khagaul Road,3,BHK,1275.214468,Owner,1,0,1,55.0,51.99,31.16,71.63,3.01,5.47,1
19883,Rajkot,Radhika Park,2,BHK,620.0348769999999,Owner,0,1,1,32.0,25.96,14.71,40.68,6.04,18.88,1
11934,Jamnagar,Patel Colony,2,BHK,906.2661833,Owner,0,1,1,17.5,22.26,19.29,41.06,4.76,27.2,0
20769,Pune,Bavdhan,3,BHK,1421.666193,Dealer,1,1,1,100.0,113.16,77.91,142.34,13.16,13.16,1
9615,Mohali,Kharar,3,BHK,2180.566182,Dealer,1,1,1,57.0,76.79,62.84,142.96,19.79,34.72,0
7892,Vadodara,Navapura,2,BHK,650.0742942,Owner,0,1,1,35.0,21.72,13.21,34.08,13.28,37.94,0
27312,Gurgaon,Sector-104 Gurgaon,3,BHK,2340.82397,Dealer,1,1,1,150.0,166.11,122.0,215.4,16.11,10.74,1
6053,Lalitpur,Powai,3,BHK,1492.219143,Dealer,0,1,1,420.0,337.73,217.23,452.17,82.27,19.59,1
17798,Bhiwadi,Alwar Bypass Road,2,BHK,819.9409642999999,Owner,1,0,1,25.0,21.27,14.44,34.59,3.73,14.92,1
24466,Lalitpur,Sector-35G Kharghar,2,BHK,1060.029957,Dealer,0,1,1,92.0,107.45,54.58,163.6,15.45,16.79,1
16604,Lalitpur,Sector-35G Kharghar,2,BHK,1011.494253,Dealer,0,1,1,110.0,107.25,52.83,164.9,2.75,2.5,1
15577,Surat,Althan,2,BHK,1385.041551,Dealer,0,1,1,55.0,55.18,41.65,57.85,0.18,0.33,1
4064,Mumbai,Sector-18 Ulwe,1,BHK,650.0893873,Dealer,0,1,1,40.0,53.22,41.47,88.12,13.22,33.05,0
23025,Neemrana,NH-8,1,BHK,410.0084104,Owner,0,1,1,58.5,14.95,5.13,29.2,43.55,74.44,0
670,Lalitpur,Worli,4,BHK,1429.272351,Dealer,1,0,0,670.0,742.52,220.38,823.58,72.52,10.82,1
6544,Lalitpur,Sector-20 Roadpali,2,BHK,1215.032495,Dealer,0,1,1,86.0,130.38,63.79,191.36,44.38,51.6,1
4178,Raigad,Pen,1,BHK,567.8579258999999,Builder,0,1,0,25.9,9.8,13.9,23.76,16.1,62.16,0
12717,Lalitpur,Vaishali Nagar,1,BHK,625.0,Dealer,0,1,1,97.0,54.77,24.37,81.7,42.23,43.54,0
24242,Pune,Undri,2,BHK,1069.887834,Dealer,1,1,1,62.0,59.87,53.61,84.36,2.13,3.44,1
20788,Chennai,Valasaravakkam,3,BHK,1630.181649,Dealer,0,1,1,140.0,122.08,74.21,162.28,17.92,12.8,1
2549,Faridabad,Suraj Kund,4,BHK,4158.580538,Dealer,0,1,1,300.0,300.42,167.46,449.19,0.42,0.14,1
631,Dharuhera,NH-8,2,BHK,1223.380154,Dealer,0,1,1,27.0,50.08,27.0,65.85,23.08,85.48,1
22703,Vadodara,Vadsar,2,BHK,1099.29078,Owner,1,1,1,15.5,30.93,22.99,38.52,15.43,99.55,0
16346,Pune,Wanowrie,2,BHK,1090.728805,Dealer,0,1,1,110.0,75.37,54.69,95.67,34.63,31.48,0
19859,Bangalore,Manyata Tech Park,4,BHK,2430.654847,Owner,1,1,1,170.0,140.22,77.51,219.2,29.78,17.52,1
28857,Surat,PAL,4,BHK,2727.272727,Dealer,0,1,1,150.0,128.1,102.97,171.14,21.9,14.6,1
28195,Nagpur,Friends Colony,2,BHK,1150.086256,Dealer,0,0,1,60.0,47.21,32.89,76.81,12.79,21.32,1
5073,Pune,NIBM,2,BHK,1096.201096,Dealer,0,1,1,58.0,65.43,50.83,87.39,7.43,12.81,1
7522,Secunderabad,Sainikpuri,3,BHK,1818.181818,Owner,0,1,1,81.0,79.28,57.77,108.56,1.72,2.12,1
7249,Bangalore,Dodda Nekkundi Extension,3,BHK,1760.1987989999998,Dealer,0,1,1,85.0,131.64,82.44,189.76,46.64,54.87,1
12769,Faridabad,Sector 81 Faridabad,3,BHK,1893.603547,Dealer,1,1,1,89.7,69.71,59.37,90.88,19.99,22.29,1
11509,Bangalore,Whitefield,3,BHK,1767.007447,Dealer,0,1,1,140.0,122.68,78.68,160.24,17.32,12.37,1
7607,Faridabad,Sector 88 Faridabad,3,BHK,1800.327332,Owner,0,1,1,55.0,59.59,50.47,74.98,4.59,8.35,1
18732,Maharashtra,Mahalaxmi,4,BHK,2993.328429,Dealer,1,1,1,1180.0,1528.49,299.53,2012.69,348.49,29.53,1
8403,Chennai,Santosh Nagar,2,BHK,1100.046318,Owner,0,1,1,95.0,57.31,48.77,79.98,37.69,39.67,0
23907,Surat,Pandesara,1,BHK,758.2515611,Owner,0,1,1,17.0,26.61,13.76,28.3,9.61,56.53,1
22305,Bangalore,Harlur,2,BHK,1133.086115,Owner,0,1,1,55.0,65.27,42.34,78.86,10.27,18.67,1
23820,Ghaziabad,Bhopura,2,BHK,900.2770082999999,Owner,1,1,1,26.0,31.98,21.77,47.38,5.98,23.0,1
24409,Bangalore,Konanakunte,3,BHK,1591.005515,Owner,1,1,1,150.0,105.03,71.74,124.58,44.97,29.98,0
12970,Mohali,Kharar,2,BHK,849.7011102,Dealer,1,1,1,19.9,17.84,14.81,45.05,2.06,10.35,1
18437,Chennai,Ayappakkam,2,BHK,900.0,Dealer,0,1,1,42.3,53.42,35.02,61.97,11.12,26.29,1
24134,Jaipur,Kanak Vihar,2,BHK,1349.693252,Owner,0,1,1,55.0,53.0,35.04,83.74,2.0,3.64,1
4883,Pune,Pimple Saudagar,1,BHK,750.0,Dealer,0,1,1,60.0,47.57,33.85,48.99,12.43,20.72,0
5702,Ghaziabad,Kaushambi,1,BHK,1162.582722,Owner,0,1,1,65.0,66.42,22.14,102.56,1.42,2.18,1
7440,Maharashtra,Panvel,2,BHK,631.7774635,Dealer,1,0,0,67.0,59.93,40.5,109.29,7.07,10.55,1
5555,Bharuch,Ankleshwar,2,BHK,1628.664495,Owner,0,1,1,30.0,47.79,27.34,65.24,17.79,59.3,1
8128,Faridabad,Sector 84 Faridabad,4,BHK,1405.283867,Dealer,1,1,1,50.0,64.12,41.17,62.1,14.12,28.24,1
22282,Pune,Pandhari Nagar,2,BHK,850.0659534,Dealer,0,1,1,58.0,56.7,36.1,84.15,1.3,2.24,1
2597,Mohali,Sector-121 Mohali,3,BHK,2341.920375,Dealer,1,1,1,100.0,121.89,83.08,145.71,21.89,21.89,1
22458,Siliguri,Bhaktinagar,3,BHK,1433.691756,Owner,0,1,1,60.0,47.66,35.79,68.5,12.34,20.57,1
9594,Nagpur,Trimurti Nagar,2,BHK,900.2057613,Owner,0,1,1,35.0,36.91,23.52,49.41,1.91,5.46,1
24691,Maharashtra,Vijay Nagari,2,BHK,1014.301653,Dealer,1,1,1,100.0,110.09,33.19,159.26,10.09,10.09,1
1349,Bhiwadi,Thara,2,BHK,1110.574602,Owner,0,1,1,23.0,29.07,19.81,42.02,6.07,26.39,1
23420,Lalitpur,Kolshet Road,1,BHK,680.0618238,Dealer,1,0,1,66.0,60.49,27.44,88.89,5.51,8.35,1
17730,Kolkata,Barasat,3,BHK,940.2030839,Owner,0,1,1,25.0,34.24,22.27,41.71,9.24,36.96,1
21916,Maharashtra,Bhadra Nagar,3,BHK,907.6923077,Dealer,1,0,0,82.6,99.36,34.35,206.62,16.76,20.29,1
10595,Bhiwadi,Alwar Bypass Road,3,BHK,1280.0,Dealer,0,1,1,32.0,34.99,22.95,47.99,2.99,9.34,1
11150,Visakhapatnam,Seethammadhara,3,BHK,1393.75,Dealer,0,1,1,89.2,62.9,39.39,75.25,26.3,29.48,0
25793,Visakhapatnam,Madhurawada,2,BHK,1080.0,Builder,0,0,0,37.8,33.37,27.22,47.17,4.43,11.72,1
4618,Mumbai,Mira Road East,2,BHK,578.0346821,Dealer,0,1,1,80.0,75.3,64.71,96.95,4.7,5.88,1
14885,Lalitpur,Wadala East,2,BHK,1405.481377,Dealer,0,1,1,220.0,288.26,176.41,356.33,68.26,31.03,1
10503,Bangalore,Harlur,3,BHK,1739.595878,Dealer,0,1,1,130.0,134.23,84.26,169.17,4.23,3.25,1
8421,Dehradun,Majra,3,BHK,1050.199538,Owner,0,1,1,50.0,40.27,22.88,54.12,9.73,19.46,1
26679,Bangalore,Bellari Road,3,BHK,1450.0,Owner,1,0,1,87.0,76.53,61.76,114.43,10.47,12.03,1
1126,Faridabad,Sainik Colony,2,BHK,810.0147275,Dealer,0,1,1,33.0,25.4,17.86,56.57,7.6,23.03,1
6998,Mumbai,Govandi,2,BHK,1130.014439,Dealer,1,1,1,180.0,200.99,126.24,242.51,20.99,11.66,1
15935,Agra,Lohamandi,3,BHK,2432.01415,Owner,0,1,1,110.0,90.04,51.9,161.65,19.96,18.15,1
4776,Bangalore,8th Phase JP Nagar,3,BHK,1369.863014,Dealer,0,1,1,100.0,80.55,56.73,111.24,19.45,19.45,1
8213,Pune,Sus,1,BHK,483.3239118,Builder,1,0,0,34.2,39.14,19.3,41.9,4.94,14.44,1
16822,Pune,Balewadi,2,BHK,1150.103214,Dealer,1,1,1,78.0,73.16,55.8,102.18,4.84,6.21,1
13886,Kolkata,New Town,3,BHK,1255.01133,Dealer,0,1,1,72.0,55.8,41.58,85.63,16.2,22.5,1
275,Bangalore,Kadugodi,3,BHK,1726.017442,Owner,0,1,1,95.0,107.91,75.03,149.87,12.91,13.59,1
21484,Mumbai,Ghatkopar West,3,BHK,1334.044824,Dealer,0,1,1,250.0,319.24,199.31,381.61,69.24,27.7,1
6301,Pune,Siddartha Nagar,3,BHK,1387.015989,Dealer,0,1,1,72.0,92.16,61.52,125.81,20.16,28.0,1
3664,Pune,Wagholi,1,BHK,692.0415224999999,Owner,1,1,1,28.0,31.66,27.93,42.72,3.66,13.07,1
2292,Jamnagar,SARU SECTION ROAD,2,BHK,700.1166861,Owner,0,1,1,30.0,30.33,16.41,34.28,0.33,1.1,1
9413,Bangalore,central bangalore,3,BHK,1969.254224,Dealer,0,1,1,310.0,174.07,100.64,253.52,135.93,43.85,0
12830,Lalitpur,Sector-46 Seawoods,1,BHK,450.0070314,Dealer,0,1,1,64.0,57.25,30.45,68.35,6.75,10.55,1
280,Noida,Sector-99 Noida,1,BHK,775.1114886,Dealer,0,1,1,36.5,42.88,24.83,46.94,6.38,17.48,1
10115,Pune,Wakad,1,BHK,586.5500602999999,Dealer,0,0,1,38.9,39.94,26.51,41.17,1.04,2.67,1
16632,Noida,Sector-82 Noida,4,BHK,2200.1047670000003,Dealer,0,1,1,84.0,117.93,87.55,184.29,33.93,40.39,0
16217,Surat,Amroli,1,BHK,700.0736919999999,Owner,0,1,1,9.5,460.96,11.6,30.1,451.46,4752.21,0
16706,Bangalore,TC Palaya,2,BHK,1008.928571,Owner,0,1,1,45.2,42.42,31.01,71.2,2.78,6.15,1
17263,Noida,Noida Extension,2,BHK,883.0612791000001,Dealer,0,1,1,33.0,32.16,22.54,52.11,0.84,2.55,1
15232,Bangalore,Marathahalli,2,BHK,1195.057727,Dealer,0,1,1,59.0,72.33,45.21,96.57,13.33,22.59,1
3833,Aligarh,Swarna Jayanti Nagar,3,BHK,1300.390117,Owner,0,1,1,40.0,43.27,27.49,61.91,3.27,8.18,1
13527,Bangalore,Kaikondrahalli,3,BHK,1776.649746,Owner,0,1,1,140.0,110.45,75.28,151.25,29.55,21.11,1
1849,Lalitpur,Wadala,2,BHK,522.5570458000001,Dealer,0,0,1,150.0,90.71,39.56,132.64,59.29,39.53,0
2682,Pune,Lohegaon,1,BHK,750.0468779,Owner,0,1,1,40.0,32.25,25.71,44.54,7.75,19.38,1
25908,Maharashtra,Kanjur marg (west),3,BHK,921.6589862,Dealer,1,0,0,240.0,180.26,76.44,412.04,59.74,24.89,1
4781,Nagpur,Manish Nagar,2,BHK,1100.110011,Dealer,0,1,1,40.0,45.17,29.59,62.9,5.17,12.92,1
7838,Chennai,Guru Swamy Nagar,2,BHK,810.1851852000001,Owner,0,1,1,35.0,32.23,22.94,50.82,2.77,7.91,1
432,Ghaziabad,NH-24 Highway,2,BHK,948.6166008,Owner,0,1,1,31.2,35.99,24.39,45.41,4.79,15.35,1
6804,Bangalore,Bhuvaneshwari Nagar,3,BHK,1750.036459,Owner,0,1,1,120.0,121.46,78.6,161.7,1.46,1.22,1
4158,Bangalore,Sarjapur Road,2,BHK,1158.940397,Dealer,1,1,1,70.0,61.45,45.08,81.81,8.55,12.21,1
17709,Pune,Punawale,3,BHK,875.111243,Dealer,1,0,1,59.0,59.65,50.43,88.94,0.65,1.1,1
6921,Ghaziabad,Mohan Nagar,2,BHK,1100.0,Owner,1,1,1,55.0,47.6,31.89,55.74,7.4,13.45,1
8175,Mumbai,Mira Road,3,BHK,1184.931507,Dealer,1,1,1,86.5,116.3,83.16,178.3,29.8,34.45,1
27608,Pune,Dhankawadi,1,BHK,667.0001668,Owner,0,1,1,40.0,31.17,23.42,44.24,8.83,22.08,1
16353,Chennai,Ksr Nagar,3,BHK,1254.125413,Owner,0,1,1,76.0,69.8,47.16,148.15,6.2,8.16,1
11484,Pune,Kothrud,3,BHK,1347.507112,Dealer,0,0,1,180.0,113.95,72.59,146.33,66.05,36.69,0
4353,Mumbai,Kolshet Road,1,BHK,408.4739312,Dealer,1,0,0,64.4,69.08,56.72,69.4,4.68,7.27,1
25478,Bangalore,Seegehalli,2,BHK,950.0959693,Owner,0,0,1,49.5,43.83,28.54,59.05,5.67,11.45,1
859,Lalitpur,Sector 21 Kharghar,3,BHK,1529.411765,Dealer,0,1,1,130.0,172.82,128.68,238.27,42.82,32.94,1
3610,Lalitpur,Kandivali (East),2,BHK,860.0301011,Dealer,0,1,1,160.0,156.17,121.34,174.41,3.83,2.39,1
15257,Surat,Godadara,1,BHK,615.1574803,Owner,0,1,1,12.5,22.78,8.55,32.79,10.28,82.24,1
5494,Bangalore,Doddaballapur,2,BHK,894.2258559,Owner,0,1,1,35.0,46.04,29.4,58.89,11.04,31.54,1
27575,Chennai,Pallikaranai,2,BHK,1242.381622,Dealer,0,1,0,79.5,77.84,50.96,108.43,1.66,2.09,1
23522,Agra,Kailashpuri,2,BHK,1000.0,Owner,0,1,1,35.0,27.55,21.17,46.84,7.45,21.29,1
27349,Ghaziabad,Bhopura,2,BHK,1260.273973,Dealer,1,1,1,32.2,49.96,36.32,78.62,17.76,55.16,0
28481,Goa,Mapusa,2,BHK,1026.135766,Owner,0,1,1,58.5,55.1,37.95,78.44,3.4,5.81,1
18428,Lalitpur,Kalyan (West),2,BHK,1100.151745,Dealer,1,1,1,58.0,92.83,64.82,149.27,34.83,60.05,0
7971,Pune,Sinhgad Road,3,BHK,1310.100878,Dealer,0,1,1,100.0,114.58,65.56,129.43,14.58,14.58,1
15460,Faridabad,Sector 82 Faridabad,3,BHK,1856.686974,Dealer,0,1,1,64.0,69.61,54.39,73.86,5.61,8.77,1
1827,Chennai,Pallavaram Kalathumedu,1,BHK,550.1076297999999,Owner,0,1,1,23.0,25.22,16.97,35.72,2.22,9.65,1
17859,Lalitpur,Chembur (East),2,BHK,1000.0,Dealer,0,1,1,250.0,174.28,141.19,244.31,75.72,30.29,0
29178,Lalitpur,Motilal Nagar III,3,BHK,1366.638828,Dealer,0,1,1,180.0,196.6,77.71,290.14,16.6,9.22,1
11373,Bangalore,Nelamangala,2,BHK,722.9832572,Dealer,0,1,1,38.0,47.37,28.53,64.89,9.37,24.66,1
9751,Noida,Sector-75 Noida,3,BHK,1550.207039,Dealer,1,1,1,59.9,77.37,61.16,94.21,17.47,29.17,0
3480,Bangalore,Sri Venkateshpura Layout,2,BHK,1098.0182109999998,Dealer,0,1,1,82.0,56.61,39.5,76.11,25.39,30.96,0
2866,Lalitpur,Sector 10 Kharghar,2,BHK,1137.656428,Dealer,0,1,1,110.0,102.5,95.7,157.21,7.5,6.82,1
22318,Kolkata,Kalikapur,4,BHK,1670.186216,Dealer,0,1,1,87.0,119.98,66.7,160.21,32.98,37.91,1
22114,Ratnagiri,Shivaji Nagar,2,BHK,1000.0,Owner,0,1,1,36.0,40.21,28.45,58.55,4.21,11.69,1
26516,Bangalore,Hebbal,2,BHK,1070.868884,Owner,1,1,1,61.5,61.81,41.08,73.24,0.31,0.5,1
8518,Noida,Chhalera,2,BHK,980.2431611,Dealer,0,1,1,25.8,40.32,26.54,62.25,14.52,56.28,0
13056,Jaipur,Jagatpura,1,BHK,680.0870510999999,Owner,0,1,1,25.0,17.46,14.55,31.44,7.54,30.16,1
17523,Mumbai,Naigaon (East),1,BHK,610.0040667000001,Dealer,1,1,1,30.0,41.15,26.06,63.04,11.15,37.17,1
26830,Bangalore,Electronic City,2,BHK,1050.199538,Dealer,1,0,1,50.0,50.85,38.68,64.18,0.85,1.7,1
24213,Kolkata,Behala Thana,2,BHK,899.8119796,Owner,0,1,1,33.5,35.68,25.61,50.65,2.18,6.51,1
29301,Ghaziabad,Raj Nagar Extension,3,BHK,1275.020565,Dealer,0,1,1,46.5,45.15,33.83,54.2,1.35,2.9,1
198,Bangalore,Harlur Road,3,BHK,1530.0,Dealer,0,1,1,76.5,90.95,68.38,120.96,14.45,18.89,1
18401,Lalitpur,4 Bunglows,3,BHK,1086.754844,Dealer,1,1,1,410.0,172.05,59.84,278.51,237.95,58.04,0
17711,Sikar,Khatu,1,BHK,798.2673267000001,Owner,0,1,1,12.9,13.37,13.84,38.84,0.47,3.64,0
1514,Jaipur,Gandhi Path,2,BHK,852.0630661,Dealer,1,0,1,25.4,29.22,18.98,40.04,3.82,15.04,1
10714,Bangalore,Hennur Gardens,2,BHK,1092.12386,Dealer,0,1,1,85.0,61.32,41.35,77.61,23.68,27.86,0
7479,Bokaro,Chira Chas,3,BHK,1313.513514,Owner,0,1,1,24.3,47.92,27.66,60.59,23.62,97.2,0
326,Vapi,Khodiyar Nagar,1,BHK,412.0213282,Owner,0,1,1,8.5,16.0,5.35,34.97,7.5,88.24,1
4594,Ghaziabad,Raj Nagar Extension,3,BHK,1402.147971,Owner,1,1,1,47.0,48.76,39.29,58.73,1.76,3.74,1
315,Bangalore,Nehru Nagar,3,BHK,1393.214227,Owner,0,1,1,85.0,204.54,121.6,356.95,119.54,140.64,0
5782,Lucknow,Vrindavan Yojna,2,BHK,1000.0,Owner,1,0,1,35.0,35.63,26.6,52.8,0.63,1.8,1
10762,Vadodara,Vasna-Bhayli-Road,3,BHK,1350.016464,Owner,1,1,1,41.0,37.99,27.84,54.86,3.01,7.34,1
22412,Gurgaon,Sector-65 Gurgaon,5,BHK,6125.434265999999,Dealer,0,1,1,670.0,572.51,255.47,1078.47,97.49,14.55,1
9636,Bangalore,RWF West Colony,3,BHK,1100.16044,Owner,0,1,1,48.0,59.82,39.16,78.04,11.82,24.62,1
11034,Pune,Manjri,2,BHK,1190.23603,Dealer,1,1,1,59.0,76.02,55.66,108.66,17.02,28.85,1
16160,Bilaspur,Sarkanda,2,BHK,1070.336391,Owner,1,1,1,28.0,33.22,22.2,44.57,5.22,18.64,1
10521,Vadodara,Soma Talav,3,BHK,1350.024546,Owner,0,1,1,55.0,40.18,29.49,51.72,14.82,26.95,0
27791,Mumbai,Manpada,3,BHK,1295.955255,Dealer,1,1,1,190.0,213.84,130.67,222.15,23.84,12.55,1
478,Bangalore,Akshayanagara East,3,BHK,1897.278651,Owner,0,1,1,99.0,128.74,90.46,185.58,29.74,30.04,1
2474,Visakhapatnam,Pothinamallayya Palem,3,BHK,2277.142857,Dealer,0,1,1,79.7,133.99,82.91,211.1,54.29,68.12,0
3306,Kolkata,Bagha Jatin Pally,2,BHK,850.1118567999999,Dealer,0,0,1,38.0,31.55,21.77,45.81,6.45,16.97,1
5343,Bhubaneswar,Dumduma,2,BHK,1550.0,Dealer,0,1,1,49.6,51.83,51.09,103.7,2.23,4.5,0
27405,Lalitpur,Laxmi Nagar,4,BHK,3148.759696,Dealer,1,1,1,410.0,357.42,136.48,890.66,52.58,12.82,1
23010,Lalitpur,Chembur (East),2,BHK,809.5455985,Dealer,1,1,0,230.0,179.21,135.17,258.85,50.79,22.08,1
782,Jalandhar,Pholriwal,2,BHK,1329.787234,Dealer,1,1,1,40.0,54.81,35.2,56.17,14.81,37.03,1
17927,Bangalore,Jakkur,3,BHK,1503.0060119999998,Owner,0,1,1,90.0,90.04,60.73,126.67,0.04,0.04,1
18549,Pune,Shankar Kalat Nagar,1,BHK,700.0622278,Dealer,0,1,1,45.0,43.51,17.36,40.62,1.49,3.31,0
19906,Jamnagar,Hirji Mistry Road,3,BHK,1600.0,Owner,0,1,1,70.0,47.94,35.27,71.06,22.06,31.51,1
16191,Mumbai,Andheri (West),4,BHK,3299.986105,Dealer,0,1,1,950.0,970.74,325.82,1262.23,20.74,2.18,1
6704,Lalitpur,Ghodbunder Road,3,BHK,1178.23479,Dealer,0,1,1,220.0,167.02,66.79,264.0,52.98,24.08,1
19615,Noida,Sector-143 Noida,2,BHK,919.9934286,Owner,1,0,1,56.0,40.06,32.82,53.87,15.94,28.46,0
20123,Maharashtra,Seawoods,2,BHK,671.6561121,Dealer,1,0,0,140.0,108.6,75.28,132.07,31.4,22.43,0
4234,Dhanbad,Nawadih,3,BHK,1175.088132,Owner,0,1,1,20.0,39.24,23.54,59.93,19.24,96.2,0
12934,Nagpur,Manish Nagar,2,BHK,750.0,Owner,0,1,1,33.0,30.29,18.09,46.65,2.71,8.21,1
13978,Chennai,Padi Kuppam,2,BHK,1099.952176,Owner,0,1,1,69.0,57.51,39.67,73.81,11.49,16.65,1
29437,Bangalore,Whitefield,2,BHK,1175.132676,Owner,1,0,1,62.0,65.23,47.88,86.36,3.23,5.21,1
16903,Patna,Rps Nagar,3,BHK,1284.246575,Dealer,0,0,1,60.0,49.78,31.2,64.56,10.22,17.03,1
22463,Mohali,Sector-85 Mohali,3,BHK,1898.253607,Dealer,1,0,1,75.0,85.88,62.19,99.42,10.88,14.51,1
26157,Maharashtra,Chembur,3,BHK,1046.928573,Dealer,1,1,1,400.0,251.21,171.01,318.23,148.79,37.2,0
4851,Bangalore,Indira Nagar,2,BHK,1252.871163,Dealer,0,1,1,120.0,86.07,49.78,110.27,33.93,28.28,0
26777,Lalitpur,Kamothe,1,BHK,550.0550055,Dealer,0,1,1,40.0,40.46,34.13,63.95,0.46,1.15,1
27155,Faridabad,Sector 45 Faridabad,3,BHK,1100.41841,Dealer,1,0,1,26.3,49.23,29.07,71.32,22.93,87.19,0
13022,Pune,Mohamadwadi,3,BHK,2087.347463,Dealer,0,1,1,130.0,184.1,119.79,280.76,54.1,41.62,1
20180,Chennai,Paruthipet,1,BHK,536.1519608,Dealer,0,0,1,17.5,31.91,21.66,44.93,14.41,82.34,0
26167,Udaipur,Mahaveer Colony Park,3,BHK,1829.965688,Owner,0,1,1,48.0,57.98,40.25,82.5,9.98,20.79,1
27342,Muzaffarpur,Ramdayalu Nagar,2,BHK,1150.121065,Dealer,0,0,1,38.0,36.72,26.95,53.68,1.28,3.37,1
1494,Faridabad,Sector 85 Faridabad,3,BHK,645.5166336,Dealer,1,0,1,29.3,23.6,21.79,36.12,5.7,19.45,1
21855,Kolkata,Brahmapur,2,BHK,720.0,Dealer,0,1,1,25.2,31.03,20.89,45.21,5.83,23.13,1
15960,Bangalore,BTM 2nd Stage,2,BHK,1099.975556,Dealer,0,1,1,45.0,62.58,41.35,85.0,17.58,39.07,1
9307,Kolkata,Moore Avenue,2,BHK,1000.0,Owner,0,1,1,47.0,63.28,28.79,64.66,16.28,34.64,1
4380,Ghaziabad,Ramprastha Greens,2,BHK,1170.091324,Dealer,1,1,1,82.0,59.9,34.77,80.7,22.1,26.95,0
7622,Jaipur,Sirsi Road,3,BHK,1552.393273,Owner,0,1,1,48.0,53.58,31.62,78.75,5.58,11.62,1
10398,Nagpur,Manewada,2,BHK,1097.0873789999998,Owner,0,1,1,33.9,42.01,29.11,59.79,8.11,23.92,1
25698,Pune,Sai Nagar,1,BHK,570.062523,Dealer,0,1,1,31.0,37.34,23.73,46.32,6.34,20.45,1
9007,Bangalore,Siddapura,4,BHK,3334.299797,Dealer,0,1,1,230.0,234.34,199.89,381.73,4.34,1.89,1
10418,Lalitpur,Mira Road,1,BHK,620.0177147999999,Dealer,1,0,1,42.0,46.41,46.29,64.52,4.41,10.5,0
16859,Faridabad,Sector 88 Faridabad,4,BHK,2359.979633,Dealer,0,1,1,92.7,94.17,73.78,137.96,1.47,1.59,1
25951,Bangalore,Rajaji Nagar,2,BHK,1351.68346,Dealer,0,1,1,110.0,116.69,58.01,126.23,6.69,6.08,1
22200,Lalitpur,Malad (West),2,BHK,718.4940365,Dealer,1,1,1,150.0,159.22,131.76,188.3,9.22,6.15,1
27872,Noida,Sector-75 Noida,3,BHK,1819.230769,Dealer,1,1,1,94.6,99.29,79.94,123.15,4.69,4.96,1
4554,Pune,Keshav Nagar,1,BHK,602.0642202,Dealer,1,1,1,42.0,45.33,16.48,48.4,3.33,7.93,1
9867,Bangalore,Konanakunte Cross,2,BHK,1354.285714,Dealer,0,1,1,47.4,82.86,57.44,115.08,35.46,74.81,0
8600,Bangalore,Doddanekundi,2,BHK,1055.023535,Dealer,0,1,1,65.0,55.23,37.3,75.48,9.77,15.03,1
13137,Lalitpur,Khar West,4,BHK,3000.063159,Dealer,0,1,1,950.0,1085.31,312.78,1374.02,135.31,14.24,1
27559,Kolkata,Garagachha,3,BHK,1301.005322,Owner,0,1,1,44.0,51.91,36.56,77.52,7.91,17.98,1
2183,Mumbai,Kolshet Road,1,BHK,697.0418225,Dealer,1,0,1,82.0,70.69,61.01,84.39,11.31,13.79,1
20153,Noida,Sector-119 Noida,2,BHK,1286.173633,Dealer,1,1,1,64.0,57.78,51.62,77.48,6.22,9.72,1
12392,Pune,Wagholi,2,BHK,680.0,Owner,1,1,1,68.0,37.97,28.88,50.57,30.03,44.16,0
2601,Noida,Sector-143 Noida,2,BHK,949.9136442,Owner,1,0,1,55.0,39.99,33.33,53.87,15.01,27.29,0
3952,Bangalore,Sahakara Nagar,2,BHK,1200.0,Owner,0,1,1,60.0,65.67,45.09,90.13,5.67,9.45,1
6162,Pune,Shewalewadi,1,BHK,675.0675068,Dealer,1,1,1,30.0,35.67,30.02,52.88,5.67,18.9,0
2579,Ghaziabad,Crossing Republik,3,BHK,1700.457816,Dealer,1,1,1,52.0,67.21,52.54,113.59,15.21,29.25,0
18181,Kolkata,Rajarhat,3,BHK,1370.0,Dealer,0,1,0,41.1,74.81,45.34,123.34,33.71,82.02,0
6194,Kolkata,New Town,3,BHK,1552.10643,Dealer,0,1,1,70.0,80.09,56.24,112.35,10.09,14.41,1
11928,Kolkata,Wood Street,4,BHK,5300.0,Dealer,0,1,1,1060.0,551.1,192.34,830.32,508.9,48.01,0
13820,Bhopal,Shirdipuram,2,BHK,852.0790729,Owner,0,1,1,25.0,24.86,16.37,36.41,0.14,0.56,1
29131,Chandigarh,Zirakpur,3,BHK,1380.006732,Dealer,1,1,1,41.0,46.38,39.04,56.8,5.38,13.12,1
26116,Bhopal,Shirdipuram,3,BHK,1580.61117,Dealer,0,1,1,30.0,55.55,34.25,85.37,25.55,85.17,0
8434,Maharashtra,Sector 12 Kharghar,2,BHK,1350.048216,Dealer,0,1,1,140.0,114.23,104.59,174.31,25.77,18.41,1
19660,Bangalore,Kalena Agrahara,2,BHK,1235.044384,Dealer,0,1,1,64.0,74.48,49.02,97.9,10.48,16.38,1
27907,Bangalore,Jakkur,3,BHK,1739.1304350000005,Dealer,1,0,1,130.0,138.24,87.1,172.96,8.24,6.34,1
25167,Maharashtra,Sector-34A Kharghar,3,BHK,1636.943224,Dealer,0,1,1,190.0,161.67,116.54,213.1,28.33,14.91,1
24985,Kolkata,Maheshtala,3,BHK,1377.410468,Dealer,0,1,1,45.0,62.89,43.14,98.04,17.89,39.76,1
22689,Lalitpur,Ulwe,1,BHK,635.039223,Dealer,0,0,1,34.0,56.55,23.65,89.08,22.55,66.32,1
7136,Chennai,Chitlapakkam,2,BHK,900.0,Dealer,0,1,1,54.0,54.4,35.14,61.58,0.4,0.74,1
6267,Maharashtra,Balkum,2,BHK,1164.483261,Dealer,1,1,1,120.0,115.73,91.33,148.06,4.27,3.56,1
21472,Kolkata,Mourigram,1,BHK,786.6666667000001,Dealer,0,0,0,23.6,23.2,24.36,49.42,0.4,1.69,0
5894,Kanpur,Panki,1,BHK,317.0289855,Owner,0,1,1,10.5,19.14,6.37,17.6,8.64,82.29,1
2337,Mohali,Dhakoli,3,BHK,2278.390886,Owner,0,1,1,64.0,95.48,63.36,122.72,31.48,49.19,1
16159,Mumbai,Dombivli (East),1,BHK,545.0581394999999,Dealer,0,1,1,45.0,41.16,30.29,74.19,3.84,8.53,1
27416,Maharashtra,New Panvel,1,BHK,694.9615289,Dealer,0,1,1,56.0,43.13,30.97,86.58,12.87,22.98,1
5584,Bangalore,Poorna Pragna Layout,3,BHK,1500.0,Dealer,0,1,1,84.0,94.85,61.52,139.1,10.85,12.92,1
12123,Gurgaon,Sector-54 Gurgaon,5,BHK,5261.640479,Dealer,0,1,1,730.0,693.03,237.44,761.0,36.97,5.06,1
12130,Junagadh,Giriraj Main Road,2,BHK,1200.0,Owner,0,1,1,15.0,35.51,22.77,56.84,20.51,136.73,0
10954,Maharashtra,Goregaon (West),2,BHK,865.0519031,Dealer,1,0,1,130.0,174.81,131.13,225.56,44.81,34.47,0
21814,Ranchi,Kanke,4,BHK,2200.1047670000003,Owner,0,1,1,84.0,100.37,50.57,149.0,16.37,19.49,1
2659,Pune,Wanwadi,2,BHK,1250.0,Dealer,0,1,1,90.0,94.73,58.8,119.64,4.73,5.26,1
20287,Jaipur,Bani Park,3,BHK,1500.110302,Owner,0,1,1,68.0,51.3,31.4,69.06,16.7,24.56,1
9087,Pune,Wagholi,3,BHK,1598.990112,Dealer,1,1,1,76.0,94.09,75.27,155.71,18.09,23.8,1
24793,Ranchi,Singh More,3,BHK,1374.313941,Dealer,0,0,1,62.6,51.41,31.94,65.19,11.19,17.88,1
17691,Mangalore,Mary Hill,2,BHK,1060.164325,Dealer,0,1,1,40.0,41.36,32.94,61.32,1.36,3.4,1
22365,Jaipur,Jagatpura,2,BHK,1136.00996,Dealer,0,1,1,36.5,35.08,24.24,52.84,1.42,3.89,1
21062,Bangalore,Vaishnavi Layout,2,BHK,710.1011894,Owner,0,1,1,40.0,39.03,23.32,49.41,0.97,2.43,1
711,Maharashtra,Mulund (West),3,BHK,1800.0,Dealer,1,0,1,270.0,268.13,186.34,330.16,1.87,0.69,1
2291,Bangalore,Electronics City Phase 1,3,BHK,1616.062684,Dealer,0,1,1,99.0,91.96,65.6,126.07,7.04,7.11,1
20656,Vadodara,Danteshwar,2,BHK,1075.268817,Owner,1,1,1,30.0,31.87,22.69,35.12,1.87,6.23,1
26518,Vadodara,Sayajigunj,1,BHK,501.7246786,Owner,0,1,1,16.0,9.65,10.38,23.07,6.35,39.69,1
17380,Maharashtra,Dhokali,1,BHK,549.9699235,Dealer,0,1,1,64.0,85.54,25.45,116.47,21.54,33.66,1
7942,Lalitpur,Savarkar Nagar,4,BHK,2727.272727,Builder,1,0,0,150.0,278.97,126.79,688.81,128.97,85.98,1
22176,Pondicherry,Kuruchikuppam,1,BHK,600.0960154,Owner,0,1,1,25.0,26.92,16.24,34.83,1.92,7.68,1
17113,Ghaziabad,Indirapuram,3,BHK,1560.20558,Dealer,1,1,1,85.0,77.79,49.21,100.91,7.21,8.48,1
11422,Lucknow,Jankipuram Extension,2,BHK,889.200561,Dealer,1,0,0,31.7,31.22,21.63,51.69,0.48,1.51,1
4715,Pune,Keshav Nagar,2,BHK,1081.081081,Dealer,1,0,1,70.0,66.58,28.45,85.49,3.42,4.89,1
1621,Lalitpur,Thane West,3,BHK,1600.0,Dealer,0,0,1,160.0,206.87,157.52,266.61,46.87,29.29,1
11095,Asansol,Munshi Bazar,2,BHK,900.0,Dealer,0,1,1,23.4,38.76,16.29,38.64,15.36,65.64,1
20997,Lalitpur,Sugat Nagar,2,BHK,1150.180743,Builder,1,0,0,35.0,57.75,46.34,136.22,22.75,65.0,0
4482,Ghaziabad,Lajpat Nagar - Ghaziabad,2,BHK,400.0,Owner,0,1,1,30.0,20.23,12.82,34.34,9.77,32.57,1
16490,Pune,Shankar Kalat Nagar,3,BHK,1528.1459539999998,Dealer,0,1,1,98.0,107.63,62.17,131.3,9.63,9.83,1
8749,Bangalore,Sunkalpalya,2,BHK,1055.176962,Owner,0,1,1,48.0,57.3,37.38,73.53,9.3,19.38,1
15294,Mangalore,Kadri,3,BHK,1899.827288,Dealer,0,0,1,110.0,101.41,69.7,126.79,8.59,7.81,1
11068,Jaipur,Jagatpura,2,BHK,1580.570547,Owner,0,1,1,41.0,55.06,30.49,94.07,14.06,34.29,1
29180,Noida,Sector-93 B Noida,4,BHK,3550.295858,Dealer,0,1,1,360.0,250.63,158.92,424.7,109.37,30.38,1
27994,Neemrana,Japanese Zone,2,BHK,1063.327032,Dealer,0,1,1,22.5,24.98,18.95,38.03,2.48,11.02,1
17449,Pune,Tukaram Nagar,2,BHK,1119.886832,Dealer,0,1,1,95.0,62.2,61.07,92.48,32.8,34.53,0
13636,Vadodara,New Sama,3,BHK,1700.02742,Owner,0,1,1,62.0,56.17,45.01,89.22,5.83,9.4,1
16866,Bangalore,Kodbisanhalli,4,BHK,2653.0411710000003,Dealer,0,1,1,270.0,232.6,146.14,369.3,37.4,13.85,1
7623,Faridabad,Sector 75 Faridabad,3,BHK,745.0424929,Dealer,1,0,1,26.3,24.83,21.77,37.91,1.47,5.59,1
873,Chandigarh,Zirakpur,2,BHK,1156.25,Dealer,1,1,1,37.0,36.63,33.44,51.0,0.37,1.0,1
24891,Bangalore,Hosahalli,2,BHK,762.0164127,Dealer,1,0,0,78.0,54.91,32.29,77.0,23.09,29.6,0
19882,Aligarh,Sikandrapur Cherat,3,BHK,1340.816963,Owner,0,1,1,43.0,45.78,29.34,66.38,2.78,6.47,1
6753,Lalitpur,Sector 8 Airoli,2,BHK,912.0620202,Dealer,0,1,1,120.0,122.61,93.42,180.06,2.61,2.17,1
7578,Pune,Kharadi,4,BHK,3369.409843,Dealer,1,1,0,330.0,264.17,212.07,400.1,65.83,19.95,1
2405,Pune,Sector No-4 Moshi,2,BHK,605.9938298999999,Owner,0,1,1,55.0,49.5,22.47,54.77,5.5,10.0,0
28483,Lalitpur,Kandivali (East),2,BHK,839.7627669999999,Dealer,1,0,1,160.0,151.99,117.42,170.79,8.01,5.01,1
9260,Nagpur,Hingna Road,1,BHK,546.875,Owner,0,1,1,10.5,21.15,13.67,33.79,10.65,101.43,0
10730,Faridabad,Sector 88 Faridabad,2,BHK,1000.0,Dealer,1,1,1,27.0,29.2,26.85,37.59,2.2,8.15,1
7587,Bangalore,Budigere Cross,2,BHK,840.0,Owner,0,1,1,42.0,37.15,24.49,55.39,4.85,11.55,1
13272,Faridabad,Sector 81 Faridabad,4,BHK,3980.288097,Dealer,1,1,1,210.0,229.56,175.6,420.95,19.56,9.31,1
27578,Maharashtra,Mira Road,1,BHK,724.3902439,Dealer,1,0,1,59.4,53.22,54.42,62.8,6.18,10.4,1
8909,Pune,Kalyani Nagar,3,BHK,2100.178515,Dealer,1,1,1,200.0,190.59,113.61,259.09,9.41,4.7,1
5745,Pune,Wakad,2,BHK,967.1179884,Dealer,0,0,1,65.0,61.5,45.44,77.29,3.5,5.38,1
6934,Maharashtra,Jankalyan Nagar,2,BHK,984.0098401,Dealer,0,1,1,120.0,117.35,64.83,253.01,2.65,2.21,1
4831,Pondicherry,7th cross extn,2,BHK,1199.904008,Owner,0,1,1,50.0,48.7,33.37,67.75,1.3,2.6,1
28234,Bangalore,Koramangala,7,BHK,5900.0531,Dealer,0,1,1,1000.0,1432.16,269.87,1256.21,432.16,43.22,1
22279,Pune,Kharadi,2,BHK,1257.861635,Dealer,1,1,1,110.0,92.86,63.22,108.72,17.14,15.58,0
1451,Noida,Sector-134 Noida,3,BHK,1310.2725369999998,Owner,1,1,1,50.0,71.95,49.07,82.72,21.95,43.9,1
18388,Mumbai,kavesar,2,BHK,780.3632236000001,Dealer,1,0,1,110.0,115.5,43.84,177.24,5.5,5.0,1
3099,Bangalore,Navodaya Nagar,2,BHK,1508.750754,Dealer,0,1,1,100.0,94.15,61.44,141.5,5.85,5.85,1
13307,Lalitpur,Wadala,2,BHK,1438.398999,Dealer,1,1,1,230.0,150.03,60.5,240.3,79.97,34.77,1
11689,Lalitpur,Laxmi Nagar,3,BHK,1020.906387,Dealer,1,0,0,230.0,162.07,57.24,175.64,67.93,29.53,0
24658,Gurgaon,Sector-104 Gurgaon,2,BHK,1097.54236,Dealer,1,0,0,71.9,86.76,47.57,98.11,14.86,20.67,1
10977,Nagpur,Lakadganj,3,BHK,1550.120565,Owner,0,1,1,90.0,71.92,52.15,106.55,18.08,20.09,1
19296,Chennai,Pattabiram,1,BHK,447.0672389,Owner,0,1,1,25.0,24.35,16.7,36.14,0.65,2.6,1
23948,Bangalore,Simhadri Layout,3,BHK,1275.045537,Owner,0,1,1,70.0,73.91,46.84,96.78,3.91,5.59,1
8926,Ghaziabad,Raj Nagar Extension,3,BHK,1475.128645,Dealer,1,1,1,43.0,54.19,40.04,64.46,11.19,26.02,1
935,Ghaziabad,Raj Nagar Extension,2,BHK,884.8080133999999,Owner,1,1,1,26.5,30.54,20.15,40.9,4.04,15.25,1
15058,Mumbai,Kanjur Marg (East),3,BHK,1756.146513,Dealer,0,1,1,280.0,248.79,129.24,264.56,31.21,11.15,0
25224,Maharashtra,Kharghar,2,BHK,738.5028533,Dealer,1,0,0,110.0,92.01,74.57,114.98,17.99,16.35,1
21703,Noida,sector-121 Noida,3,BHK,2070.141257,Dealer,1,1,1,170.0,133.26,85.83,177.06,36.74,21.61,1
24177,Pune,Kharadi,4,BHK,4355.155943,Dealer,1,1,1,310.0,284.21,223.23,615.0,25.79,8.32,1
23889,Kolkata,Kestopur,2,BHK,850.0772798,Dealer,0,1,1,22.0,30.01,20.73,41.33,8.01,36.41,1
7864,Secunderabad,Kompally,2,BHK,1080.159181,Owner,0,1,1,38.0,38.42,29.16,51.73,0.42,1.11,1
10911,Kolkata,Behala Manton,3,BHK,1339.130435,Dealer,0,1,1,61.6,61.08,42.62,102.18,0.52,0.84,1
11286,Pune,Undri,3,BHK,1509.153884,Dealer,0,1,1,61.0,101.6,67.06,143.97,40.6,66.56,0
10145,Kolkata,New garia,4,BHK,1276.744186,Dealer,0,0,1,54.9,89.75,42.43,100.27,34.85,63.48,1
5153,Haridwar,Jwalapur,1,BHK,594.1176471,Builder,1,1,0,20.2,15.22,12.15,25.52,4.98,24.65,1
5423,Noida,Sector-75 Noida,2,BHK,1150.0,Dealer,1,1,1,43.7,53.25,45.93,69.8,9.55,21.85,0
17611,Ghaziabad,Gyan Khand 3,2,BHK,800.090151,Owner,0,1,1,35.5,30.25,20.37,39.93,5.25,14.79,1
29390,Kolkata,Barasat,3,BHK,979.2909793,Builder,0,0,0,27.9,33.37,23.14,42.2,5.47,19.61,1
12742,Chennai,Sholinganallur,2,BHK,1099.96541,Dealer,1,1,1,63.6,55.16,42.81,73.65,8.44,13.27,1
17271,Jaipur,Vaishali Nagar,3,BHK,2257.017915,Owner,0,1,1,160.0,117.88,51.39,165.39,42.12,26.32,1
24344,Maharashtra,Bhadra Nagar,3,BHK,907.5708314,Dealer,1,0,0,97.7,99.36,34.35,206.62,1.66,1.7,1
28833,Faridabad,Sector 86 Faridabad,3,BHK,1909.039865,Dealer,0,1,1,68.0,68.34,54.51,73.31,0.34,0.5,1
12160,Chennai,Old Perungalathur,2,BHK,785.0834151,Owner,0,1,1,40.0,35.96,26.16,47.96,4.04,10.1,1
12149,Ghaziabad,Raj Nagar Extension,2,BHK,1150.2838359999998,Dealer,1,1,1,38.5,40.18,30.43,51.36,1.68,4.36,1
3930,Lalitpur,Worli,3,BHK,1950.014625,Dealer,0,1,1,600.0,696.19,257.76,913.48,96.19,16.03,1
28469,Bangalore,Subramanya Nagar,2,BHK,1300.108342,Dealer,0,1,1,120.0,70.59,52.83,101.25,49.41,41.18,0
19320,Jaipur,Indira Gandhi Nagar,2,BHK,753.5321821,Owner,0,1,1,24.0,22.11,15.24,37.81,1.89,7.88,1
15424,Ghaziabad,Indirapuram,3,BHK,1395.043493,Owner,0,1,1,85.0,64.71,41.01,84.17,20.29,23.87,0
20219,Lalitpur,Kalwa,1,BHK,580.0158186000001,Dealer,0,1,1,66.0,55.95,42.24,79.23,10.05,15.23,1
11566,Kolkata,Gariahat,3,BHK,1335.113485,Dealer,0,1,1,140.0,83.62,44.63,131.28,56.38,40.27,0
17395,Bangalore,Anjanapura,3,BHK,1350.256549,Owner,0,1,1,50.0,77.93,52.01,104.89,27.93,55.86,0
5323,Bangalore,Yelahanka,3,BHK,1907.112407,Dealer,0,1,1,170.0,131.67,95.24,195.38,38.33,22.55,1
4100,Bangalore,Whitefield,2,BHK,1190.003967,Owner,0,1,1,60.0,63.36,45.24,86.53,3.36,5.6,1
17680,Bangalore,Dodsworth Layout,3,BHK,1566.951567,Dealer,1,1,1,110.0,110.14,74.24,151.18,0.14,0.13,1
28856,Faridabad,Sector 88 Faridabad,2,BHK,1273.344652,Dealer,0,1,1,45.0,46.06,38.44,47.79,1.06,2.36,1
8891,Noida,Sector-34 Noida,2,BHK,484.3994871,Owner,0,1,1,34.0,31.56,20.13,46.11,2.44,7.18,1
25317,Panchkula,Sector-20 Panchkula,3,BHK,1762.1145370000002,Dealer,0,1,1,100.0,72.98,44.45,106.09,27.02,27.02,1
25664,Pune,Bhekrai Nagar,2,BHK,828.0104093,Owner,0,1,1,35.0,49.21,27.97,68.88,14.21,40.6,1
27777,Ghaziabad,Kaushambi,2,BHK,990.0990099,Owner,0,1,1,60.0,46.4,26.76,60.53,13.6,22.67,1
18368,Jaipur,Gandhi Path,2,BHK,1000.0,Dealer,0,1,0,25.0,29.57,22.39,52.21,4.57,18.28,1
4405,Chennai,Nanmangalam,2,BHK,880.938642,Dealer,0,1,1,45.8,47.64,35.45,63.97,1.84,4.02,1
2782,Chennai,Karapakkam,3,BHK,1307.189542,Dealer,0,1,1,86.0,83.72,52.7,114.43,2.28,2.65,1
26126,Kolkata,Naktala,3,BHK,1150.064923,Dealer,0,1,1,62.0,56.11,36.84,90.86,5.89,9.5,1
7558,Pune,Baner,3,BHK,1935.483871,Dealer,1,1,1,240.0,157.38,110.79,197.16,82.62,34.42,0
28643,Noida,Sector-108 Noida,3,BHK,3204.614645,Dealer,1,1,1,200.0,213.44,160.05,329.32,13.44,6.72,1
17616,Ghaziabad,Lal Kuan,1,BHK,625.0,Owner,1,1,1,17.5,19.78,13.75,33.17,2.28,13.03,1
25919,Gurgaon,Sector-70 Gurgaon,3,BHK,742.3208191000001,Dealer,1,0,1,26.1,41.61,29.69,79.06,15.51,59.43,0
10715,Bangalore,BTM 2nd Stage,3,BHK,2250.929732,Owner,0,1,1,230.0,190.76,103.47,264.4,39.24,17.06,1
27391,Lalitpur,Taloja,2,BHK,1134.90756,Dealer,1,1,1,62.0,107.18,60.45,169.95,45.18,72.87,1
23299,Madurai,Andalpuram,2,BHK,1050.175029,Owner,0,1,1,45.0,38.25,29.74,52.51,6.75,15.0,1
21846,Kolkata,VIP Haldirams,2,BHK,600.0,Owner,0,1,1,18.0,21.56,17.16,36.8,3.56,19.78,1
28089,Mohali,Sector-70 Mohali,2,BHK,1336.898396,Dealer,0,1,1,55.0,63.56,39.53,88.82,8.56,15.56,1
26803,Mathura,Laxmi Nagar,2,BHK,1800.0947420000002,Owner,0,1,1,38.0,60.38,28.67,71.34,22.38,58.89,1
10577,Noida,Sector-46 Noida,2,BHK,949.9333714,Owner,1,1,1,49.9,47.18,33.43,58.01,2.72,5.45,1
19605,Bangalore,Dollars Layout,2,BHK,1372.801373,Owner,0,1,1,160.0,82.81,57.15,114.78,77.19,48.24,0
1672,Vadodara,Subhanpura,3,BHK,1880.2679920000005,Owner,0,1,1,87.0,58.64,48.1,92.92,28.36,32.6,1
23223,Mumbai,Kamothe,2,BHK,950.0886749,Dealer,0,1,1,75.0,72.25,49.08,113.54,2.75,3.67,1
495,Nagpur,Ganeshpeth Colony,2,BHK,900.116144,Owner,0,1,1,31.0,37.58,23.52,49.41,6.58,21.23,1
19995,Maharashtra,Sector 10 Kharghar,2,BHK,1050.105011,Dealer,0,1,1,70.0,90.95,81.65,125.78,20.95,29.93,0
21492,Faridabad,Sector 86 Faridabad,2,BHK,1248.246844,Dealer,0,1,1,44.5,44.23,36.48,49.26,0.27,0.61,1
15521,Mohali,Zirakpur,3,BHK,1354.14222,Dealer,1,0,1,57.7,51.14,39.98,59.15,6.56,11.37,1
23269,Mumbai,Khandeshwar,2,BHK,1225.0,Dealer,0,1,1,98.0,111.02,69.44,152.3,13.02,13.29,1
4870,Lalitpur,Taloja,1,BHK,680.01443,Dealer,1,1,1,37.7,61.38,27.38,89.54,23.68,62.81,1
25596,Lalitpur,Hatkesh Udhog Nagar,3,BHK,1244.625481,Dealer,0,1,1,110.0,178.27,69.59,269.57,68.27,62.06,1
8299,Bangalore,Rayasandra,2,BHK,974.025974,Owner,0,1,1,48.0,43.52,30.86,61.01,4.48,9.33,1
18047,Ranchi,Lalpur,2,BHK,790.0974454,Owner,0,1,1,30.0,27.15,17.51,31.61,2.85,9.5,1
11902,Mumbai,Kolshet Road,2,BHK,843.6876822,Dealer,1,0,1,110.0,101.39,84.31,133.11,8.61,7.83,1
25566,Pune,Marunji,2,BHK,911.1617312,Owner,0,1,1,44.0,50.54,37.77,63.42,6.54,14.86,1
16724,Kolkata,New Town,2,BHK,850.0991782,Dealer,0,1,1,30.0,29.38,23.49,50.21,0.62,2.07,1
5697,Bangalore,7th Phase JP Nagar,3,BHK,1678.086981,Dealer,0,1,1,120.0,109.58,70.0,130.12,10.42,8.68,1
14087,Bangalore,Thanisandra,3,BHK,1755.900979,Dealer,0,0,1,91.5,129.25,82.96,189.49,37.75,41.26,1
3498,Nagpur,Lakadganj,3,BHK,1600.0,Owner,0,1,1,80.0,72.61,52.15,109.38,7.39,9.24,1
14560,Bangalore,Nagarbhavi,2,BHK,1124.444444,Dealer,0,0,1,50.6,62.55,43.54,90.92,11.95,23.62,1
22801,Lalitpur,Mulund (West),3,BHK,1219.059734,Dealer,1,0,1,230.0,228.26,163.99,280.25,1.74,0.76,1
18883,Noida,Sector-77 Noida,1,BHK,549.9541705,Owner,1,1,1,30.0,27.12,19.57,37.57,2.88,9.6,1
14328,Lalitpur,Malad (West),1,BHK,400.0,Dealer,0,1,1,80.0,80.91,70.32,107.21,0.91,1.14,1
1111,Bhopal,Misrod,2,BHK,1200.0,Dealer,0,1,1,21.0,34.22,20.59,58.79,13.22,62.95,1
24791,Chandigarh,Sector-47 Chandigarh,4,BHK,1554.356771,Owner,0,1,1,170.0,127.89,44.4,154.16,42.11,24.77,0
25239,Bangalore,Konanakunte,2,BHK,1150.442478,Dealer,1,0,1,130.0,75.7,49.94,89.63,54.3,41.77,0
17506,Vadodara,Bajwa,1,BHK,708.1038552,Owner,0,1,1,18.0,15.6,12.11,29.28,2.4,13.33,1
13531,Mumbai,Chembur (East),1,BHK,419.0675746,Dealer,1,1,1,120.0,102.82,71.8,124.47,17.18,14.32,1
20900,Mumbai,kavesar,2,BHK,1050.098447,Dealer,0,1,1,96.0,124.12,55.96,231.25,28.12,29.29,1
27109,Jaipur,Jagatpura,2,BHK,1049.656843,Dealer,0,1,1,26.0,28.1,20.86,43.74,2.1,8.08,1
11407,Noida,sector-121 Noida,4,BHK,3142.857143,Dealer,1,1,1,220.0,202.13,143.2,296.71,17.87,8.12,1
12555,Faridabad,Sector 86 Faridabad,2,BHK,591.9395466,Dealer,1,1,1,23.5,21.31,20.82,27.72,2.19,9.32,1
8753,Indore,Manavta Nagar,1,BHK,595.0167347999999,Owner,0,1,1,16.0,23.99,9.96,27.53,7.99,49.94,1
12156,Jamshedpur,Adityapur,3,BHK,1300.191205,Owner,0,1,1,34.0,42.99,27.05,57.55,8.99,26.44,1
19361,Maharashtra,Dhokali,2,BHK,770.0033477999999,Dealer,0,1,1,92.0,121.34,31.76,174.02,29.34,31.89,1
7353,Agra,Shaheed Nagar,4,BHK,600.0375022999999,Owner,0,1,1,32.0,38.03,16.17,51.9,6.03,18.84,1
15972,Mumbai,Mulund (West),3,BHK,1126.985858,Dealer,1,1,1,310.0,209.21,152.1,245.58,100.79,32.51,0
18611,Faridabad,Suraj Kund,4,BHK,3500.42005,Dealer,1,1,1,250.0,236.9,145.54,409.51,13.1,5.24,1
5249,Mumbai,Hiranandani Estate,2,BHK,1000.0,Dealer,1,1,1,98.0,109.35,90.07,144.21,11.35,11.58,1
10536,Bangalore,Gandhi Nagar,4,BHK,4000.0,Dealer,0,1,1,600.0,692.06,258.22,598.32,92.06,15.34,0
1117,Bangalore,Anekal,1,BHK,525.0596659,Owner,0,1,1,22.0,20.06,14.43,33.75,1.94,8.82,1
5156,Lalitpur,Urse,3,BHK,1584.786054,Builder,1,0,0,110.0,124.77,70.61,252.56,14.77,13.43,1
2325,Bangalore,Banaswadi,2,BHK,1188.461538,Dealer,0,1,1,61.8,68.77,46.95,100.95,6.97,11.28,1
6376,Visakhapatnam,Gajuwaka,2,BHK,1000.0,Owner,0,1,1,36.0,33.97,20.84,51.45,2.03,5.64,1
25331,Bharuch,Bholav,4,BHK,1800.411523,Owner,0,1,1,70.0,78.81,39.88,102.37,8.81,12.59,1
8181,Vadodara,Bhayli,3,BHK,1280.409731,Owner,0,1,1,30.0,37.48,28.22,48.57,7.48,24.93,1
22567,Pune,Rahatani,2,BHK,910.1069775,Owner,0,1,1,57.0,56.59,41.62,63.79,0.41,0.72,1
6282,Kolkata,Madhyamgram,2,BHK,902.0501139,Dealer,0,0,1,19.8,30.8,23.5,39.71,11.0,55.56,0
12649,Mumbai,Dombivli (East),1,BHK,685.0459482000001,Dealer,0,1,1,41.0,41.78,32.66,82.84,0.78,1.9,1
797,Chennai,Iyyappanthangal,3,BHK,1425.178147,Dealer,0,1,1,60.0,81.34,59.86,116.02,21.34,35.57,1
17172,Dhanbad,Opp Ramson Apartment,3,BHK,1316.907392,Owner,0,1,1,31.0,47.92,27.66,60.59,16.92,54.58,1
11493,Lalitpur,Hiranandani Estate,2,BHK,476.3967085,Dealer,1,1,0,110.0,95.63,78.94,120.76,14.37,13.06,1
24351,Goa,Corlim,2,BHK,914.8572822999998,Owner,0,1,1,37.5,38.41,26.71,54.6,0.91,2.43,1
27596,Nagpur,Laxminagar,2,BHK,850.1594049,Dealer,0,1,1,40.0,37.37,18.14,54.76,2.63,6.58,1
16097,Pune,Moshi,2,BHK,875.1406073999999,Dealer,1,1,1,38.9,46.74,36.7,71.08,7.84,20.15,1
20124,Bangalore,Yelahanka,3,BHK,1001.001001,Dealer,0,1,1,40.0,61.02,42.51,82.22,21.02,52.55,0
24182,Indore,Scheme No 103,2,BHK,1000.0,Owner,0,1,1,38.0,26.61,17.85,34.75,11.39,29.97,0
2154,Bangalore,KR Puram,3,BHK,1934.547799,Owner,1,1,1,120.0,116.85,85.55,160.95,3.15,2.62,1
11907,Ghaziabad,Ankur Vihar,1,BHK,448.199853,Dealer,0,1,1,12.2,18.91,11.32,24.3,6.71,55.0,1
18075,Lalitpur,Khapri,2,BHK,1496.296296,Dealer,0,1,1,20.2,145.73,61.81,240.89,125.53,621.44,0
25417,Kolkata,BataNagar,2,BHK,750.0914746000001,Owner,0,1,1,20.5,33.51,22.44,40.18,13.01,63.46,0
23506,Bangalore,Shree Ananth Nagar Layout,2,BHK,960.170697,Dealer,0,1,1,27.0,38.65,24.47,57.77,11.65,43.15,1
19933,Jaipur,Vaishali Nagar,2,BHK,1210.025929,Owner,0,1,1,56.0,45.6,24.67,60.55,10.4,18.57,1
1816,Maharashtra,Mira Road East,2,BHK,955.0109308,Dealer,1,1,1,83.0,88.67,71.09,104.2,5.67,6.83,1
6791,Pune,Hadapsar,2,BHK,1105.198526,Dealer,0,1,1,54.0,75.51,52.36,103.99,21.51,39.83,1
6759,Faridabad,Sector 57 Faridabad,2,BHK,800.0,Owner,0,1,1,22.0,27.39,18.82,58.24,5.39,24.5,1
12708,Lalitpur,Bevarly Park,2,BHK,950.0577738,Dealer,0,1,1,74.0,106.66,50.11,171.04,32.66,44.14,1
26934,Bharuch,Near GNFC Township,2,BHK,960.0614439,Owner,0,1,1,25.0,26.03,15.29,36.52,1.03,4.12,1
9313,Bangalore,Bellandur,3,BHK,1989.719781,Dealer,0,1,1,120.0,151.11,90.5,219.96,31.11,25.92,1
1680,Asansol,Gopalpur,2,BHK,1014.292301,Owner,0,1,1,22.0,31.23,20.26,43.15,9.23,41.95,1
15848,Chennai,Anna Nagar West,2,BHK,675.7854821000001,Dealer,0,1,1,49.9,47.43,28.54,56.36,2.47,4.95,1
7521,Kolkata,Park Street,4,BHK,3406.1730340000004,Dealer,0,0,1,650.0,380.92,163.14,525.54,269.08,41.4,0
12966,Lalitpur,Powai,3,BHK,1575.3458380000002,Dealer,1,1,1,320.0,334.0,213.09,400.87,14.0,4.38,1
7502,Kolkata,Patuli,3,BHK,1380.0,Dealer,0,1,1,62.1,77.0,45.43,92.06,14.9,23.99,1
28231,Udupi,Manipal,2,BHK,600.0,Owner,0,1,1,15.0,37.3,13.53,36.92,22.3,148.67,1
23623,Kolkata,Sakher Bazar,3,BHK,1050.080775,Owner,0,1,1,78.0,45.99,30.94,55.2,32.01,41.04,0
3550,Bhiwadi,Thara,3,BHK,1389.532191,Owner,0,1,1,30.0,39.36,27.19,54.18,9.36,31.2,1
21106,Raipur,Urkura,3,BHK,1137.440758,Builder,1,0,0,26.4,36.45,23.24,46.18,10.05,38.07,1
8542,Lalitpur,Teen Haath Naka,2,BHK,1000.0,Dealer,0,1,1,140.0,107.9,51.27,167.83,32.1,22.93,1
10670,Mohali,Sector-66A Mohali,3,BHK,2480.442664,Dealer,1,1,1,130.0,122.57,86.87,143.35,7.43,5.72,1
21214,Faridabad,Sector 2 Faridabad,3,BHK,2250.647668,Owner,0,1,1,69.5,89.14,58.29,174.88,19.64,28.26,1
11650,Noida,Sector-128 Noida,3,BHK,1820.250284,Dealer,1,1,1,80.0,102.48,81.23,129.66,22.48,28.1,0
22226,Chandigarh,Zirakpur,4,BHK,2291.666667,Dealer,0,1,1,55.0,79.69,74.89,117.37,24.69,44.89,0
8578,Guwahati,Kalapahar,3,BHK,1323.23521,Dealer,0,0,1,46.3,52.03,41.72,60.53,5.73,12.38,1
18394,Kolkata,Tollygunge,2,BHK,834.9926988,Dealer,0,0,1,62.9,38.7,22.08,48.61,24.2,38.47,0
6608,Maharashtra,Seven Bunglow,2,BHK,700.0186672,Dealer,0,1,1,150.0,125.41,33.72,177.59,24.59,16.39,1
24125,Chennai,Baradwaj Nagar,1,BHK,494.0711462,Owner,0,1,1,20.0,21.99,15.86,31.76,1.99,9.95,1
14621,Meerut,Meerut Bypass,4,BHK,2535.083748,Owner,0,1,1,56.0,99.41,60.95,135.85,43.41,77.52,0
25744,Bhimavaram,vishakoderu,2,BHK,1080.246914,Owner,0,1,1,28.0,37.93,29.0,50.71,9.93,35.46,0
8263,Raigad,Pen,1,BHK,600.0,Owner,0,1,1,33.0,25.61,15.17,26.51,7.39,22.39,0
21462,Bhiwadi,Alwar Bypass Road,2,BHK,974.8781402,Owner,1,0,1,26.0,26.01,16.73,36.18,0.01,0.04,1
14673,Ghaziabad,Gyan Khand 3,2,BHK,1200.082764,Owner,0,1,1,58.0,47.1,33.46,66.82,10.9,18.79,1
48,Lalitpur,Balkum,1,RK,475.0103263,Dealer,0,1,1,46.0,54.27,25.59,85.71,8.27,17.98,1
12616,Kochi,Kakkanad,3,BHK,1701.837985,Dealer,0,1,1,75.0,89.92,67.63,132.29,14.92,19.89,1
28863,Bangalore,Jalahalli,3,BHK,1939.237233,Dealer,0,1,1,120.0,138.18,98.83,194.93,18.18,15.15,1
19071,Bangalore,Amruthahalli,3,BHK,1068.910621,Owner,0,1,1,47.0,54.68,37.02,82.61,7.68,16.34,1
24778,Mumbai,I C Colony,1,BHK,486.1663573,Dealer,0,1,1,110.0,48.1,19.87,101.14,61.9,56.27,0
18504,Faridabad,Sector 86 Faridabad,2,BHK,1358.024691,Dealer,0,1,1,33.0,46.63,37.99,56.37,13.63,41.3,0
17210,Maharashtra,Vile Parle (East),3,BHK,1177.502192,Dealer,1,1,1,470.0,369.19,178.64,460.6,100.81,21.45,0
16258,Lalitpur,Sector 15 Kopar Khairane,1,BHK,600.0184621000001,Dealer,0,1,1,65.0,70.52,43.29,83.65,5.52,8.49,1
25538,Bangalore,Iblur Village,4,BHK,3533.123028,Dealer,0,1,1,280.0,316.52,226.32,512.51,36.52,13.04,1
20225,Faridabad,Sector 45 Faridabad,2,BHK,798.9064399,Dealer,1,0,1,26.3,32.7,19.14,60.67,6.4,24.33,1
5996,Nagpur,Sakkardara,3,BHK,1200.0,Owner,0,1,1,60.0,50.09,34.04,73.55,9.91,16.52,1
25410,Mohali,Sector-117 Mohali,4,BHK,1650.428107,Dealer,0,1,1,55.9,80.0,42.74,109.11,24.1,43.11,1
6767,Faridabad,Charmwood Village,2,BHK,825.0825083,Owner,0,1,1,40.0,41.98,21.94,59.81,1.98,4.95,1
2056,Mumbai,New Panvel,1,BHK,440.0,Dealer,1,1,0,44.0,40.59,25.73,73.73,3.41,7.75,1
12335,Ajmer,Ghooghra,3,BHK,1659.125189,Owner,0,1,1,55.0,56.74,40.64,94.41,1.74,3.16,1
26697,Bangalore,Electronics City Phase 1,2,BHK,1588.360918,Dealer,0,1,1,59.5,86.36,60.73,132.65,26.86,45.14,0
245,Maharashtra,kavesar,2,BHK,965.0439631,Dealer,0,1,1,90.0,115.66,61.51,239.84,25.66,28.51,1
13042,Bangalore,Electronic City Phase II,3,BHK,1862.486419,Owner,1,1,1,120.0,115.63,79.64,136.4,4.37,3.64,1
22195,Kolkata,Rathtala,3,BHK,1510.269835,Dealer,0,1,1,75.0,81.65,48.71,133.42,6.65,8.87,1
24039,Kolkata,Action area 1A,2,BHK,800.0,Owner,0,1,1,40.0,29.26,21.48,42.79,10.74,26.85,1
10077,Noida,Sector-61 Noida,3,BHK,1355.980588,Dealer,0,1,1,95.0,66.05,45.28,86.01,28.95,30.47,0
2584,Lalitpur,Sector 21 Kharghar,3,BHK,1448.37575,Dealer,0,1,1,140.0,168.94,127.65,242.97,28.94,20.67,1
16643,Maharashtra,Sector-18 Ulwe,2,BHK,1110.0148,Dealer,0,1,1,90.0,108.18,62.72,164.48,18.18,20.2,1
18279,Ranchi,Latma,3,BHK,1300.2022539999998,Owner,0,1,1,45.0,47.91,29.46,63.25,2.91,6.47,1
15656,Mohali,Sector-70 Mohali,4,BHK,2309.802223,Dealer,0,1,1,160.0,138.13,81.17,163.49,21.87,13.67,1
10012,Maharashtra,Balkum,3,BHK,1085.7026529999998,Dealer,1,0,0,160.0,141.63,96.96,176.42,18.37,11.48,1
5728,Lalitpur,Kasar vadavali,1,BHK,488.2246377,Dealer,1,0,0,53.9,58.23,26.52,85.94,4.33,8.03,1
12126,Lalitpur,Malad (West),4,BHK,1210.0369380000002,Dealer,0,1,1,190.0,275.55,195.0,382.81,85.55,45.03,0
2410,Jhunjhunu,Modi Road,3,BHK,1583.614865,Owner,0,1,1,37.5,48.47,32.33,67.92,10.97,29.25,1
16472,Goa,Mapusa,2,BHK,1119.483315,Owner,0,1,1,52.0,57.32,40.17,83.08,5.32,10.23,1
14390,Vadodara,Tarsali,2,BHK,1000.0,Owner,1,1,1,17.0,26.64,22.56,33.36,9.64,56.71,0
24552,Mumbai,Ulwe,1,BHK,680.0832755,Dealer,0,1,1,49.0,57.88,43.53,88.12,8.88,18.12,1
6862,Ghaziabad,Judges Enclave,2,BHK,1195.121951,Dealer,0,1,1,49.0,45.06,32.05,67.01,3.94,8.04,1
10434,Mohali,Sas Nagar,4,BHK,2624.8085760000004,Dealer,1,1,1,85.7,121.31,87.44,163.33,35.61,41.55,0
13488,Vadodara,Gotri,3,BHK,1750.087504,Owner,0,1,1,50.0,56.25,44.93,89.72,6.25,12.5,1
23790,Bhiwadi,Thara,3,BHK,1388.888889,Owner,0,1,1,35.0,39.36,27.19,54.18,4.36,12.46,1
9485,Mumbai,Chembur (East),3,BHK,1750.087504,Dealer,0,1,1,300.0,346.04,209.58,423.56,46.04,15.35,1
10149,Lalitpur,Borivali (West),2,BHK,882.8586032,Dealer,0,1,1,190.0,149.82,99.77,154.97,40.18,21.15,0
3605,Chandigarh,Zirakpur,3,BHK,1346.869712,Dealer,1,0,1,39.8,49.1,39.09,58.05,9.3,23.37,1
16381,Bangalore,Vishwapriya Layout,3,BHK,1576.004067,Owner,0,1,1,62.0,99.67,68.48,137.29,37.67,60.76,0
28142,Guwahati,Jyoti Nagar,3,BHK,1464.073474,Dealer,0,0,1,54.2,50.38,31.77,62.28,3.82,7.05,1
18184,Chandigarh,Zirakpur,4,BHK,2429.268293,Dealer,1,0,0,99.6,102.2,82.37,128.1,2.6,2.61,1
29096,Gurgaon,Sector-83 Gurgaon,3,BHK,1769.62677,Dealer,1,1,1,110.0,98.92,79.26,141.31,11.08,10.07,1
20733,Ghaziabad,Raj Nagar Extension,2,BHK,1000.0,Dealer,1,1,1,30.5,30.09,25.32,43.68,0.41,1.34,1
20457,Goa,Mapusa,3,BHK,1485.393629,Dealer,0,1,1,90.0,89.94,52.22,142.95,0.06,0.07,1
25756,Asansol,Kalyanpur Satellite Township,3,BHK,1270.289344,Owner,0,1,1,36.0,43.13,27.21,55.45,7.13,19.81,1
27389,Pune,Wagholi,2,BHK,1190.208848,Dealer,0,1,1,53.0,71.51,50.78,107.76,18.51,34.92,1
2125,Noida,Chhalera,2,BHK,955.0760524,Dealer,0,0,1,27.0,39.25,24.37,59.23,12.25,45.37,1
21902,Mumbai,Kanjur Marg (East),2,BHK,690.4170119,Dealer,1,0,1,150.0,132.34,74.69,144.42,17.66,11.77,0
23291,Visakhapatnam,Gajuwaka,3,BHK,1423.333333,Dealer,1,0,1,42.7,63.07,44.33,74.67,20.37,47.7,0
22681,Kolkata,Taratala,3,BHK,1305.948,Owner,0,1,1,110.0,56.71,40.81,86.51,53.29,48.45,0
3067,Maharashtra,Taloja,2,BHK,1080.074488,Dealer,0,1,1,58.0,93.89,26.16,144.06,35.89,61.88,1
20534,Maharashtra,New Panvel,2,BHK,660.974938,Dealer,1,1,1,72.0,59.9,40.92,108.27,12.1,16.81,1
9827,Pune,Koregaon Mul,1,BHK,591.9854281,Owner,0,1,1,26.0,31.88,21.8,42.54,5.88,22.62,1
8498,Banswara,shri ram colony,2,BHK,650.1422186000001,Owner,0,1,1,16.0,23.15,12.38,34.09,7.15,44.69,1
16677,Bangalore,Kodbisanhalli,4,BHK,2807.085471,Dealer,0,1,1,290.0,251.28,165.18,392.07,38.72,13.35,1
7821,Mumbai,Thane West,1,BHK,406.0089322,Dealer,1,1,1,50.0,66.12,52.35,81.64,16.12,32.24,0
13697,Jaipur,Vaishali Nagar,2,BHK,1050.144395,Owner,0,1,1,40.0,33.03,21.44,45.68,6.97,17.42,1
13794,Mangalore,Moodabidri,3,BHK,1440.067768,Owner,0,1,0,34.0,67.43,44.03,74.56,33.43,98.32,0
8357,Maharashtra,Malad (East),2,BHK,1300.21214,Dealer,1,1,1,190.0,210.55,164.59,267.71,20.55,10.82,1
14577,Mumbai,Ghodbunder Road,3,BHK,1314.724919,Dealer,1,1,1,130.0,171.51,61.94,228.54,41.51,31.93,1
22448,Lalitpur,Kopri,2,BHK,649.0588646000001,Dealer,1,0,0,130.0,105.47,43.66,158.82,24.53,18.87,1
4424,Bhubaneswar,Patia,3,BHK,1381.291028,Owner,0,1,1,50.5,58.19,40.27,75.66,7.69,15.23,1
19528,Maharashtra,Sindhi Society Chembur,2,BHK,878.141043,Dealer,0,1,1,130.0,184.66,133.7,244.41,54.66,42.05,0
54,Siliguri,Shiv Mandir,3,BHK,1275.009808,Owner,0,1,1,32.5,49.78,31.6,72.26,17.28,53.17,1
27493,Noida,Sector-143B Noida,4,BHK,1920.055856,Owner,1,0,1,110.0,89.95,71.23,123.14,20.05,18.23,1
25406,Maharashtra,I C Colony,2,BHK,888.8888889000001,Dealer,0,1,1,160.0,121.58,52.61,237.77,38.42,24.01,1
11910,Ghaziabad,Wave City,3,BHK,1746.2165309999998,Owner,0,1,1,45.0,77.53,53.77,114.23,32.53,72.29,0
9042,Noida,Sector-128 Noida,4,BHK,3312.883436,Dealer,1,0,1,270.0,261.22,166.54,331.11,8.78,3.25,1
18696,Ongole,Bhagyanagar,2,BHK,900.0321439999999,Owner,0,1,1,28.0,33.28,21.23,42.88,5.28,18.86,1
19183,Bangalore,Kanakpura Road,2,BHK,1285.11107,Dealer,1,1,1,70.0,84.62,59.01,103.29,14.62,20.89,1
10231,Bangalore,Rajiv Gandhi Nagar,2,BHK,1039.046265,Owner,0,1,1,95.0,54.65,45.31,72.49,40.35,42.47,0
22796,Vadodara,Vasna-Bhayli-Road,3,BHK,1920.307249,Owner,0,1,1,40.0,58.08,42.54,94.99,18.08,45.2,0
28618,Indore,Shalimar Palms Pipliyahana,3,BHK,1650.4329,Owner,0,1,1,61.0,50.6,35.63,83.73,10.4,17.05,1
25683,Maharashtra,Vinay Nagar,2,BHK,1076.542147,Owner,0,1,1,100.0,77.27,30.43,116.42,22.73,22.73,1
27594,Jamnagar,Old Railway Station,2,BHK,1285.21997,Owner,0,1,1,26.0,52.38,36.37,69.89,26.38,101.46,0
212,Palghar,Palghar,2,BHK,850.1594049,Owner,0,1,1,24.0,23.78,18.86,42.24,0.22,0.92,1
8072,Faridabad,Sector 84 Faridabad,3,BHK,1400.308325,Dealer,0,1,1,54.5,47.47,39.6,54.26,7.03,12.9,0
20304,Pune,Shastri Nagar,1,BHK,220.0058668,Owner,0,1,1,15.0,25.62,13.22,34.42,10.62,70.8,1
28698,Pune,Pisoli,2,BHK,793.9308398,Dealer,1,1,1,45.0,48.69,34.5,72.45,3.69,8.2,1
20037,Jaipur,Bal Vihar,2,BHK,1114.294811,Owner,1,1,1,35.0,44.38,34.43,76.93,9.38,26.8,1
8472,Vadodara,Pratap Nagar,2,BHK,700.0538502999999,Owner,0,1,1,39.0,19.05,14.34,32.36,19.95,51.15,0
10319,Lalitpur,Chembur,2,BHK,1100.009167,Dealer,0,1,1,240.0,179.95,155.0,243.35,60.05,25.02,1
19858,Maharashtra,Dindoshi,3,BHK,1004.291062,Dealer,0,1,1,110.0,181.4,86.44,453.74,71.4,64.91,1
9248,Bangalore,Devanahalli Int. Airport,2,BHK,1100.016923,Owner,0,1,1,65.0,53.08,39.14,69.79,11.92,18.34,1
9629,Bangalore,Suraksha Nagar,3,BHK,1174.958693,Dealer,0,1,1,64.0,57.9,34.19,82.37,6.1,9.53,1
23655,Bangalore,Thanisandra,2,BHK,1163.170163,Dealer,0,0,1,49.9,65.77,46.43,93.76,15.87,31.8,1
21010,Bangalore,Panathur,3,BHK,1564.102564,Dealer,1,0,1,79.3,102.16,73.48,135.91,22.86,28.83,1
22450,Gurgaon,Sector-69 Gurgaon,3,BHK,1503.081317,Dealer,1,1,1,100.0,86.26,64.13,114.17,13.74,13.74,1
505,Solapur,laxmipet,2,BHK,875.1608752000001,Owner,0,1,1,34.0,31.8,21.24,46.06,2.2,6.47,1
7541,Lalitpur,Nachane,1,BHK,663.7396694,Builder,1,0,0,25.7,31.51,18.54,89.3,5.81,22.61,1
10786,Mumbai,Chembur (East),3,BHK,1049.032559,Dealer,1,1,1,270.0,251.43,167.88,313.45,18.57,6.88,1
12028,Mumbai,Khanda Colony,2,BHK,649.0478041,Builder,1,0,0,83.5,55.56,26.59,141.46,27.94,33.46,1
15905,Mumbai,Vashi,2,BHK,1125.575022,Dealer,0,1,1,230.0,349.23,52.69,218.59,119.23,51.84,0
5517,Mumbai,Hiranandani Gardens - Powai,4,BHK,2200.020706,Dealer,0,1,1,850.0,666.83,285.45,780.96,183.17,21.55,0
25682,Lalitpur,Chembur (East),3,BHK,2200.0,Dealer,1,1,1,550.0,462.55,273.14,727.99,87.45,15.9,1
14961,Kolkata,New Town,2,BHK,1079.913607,Dealer,0,0,1,75.0,48.32,34.65,70.94,26.68,35.57,0
11185,Noida,Sector-119 Noida,2,BHK,1122.099658,Owner,0,1,1,59.0,51.92,46.52,65.48,7.08,12.0,1
8664,Udaipur,Bedla,3,BHK,1284.615385,Owner,0,1,1,33.4,41.11,27.36,50.2,7.71,23.08,1
28503,Dharwad,Rajatagiri,2,BHK,1037.165082,Owner,0,1,1,36.0,44.11,28.22,56.87,8.11,22.53,1
2525,Lalitpur,Thane West,2,BHK,1030.029316,Dealer,0,1,1,130.0,117.09,95.2,158.22,12.91,9.93,1
3856,Lalitpur,Chembur,3,BHK,1318.010498,Dealer,1,0,1,570.0,288.63,199.84,387.76,281.37,49.36,0
3617,Lalitpur,Ashoka Marg,2,BHK,1800.055386,Dealer,0,1,1,65.0,515.58,66.07,507.88,450.58,693.2,0
14950,Lucknow,Sushant Golf City,2,BHK,1336.302895,Dealer,1,1,1,48.0,57.85,42.17,74.96,9.85,20.52,1
17135,Lalitpur,Trimbak,3,BHK,10732.75862,Dealer,0,0,1,24.9,570.47,90.02,1475.19,545.57,2191.04,0
5500,Faridabad,Sector 45 Faridabad,3,BHK,744.9267917000001,Dealer,1,0,1,29.0,34.55,22.97,65.28,5.55,19.14,1
12749,Mohali,Sector-88 Mohali,3,BHK,3100.28472,Owner,1,1,1,98.0,71.89,63.9,152.44,26.11,26.64,1
22076,Mohali,Sector-66A Mohali,2,BHK,1429.880843,Dealer,1,1,1,62.4,61.02,45.1,66.72,1.38,2.21,1
22906,Faridabad,Sector 88 Faridabad,3,BHK,1862.089031,Dealer,0,1,1,64.0,69.2,57.59,73.41,5.2,8.12,1
6891,Noida,Sector-75 Noida,2,BHK,1035.001882,Owner,1,1,1,55.0,50.66,39.86,59.93,4.34,7.89,1
17536,Lalitpur,Kharghar,1,BHK,700.0,Dealer,0,1,1,42.0,64.84,26.22,105.59,22.84,54.38,1
4932,Gurgaon,Sohna,3,BHK,899.9357189,Dealer,1,0,1,42.0,52.67,31.91,81.8,10.67,25.4,1
23964,Patna,Saguna More,3,BHK,1405.025669,Owner,0,0,1,52.0,55.31,37.15,76.2,3.31,6.37,1
5816,Mumbai,Vinay Nagar,1,BHK,650.0206356000001,Dealer,0,1,1,63.0,115.96,80.81,131.16,52.96,84.06,0
13418,Lalitpur,Sector-20 Taloja,2,BHK,1030.060963,Dealer,0,1,1,49.0,102.78,57.82,140.55,53.78,109.76,0
13851,Mumbai,Shahad,2,BHK,702.049986,Dealer,1,0,0,75.0,98.84,36.19,149.97,23.84,31.79,1
21940,Visakhapatnam,Bheemunipatnam Mandal,2,BHK,1209.7042210000002,Owner,0,1,1,36.4,45.24,28.37,56.67,8.84,24.29,1
5535,Kolkata,Rajarhat,2,BHK,920.1691122,Dealer,0,1,1,37.0,47.39,27.24,59.71,10.39,28.08,1
29413,Indore,Talawali Chanda,3,BHK,1631.818182,Dealer,0,1,1,35.9,54.53,37.28,78.45,18.63,51.89,0
17476,Lucknow,Spring Greens,3,BHK,1640.146879,Owner,0,1,1,67.0,71.19,54.85,99.61,4.19,6.25,1
10065,Bangalore,Suraksha Nagar,2,BHK,1275.1801890000002,Dealer,0,1,1,69.0,62.4,38.62,84.91,6.6,9.57,1
14639,Bhubaneswar,Khandagiri,2,BHK,1286.363636,Dealer,1,0,1,56.6,53.31,42.56,65.19,3.29,5.81,1
18494,Mohali,Sector-82 Mohali,3,BHK,1975.574713,Dealer,1,0,1,110.0,101.19,66.04,121.59,8.81,8.01,1
10164,Thrissur,Koorkenchery,3,BHK,1250.0,Dealer,0,1,1,55.0,56.45,37.12,77.75,1.45,2.64,1
16193,Vadodara,Manjalpur,4,BHK,2800.707547,Owner,0,1,1,95.0,106.7,59.58,189.03,11.7,12.32,1
24742,Palghar,Boisar,2,BHK,900.1465355,Owner,0,1,1,43.0,21.95,17.69,46.57,21.05,48.95,1
25329,Kolkata,New Town,2,BHK,721.0845111000001,Dealer,0,1,1,50.0,28.34,20.91,50.28,21.66,43.32,1
13210,Lalitpur,Kasar vadavali,2,BHK,1085.0744550000002,Dealer,1,1,1,94.0,108.58,54.98,164.16,14.58,15.51,1
11518,Bangalore,Cox Town,3,BHK,2010.050251,Dealer,0,1,1,160.0,176.32,91.06,258.48,16.32,10.2,1
17674,Ghaziabad,Indirapuram,2,BHK,953.1399426,Dealer,0,0,1,29.9,40.48,24.19,50.96,10.58,35.38,1
5595,Noida,Sector-74 Noida,3,BHK,1945.080092,Dealer,1,1,1,85.0,103.95,83.75,151.37,18.95,22.29,1
16811,Surat,Varachha,3,BHK,1919.608348,Owner,0,1,1,74.5,67.56,49.86,77.41,6.94,9.32,1
19443,Bhubaneswar,Malipada,2,BHK,1400.134953,Owner,0,1,1,41.5,64.98,39.68,80.82,23.48,56.58,1
16986,Lucknow,Chinhat,3,BHK,1295.430011,Owner,0,1,1,36.0,56.85,38.17,75.86,20.85,57.92,0
2640,Bangalore,Whitefield,3,BHK,1682.894579,Dealer,0,1,1,140.0,112.74,76.98,157.13,27.26,19.47,1
5086,Mumbai,Bandra (East),3,BHK,1188.571429,Dealer,1,0,1,520.0,428.53,175.57,414.38,91.47,17.59,0
12637,Bangalore,Whitefield,3,BHK,1724.1379309999998,Dealer,0,1,1,130.0,117.69,76.98,155.9,12.31,9.47,1
23159,Patna,Rajendra Nagar,3,BHK,1396.508728,Dealer,0,1,1,140.0,57.52,35.89,68.17,82.48,58.91,0
11026,Visakhapatnam,Madhurawada,3,BHK,1300.052002,Owner,0,0,1,50.0,47.59,33.39,63.52,2.41,4.82,1
8424,Kottayam,Muttambalam,3,BHK,2021.276596,Owner,0,1,1,95.0,91.82,62.4,153.74,3.18,3.35,1
4437,Bangalore,Basaveshwara Nagar,2,BHK,1015.02233,Owner,0,1,1,75.0,58.73,37.38,77.54,16.27,21.69,1
19964,Bangalore,Ramamurthy Nagar,2,BHK,1380.042463,Owner,0,1,1,65.0,73.96,56.51,105.52,8.96,13.78,1
18851,Mumbai,Chembur,2,BHK,1175.548589,Dealer,1,1,1,240.0,200.38,148.28,276.47,39.62,16.51,1
9318,Mohali,Sector-66A Mohali,4,BHK,2857.142857,Dealer,1,1,1,170.0,146.52,91.2,173.5,23.48,13.81,1
28387,Surat,Palanpur Jakatnaka,1,BHK,650.1182033,Owner,0,1,1,16.5,20.66,12.39,27.13,4.16,25.21,1
6177,Allahabad,jhusi,2,BHK,950.1187648,Owner,1,1,1,36.0,36.31,21.64,45.82,0.31,0.86,1
7400,Bangalore,Rajaji Nagar,2,BHK,1212.488633,Dealer,1,1,1,120.0,106.83,53.83,110.3,13.17,10.98,0
2342,Kolkata,Daspara,2,BHK,909.6774194,Dealer,0,1,1,28.2,51.55,23.54,52.32,23.35,82.8,1
12719,Faridabad,Sector 89 Faridabad,3,BHK,1576.182137,Dealer,0,1,1,45.0,60.62,43.88,66.8,15.62,34.71,1
24868,Kolkata,Jyangra,2,BHK,950.0,Dealer,0,1,1,26.6,38.91,25.29,51.32,12.31,46.28,1
25718,Lalitpur,Hiranandani Estate,2,BHK,987.3617694,Dealer,0,1,1,150.0,114.27,92.76,151.19,35.73,23.82,1
8271,Maharashtra,Chandivali,3,BHK,1600.0,Dealer,0,1,1,250.0,249.94,85.82,291.12,0.06,0.02,1
24945,Ghaziabad,Crossing Republik,2,BHK,1270.033263,Owner,0,1,1,42.0,47.97,35.86,69.75,5.97,14.21,1
24482,Bangalore,Seshadripuram,4,BHK,2654.462243,Owner,0,1,1,290.0,227.67,131.01,370.91,62.33,21.49,1
6155,Pune,Satar Nagar,2,BHK,1030.21978,Owner,0,1,1,45.0,68.92,46.91,88.81,23.92,53.16,0
2168,Chandigarh,Zirakpur,3,BHK,1350.101185,Dealer,1,1,1,46.7,44.72,37.81,57.73,1.98,4.24,1
680,Noida,Sector-79 Noida,3,BHK,2280.068402,Dealer,1,1,1,120.0,137.31,98.49,203.59,17.31,14.42,1
10582,Raigad,Usarli.. Panvel,2,BHK,790.02079,Owner,0,1,1,38.0,28.78,24.26,43.49,9.22,24.26,1
15170,Ghaziabad,Sector-1 Vaishali,3,BHK,1150.075415,Dealer,1,1,1,61.0,58.64,32.41,79.87,2.36,3.87,1
16360,Pune,Aundh,1,BHK,600.0,Owner,0,1,1,45.0,45.71,26.54,49.08,0.71,1.58,1
6480,Mohali,Zirakpur,2,BHK,1080.065743,Dealer,1,0,1,46.0,39.09,29.26,47.82,6.91,15.02,1
27020,Bhiwadi,UIT,1,BHK,630.2521008,Dealer,1,1,1,15.0,16.2,11.26,24.61,1.2,8.0,1
27437,Coimbatore,Vadavalli,2,BHK,600.0960154,Owner,0,1,1,25.0,27.77,15.45,35.89,2.77,11.08,1
13323,Noida,sector-121 Noida,3,BHK,1733.7956789999998,Dealer,1,1,1,130.0,101.15,72.34,122.08,28.85,22.19,0
10461,Maharashtra,Dokali Pada,2,BHK,900.0,Dealer,0,1,1,90.0,122.15,52.61,237.77,32.15,35.72,1
20233,Tirunelveli,Perumalpuram,3,BHK,1400.316456,Dealer,0,1,1,53.1,58.65,40.39,76.1,5.55,10.45,1
25300,Bhopal,Hoshangabad Road,3,BHK,1644.135915,Owner,0,1,1,45.0,60.74,39.4,84.26,15.74,34.98,1
5291,Hubli,Manjunath Nagar,2,BHK,1170.242407,Owner,0,1,1,42.0,48.74,32.72,67.38,6.74,16.05,1
11424,Bangalore,Pattandur Agrahara,3,BHK,1739.1304350000005,Dealer,0,1,0,120.0,126.66,78.43,160.15,6.66,5.55,1
9190,Chennai,Pallikaranai,2,BHK,1200.0,Owner,0,1,1,45.0,64.23,45.83,88.78,19.23,42.73,0
4317,Maharashtra,Mahim (West),3,BHK,1450.033279,Dealer,1,1,1,610.0,409.83,198.43,661.7,200.17,32.81,1
23374,Gurgaon,Sector-63 Gurgaon,3,BHK,1672.427249,Dealer,0,1,1,150.0,120.17,80.54,135.72,29.83,19.89,0
4305,Ernakulam,Kakkanad near CSEZ and Kendriya Bhavan,3,BHK,1457.253886,Owner,0,1,1,45.0,59.87,41.3,84.02,14.87,33.04,1
4676,Lalitpur,Wadala East,3,BHK,836.3636364,Dealer,1,0,1,230.0,257.17,172.13,310.7,27.17,11.81,1
14429,Kolkata,Prince Anwar Shah Rd.,3,BHK,1515.151515,Dealer,0,1,1,150.0,119.4,54.25,167.58,30.6,20.4,1
14298,Maharashtra,Sector 20 Ulwe,1,BHK,900.0195656,Dealer,1,1,1,92.0,107.08,38.58,111.46,15.08,16.39,1
27481,Bangalore,Electronic City,2,BHK,1196.013289,Owner,0,1,1,72.0,55.25,41.63,76.39,16.75,23.26,1
14868,Bangalore,Anantapuram,3,BHK,1335.0559859999998,Owner,0,1,1,62.0,77.38,52.01,104.89,15.38,24.81,1
7592,Maharashtra,Mira Road East,1,BHK,549.0438001,Dealer,1,0,1,44.5,82.34,45.58,60.45,37.84,85.03,0
18025,Pondicherry,Venkata Nagar,2,BHK,1000.0,Owner,0,1,1,38.0,33.46,24.18,57.44,4.54,11.95,1
10033,Margao,Aquem,1,BHK,625.0,Owner,0,1,1,24.0,27.57,15.12,34.19,3.57,14.88,1
28642,Lalitpur,Omkar Nagar,3,BHK,1300.294406,Dealer,0,1,1,53.0,166.72,67.01,208.36,113.72,214.57,0
10206,Bangalore,Kanaka Nagar,3,BHK,1464.00976,Owner,0,1,1,72.0,82.49,59.82,119.22,10.49,14.57,1
13556,Ghaziabad,Sector-5 Vaishali,3,BHK,1488.833747,Dealer,0,1,1,90.0,74.45,43.51,95.03,15.55,17.28,1
3353,Amravati,Kathora,2,BHK,1100.190235,Owner,0,1,1,34.7,32.23,20.02,45.66,2.47,7.12,1
28867,Kolkata,Jadavpur,3,BHK,1420.185571,Dealer,0,1,1,75.0,89.2,48.17,141.67,14.2,18.93,1
26225,Pune,Prabhat Road,3,BHK,1350.033751,Dealer,0,1,1,180.0,108.82,68.15,140.58,71.18,39.54,0
22849,Maharashtra,Gokuldham,2,BHK,1401.755241,Dealer,0,1,1,230.0,422.33,112.1,474.53,192.33,83.62,1
16140,Lalitpur,Trimurti Nagar,1,BHK,1800.0,Dealer,0,1,1,72.0,123.86,32.51,378.85,51.86,72.03,1
17038,Surat,Ram Nagar,1,BHK,510.0801555,Owner,0,1,1,21.0,1.59,7.8,13.02,19.41,92.43,0
14400,Lucknow,Anora Kala,2,BHK,1035.196687,Owner,0,1,1,25.0,42.19,29.16,56.51,17.19,68.76,0
13383,Kolkata,Barasat,2,BHK,750.0,Dealer,0,0,1,15.0,21.99,15.12,34.83,6.99,46.6,0
27421,Kolkata,Harish Mukherjee Road,3,BHK,1500.0,Dealer,0,1,1,150.0,86.99,49.48,137.45,63.01,42.01,0
6291,Bangalore,Rest House Road,4,BHK,5200.126064,Dealer,0,0,1,1650.0,1153.4,254.35,1059.67,496.6,30.1,0
17053,Surat,Dindoli,1,BHK,664.0454347,Dealer,0,1,1,15.2,24.35,14.82,35.77,9.15,60.2,1
3719,Noida,Sector-150 Noida,3,BHK,2248.35697,Dealer,1,1,1,130.0,125.31,90.41,204.51,4.69,3.61,1
29101,Mohali,Sector-127 Mohali,2,BHK,1079.913607,Dealer,0,1,1,20.0,29.84,20.61,59.04,9.84,49.2,0
20955,Chandigarh,Zirakpur,3,BHK,1799.084298,Dealer,1,0,1,66.8,62.84,53.57,79.39,3.96,5.93,1
9263,Pune,Wakad,3,BHK,1350.074254,Dealer,0,0,1,100.0,97.77,69.4,125.04,2.23,2.23,1
3145,Faridabad,Sector 80 Faridabad,2,BHK,1230.044491,Dealer,1,1,1,47.0,46.27,38.6,49.08,0.73,1.55,1
3722,Ghaziabad,Sector 2B Vasundhara,2,BHK,1067.25735,Builder,1,1,0,53.0,39.05,30.08,57.77,13.95,26.32,1
12817,Nagpur,Wagdara,2,BHK,860.0095557,Owner,0,1,1,18.0,34.72,19.64,46.8,16.72,92.89,0
19529,Kolkata,Subhash Nagar,2,BHK,673.3333332999999,Dealer,0,0,1,20.2,24.73,18.32,45.76,4.53,22.43,1
16345,Noida,Sector-110 Noida,3,BHK,1719.255663,Owner,1,1,1,85.0,94.89,75.85,111.63,9.89,11.64,1
10797,Lalitpur,Powai,2,BHK,640.1566501,Dealer,1,0,1,170.0,179.58,136.47,236.47,9.58,5.64,1
12878,Bangalore,Lazar Layout,3,BHK,2200.0,Owner,0,1,1,110.0,191.35,103.47,264.4,81.35,73.95,1
21333,Noida,Sector-137 Noida,2,BHK,1240.03543,Owner,0,1,1,70.0,63.32,50.27,76.35,6.68,9.54,1
21444,Ghaziabad,Shalimar garden,2,BHK,1140.024783,Owner,0,1,1,46.0,44.72,34.3,67.75,1.28,2.78,1
8457,Maharashtra,Ambernath West,2,BHK,495.378544,Dealer,1,1,0,47.7,61.56,35.96,98.02,13.86,29.06,1
8066,Jaipur,Vaishali Nagar,3,BHK,1300.211416,Dealer,0,1,1,36.9,38.76,29.28,57.23,1.86,5.04,1
9464,Kolkata,Birati,3,BHK,1176.124669,Dealer,0,1,1,40.0,47.24,32.39,67.01,7.24,18.1,1
1498,Pune,Ravet,2,BHK,1086.036671,Dealer,0,1,1,77.0,59.18,54.87,80.89,17.82,23.14,1
20727,Noida,Sector-50 Noida,3,BHK,1750.087504,Dealer,0,1,1,100.0,100.69,71.96,130.13,0.69,0.69,1
2970,Chennai,Surapet,2,BHK,714.1237815000001,Dealer,0,1,1,31.5,49.82,28.71,59.92,18.32,58.16,1
509,Kochi,Thrikkakara,2,BHK,1350.154936,Owner,0,1,1,61.0,61.69,49.56,85.81,0.69,1.13,1
26994,Maharashtra,Powai,2,BHK,697.2420205,Dealer,1,0,1,180.0,178.1,132.58,230.19,1.9,1.06,1
5603,Ongole,Mangamoor Road,2,BHK,1250.0,Owner,0,1,1,25.0,44.68,31.72,57.24,19.68,78.72,0
17768,Bangalore,Billekahalli,2,BHK,1195.161055,Dealer,0,1,1,82.0,70.96,46.47,92.5,11.04,13.46,1
17220,Noida,Sector-107 Noida,3,BHK,2010.882423,Owner,1,1,1,170.0,129.85,85.81,173.38,40.15,23.62,1
7852,Ghaziabad,E block Lajpat nagar - ghaziabad,1,BHK,400.0,Owner,0,1,1,30.0,17.19,9.45,21.3,12.81,42.7,0
14978,Chennai,Periyapanicheri,2,BHK,918.0474698,Dealer,0,1,1,41.0,51.89,35.88,76.32,10.89,26.56,1
20089,Faridabad,Sector 80 Faridabad,3,BHK,1540.029112,Dealer,1,1,1,52.9,58.49,43.36,66.58,5.59,10.57,1
21467,Maharashtra,Pokhran-2,2,BHK,968.054211,Dealer,1,0,1,110.0,110.12,45.86,127.83,0.12,0.11,1
14482,Mumbai,Kandivali (East),3,BHK,1344.164572,Dealer,1,0,1,230.0,249.86,164.67,312.9,19.86,8.63,1
25373,Goa,Dabolim,1,BHK,514.2637841,Dealer,1,0,1,40.2,27.69,16.16,37.42,12.51,31.12,0
26966,Lalitpur,Nilje Gaon,2,BHK,909.0909091,Dealer,0,1,1,54.0,108.85,50.11,175.29,54.85,101.57,1
101,Noida,Sector-143 Noida,2,BHK,989.9029895,Owner,1,0,1,50.0,42.24,36.05,58.02,7.76,15.52,1
4471,Kolkata,Bansdroni,1,BHK,530.0353357,Dealer,0,0,1,16.5,26.41,13.94,32.55,9.91,60.06,1
13438,Lalitpur,Sector 7 Kharghar,3,BHK,1845.01845,Dealer,0,1,1,230.0,256.19,154.19,297.79,26.19,11.39,1
10827,Mumbai,Sector 19 Kamothe,1,BHK,693.0243127,Dealer,0,1,1,61.0,55.11,43.71,83.31,5.89,9.66,1
18224,Panchkula,MDC Sector-6,2,BHK,1350.10172,Dealer,0,1,1,73.0,57.72,28.28,76.87,15.28,20.93,1
11137,Pune,Narhe,1,BHK,607.0640177,Owner,0,1,1,33.0,37.74,20.87,43.02,4.74,14.36,1
17928,Faridabad,Sector 86 Faridabad,2,BHK,592.1375921,Dealer,1,1,1,24.1,21.31,20.82,27.72,2.79,11.58,1
15701,Noida,Sector-137 Noida,3,BHK,1425.224522,Owner,0,1,1,73.0,68.82,53.62,86.31,4.18,5.73,1
7796,Margao,Mungul,2,BHK,1205.567984,Owner,0,1,1,48.5,51.73,36.03,71.35,3.23,6.66,1
10127,Dehradun,Govind Vihar,3,BHK,1684.836472,Owner,1,1,1,85.0,67.43,46.44,87.2,17.57,20.67,1
5464,Panchkula,Mdc Secto-5,3,BHK,1400.0,Dealer,0,1,1,70.0,65.84,31.09,79.4,4.16,5.94,1
1609,Lalitpur,Bhandup (West),3,BHK,1750.059661,Dealer,1,1,1,220.0,273.53,201.0,364.29,53.53,24.33,1
15353,Kolkata,Dhakuria,2,BHK,525.099769,Owner,0,1,1,25.0,28.47,16.57,37.45,3.47,13.88,1
16096,Lalitpur,Kharghar,3,BHK,1441.051968,Dealer,1,1,1,160.0,179.85,76.91,282.67,19.85,12.41,1
11400,Jaipur,Ramnagariya,2,BHK,1086.012163,Owner,0,1,1,50.0,35.07,22.15,48.93,14.93,29.86,0
2995,Lucknow,Vibhuti Khand,2,BHK,1295.022258,Dealer,1,1,1,64.0,55.4,40.17,83.03,8.6,13.44,1
15928,Lalitpur,Sector 10 Kharghar,2,BHK,1291.231365,Dealer,0,1,1,110.0,127.98,104.21,183.77,17.98,16.35,1
2054,Dehradun,Jakhan,3,BHK,1500.214316,Owner,0,1,1,70.0,56.49,36.83,75.0,13.51,19.3,1
344,Sonipat,Kundli,3,BHK,1870.32419,Owner,0,1,1,75.0,63.6,47.98,93.54,11.4,15.2,1
1436,Nagpur,Ambika Nagar,2,BHK,1100.110011,Owner,0,1,1,40.0,43.19,31.92,58.96,3.19,7.98,1
18288,Mohali,Sector-117 Mohali,3,BHK,1907.356948,Owner,1,1,1,70.0,56.15,55.64,109.18,13.85,19.79,1
22416,Lalitpur,Juhu,4,BHK,2350.028984,Dealer,1,1,1,1500.0,1065.75,287.34,1034.88,434.25,28.95,0
3723,Noida,Sector-100 Noida,2,BHK,1397.931827,Dealer,1,1,1,73.0,78.16,56.44,87.08,5.16,7.07,1
14748,Chennai,Vanagaram,3,BHK,1341.090018,Dealer,1,0,0,65.7,82.21,57.11,101.75,16.51,25.13,1
1950,Mangalore,Kodailbail,3,BHK,1927.457508,Dealer,1,1,1,110.0,107.18,72.16,139.3,2.82,2.56,1
15778,Gurgaon,Sector-62 Gurgaon,2,BHK,1459.71195,Dealer,1,0,0,150.0,124.13,69.38,138.58,25.87,17.25,0
27261,Bangalore,Kanakapura,3,BHK,1476.207016,Dealer,1,1,0,85.0,92.42,62.84,125.93,7.42,8.73,1
5092,Nellore,Vedayapalem,2,BHK,1099.868016,Owner,0,1,1,25.0,36.38,29.58,54.27,11.38,45.52,0
7504,Kolkata,Rajarhat,2,BHK,873.6167733999999,Dealer,0,1,1,30.0,37.38,25.64,55.61,7.38,24.6,1
20248,Pune,NIBM,2,BHK,1040.090772,Dealer,0,1,1,55.0,61.9,48.43,83.97,6.9,12.55,1
28365,Noida,Noida Extension,2,BHK,1060.284762,Dealer,1,1,1,35.0,40.37,36.49,60.79,5.37,15.34,0
16959,Pune,Kad Nagar,2,BHK,1219.96997,Dealer,1,1,1,65.0,93.03,66.48,113.49,28.03,43.12,0
28421,Noida,Sector-50 Noida,3,BHK,1750.2917149999998,Dealer,0,1,1,90.0,100.69,71.96,130.13,10.69,11.88,1
11580,Lucknow,Raebareli Road,4,BHK,2084.108671,Dealer,1,0,1,56.0,85.56,76.72,179.86,29.56,52.79,0
6788,Surat,Adajan,1,BHK,600.1500375,Owner,0,1,1,8.0,16.13,11.49,28.28,8.13,101.63,0
13192,Dehradun,Niranjanpur,3,BHK,1813.817018,Dealer,1,1,1,68.0,75.19,46.71,94.39,7.19,10.57,1
22313,Kolkata,New Ballygunge,2,BHK,875.0994431,Dealer,0,1,1,55.0,55.49,25.09,54.59,0.49,0.89,0
12467,Ludhiana,Pakhowal Road,3,BHK,1780.104712,Dealer,1,1,1,85.0,73.83,44.11,95.75,11.17,13.14,1
27861,Kanpur,Swaroop Nagar,4,BHK,1850.007115,Dealer,0,0,1,130.0,104.24,50.94,140.92,25.76,19.82,1
29110,Gulbarga,Santraswadi,3,BHK,1100.244499,Owner,0,1,1,36.0,55.95,29.41,65.75,19.95,55.42,1
4200,Chennai,Porur,3,BHK,1541.781091,Dealer,1,0,1,78.6,99.48,73.56,142.88,20.88,26.56,1
14046,Kolkata,Madhyamgram,3,BHK,1100.412655,Dealer,0,0,1,24.0,42.21,30.97,61.81,18.21,75.88,0
14146,Noida,Sector-75 Noida,4,BHK,2623.051998,Dealer,1,1,1,170.0,168.67,113.82,221.74,1.33,0.78,1
24644,Lalitpur,Dahisar (East),2,BHK,556.8187091,Dealer,0,1,1,120.0,111.05,80.51,114.05,8.95,7.46,0
14455,Bangalore,Sarjapur,2,BHK,1184.834123,Dealer,0,1,1,45.0,59.48,42.26,86.18,14.48,32.18,1
24327,Lalitpur,Nalasopara (West),1,BHK,589.9060519999999,Dealer,0,1,1,27.0,57.39,25.74,80.77,30.39,112.56,1
17724,Chennai,Thoraipakkam,3,BHK,1600.0,Dealer,1,1,0,120.0,121.7,73.53,169.55,1.7,1.42,1
19781,Noida,Noida Extension,2,BHK,1100.244499,Owner,0,1,1,45.0,45.1,39.27,58.44,0.1,0.22,1
11350,Pune,Ambegaon,2,BHK,800.0,Owner,1,1,1,50.0,49.72,26.54,58.66,0.28,0.56,1
17443,Surat,Gopipura,1,BHK,578.2312925,Owner,0,1,1,10.2,15.7,11.26,29.31,5.5,53.92,0
23957,Palghar,Mahim,1,BHK,477.5734108,Dealer,1,1,1,14.8,11.39,11.6,40.68,3.41,23.04,1
16860,Indore,Ujjain Road,1,BHK,595.0019833,Owner,0,1,1,15.0,12.1,9.41,18.72,2.9,19.33,1
16115,Bangalore,Varthur,4,BHK,3279.917534,Dealer,0,1,1,350.0,246.39,199.89,386.83,103.61,29.6,1
1934,Lalitpur,Sector 17 Ulwe,1,BHK,670.0655499,Dealer,0,1,1,46.0,46.96,33.04,81.06,0.96,2.09,1
10630,Ghaziabad,Crossing Republik,3,BHK,1532.889018,Dealer,0,1,1,52.9,58.51,45.27,86.7,5.61,10.6,1
25228,Bangalore,Someshwarpura,3,BHK,1617.686708,Owner,0,1,1,120.0,100.55,70.04,142.99,19.45,16.21,1
5760,Lalitpur,Jeejamata Nagar,3,BHK,1630.257581,Dealer,1,1,1,200.0,215.93,87.67,282.82,15.93,7.96,1
18806,Mohali,Sector-125 Mohali,3,BHK,1634.368433,Owner,1,1,1,70.0,51.13,42.34,97.75,18.87,26.96,1
27079,Bangalore,Rajarajeshwari Nagar,2,BHK,1376.032024,Owner,1,1,1,110.0,82.03,64.36,111.29,27.97,25.43,1
7552,Jaipur,Bani Park,3,BHK,1800.180018,Dealer,0,1,1,80.0,74.88,44.77,104.11,5.12,6.4,1
18734,Noida,Noida Extension,2,BHK,1052.48146,Dealer,0,1,1,36.9,38.23,30.67,59.7,1.33,3.6,1
6017,Kolkata,Prince Anwar Shah Rd.,3,BHK,1954.040957,Dealer,0,1,1,250.0,173.86,83.55,278.43,76.14,30.46,1
13006,Maharashtra,Kalyan (West),1,BHK,390.0293255,Dealer,1,0,0,39.9,41.56,29.97,66.72,1.66,4.16,1
27384,Gurgaon,Sector-102 Gurgaon,3,BHK,2003.278091,Dealer,1,1,1,110.0,121.32,91.46,191.91,11.32,10.29,1
22025,Faridabad,Sector 88 Faridabad,3,BHK,1930.827887,Builder,1,0,0,70.9,69.07,59.91,81.04,1.83,2.58,1
6551,Bangalore,Konanakunte,4,BHK,2710.0271,Dealer,1,0,1,240.0,241.17,154.53,336.06,1.17,0.49,1
12286,Maharashtra,Juhu,6,BHK,3900.011143,Dealer,1,1,1,2100.0,1316.67,375.44,1742.92,783.33,37.3,0
11747,Bangalore,Mahalakshmi Layout,2,BHK,1010.10101,Dealer,0,1,1,85.0,66.25,39.29,86.54,18.75,22.06,1
21506,Vijayawada,Prasadampadu,2,BHK,970.042796,Owner,0,1,1,34.0,33.7,22.18,49.7,0.3,0.88,1
23555,Kochi,Kakkanad,3,BHK,1715.94509,Owner,0,1,1,65.0,89.1,66.14,116.81,24.1,37.08,0
1580,Bangalore,Arehalli,3,BHK,1607.205934,Owner,0,1,1,91.0,84.22,65.9,118.27,6.78,7.45,1
8712,Maharashtra,Vasai East,1,BHK,685.0495476,Dealer,0,1,1,31.8,59.63,31.29,64.77,27.83,87.52,1
5199,Bangalore,Kanakpura Road,2,BHK,950.0662837,Owner,0,1,1,43.0,47.16,31.81,58.49,4.16,9.67,1
12907,Bangalore,Yelahanka,3,BHK,1058.730159,Dealer,1,0,1,66.7,63.04,42.39,82.52,3.66,5.49,1
8142,Nagpur,Laxminagar,6,BHK,2040.087724,Owner,0,1,1,400.0,108.67,69.69,206.64,291.33,72.83,0
29044,Pune,Wakad,2,BHK,1075.105996,Dealer,1,0,1,71.0,68.1,57.57,80.85,2.9,4.08,1
3750,Pune,Bebadohal,2,BHK,620.0396825,Owner,1,1,1,25.0,43.69,26.01,55.92,18.69,74.76,0
16722,Mumbai,Hiranandani Estate,3,BHK,1836.484832,Dealer,0,1,1,270.0,247.99,171.03,343.04,22.01,8.15,1
7706,Lalitpur,Bhaskar Colony,1,BHK,600.0109093,Dealer,0,1,1,110.0,107.77,24.52,73.88,2.23,2.03,0
8298,Lalitpur,Goregaon (East),2,BHK,1011.680309,Dealer,1,0,1,110.0,176.91,143.88,232.96,66.91,60.83,0
18614,Lalitpur,Dronagiri,3,BHK,1500.0,Dealer,1,0,1,94.5,189.54,79.39,282.11,95.04,100.57,1
24583,Pune,Hadapsar,3,BHK,1543.890604,Dealer,1,1,1,140.0,117.93,79.53,154.39,22.07,15.76,1
9502,Lalitpur,Karanjade,1,BHK,675.024108,Dealer,0,1,1,42.0,60.01,25.41,89.72,18.01,42.88,1
22956,Bangalore,Kundalahalli,2,BHK,1046.1538460000002,Dealer,1,1,0,81.6,56.6,40.79,77.04,25.0,30.64,0
5133,Chennai,Rajakilpakkam,2,BHK,907.9365079,Dealer,0,1,1,57.2,51.62,35.88,69.17,5.58,9.76,1
25232,Maharashtra,Sector 36 Kharghar,1,BHK,700.0840101,Dealer,0,1,1,50.0,51.95,43.11,87.1,1.95,3.9,1
8275,Gurgaon,Sector-60 Gurgaon,3,BHK,2033.249611,Dealer,1,1,1,170.0,160.38,110.26,201.4,9.62,5.66,1
3090,Kanpur,Kaushalpuri,3,BHK,1400.203666,Owner,0,1,1,55.0,57.09,34.67,71.18,2.09,3.8,1
24944,Jaipur,Ajmer Road,3,BHK,1584.90566,Dealer,0,1,1,42.0,53.65,32.23,76.47,11.65,27.74,1
1275,Bangalore,Sarjapur Road,2,BHK,1370.071548,Owner,0,1,1,90.0,72.25,54.94,96.0,17.75,19.72,1
28461,Noida,Noida Extension,3,BHK,1340.206186,Owner,1,1,1,57.2,60.73,44.94,79.88,3.53,6.17,1
25561,Kolkata,BataNagar,2,BHK,710.1525512999999,Owner,0,1,1,27.0,32.15,21.52,39.82,5.15,19.07,1
1311,Kolkata,Mominpore,3,BHK,1412.57189,Dealer,0,1,1,140.0,79.73,48.17,116.69,60.27,43.05,0
20326,Pune,Sector-6 Moshi,3,BHK,1678.145473,Dealer,1,0,1,99.9,117.95,78.47,170.13,18.05,18.07,1
14270,Chennai,Karapakkam,1,BHK,549.0734386,Dealer,0,1,0,40.0,37.0,22.93,48.27,3.0,7.5,1
3732,Lalitpur,Ulwe,2,BHK,1015.062213,Dealer,1,1,1,93.0,106.87,51.92,160.18,13.87,14.91,1
28647,Maharashtra,Borivali (West),3,BHK,916.1156696,Dealer,1,0,1,230.0,204.59,123.93,236.67,25.41,11.05,1
9020,Chennai,Padur,3,BHK,1334.927276,Owner,0,1,1,67.0,64.9,50.68,85.36,2.1,3.13,1
25259,Maharashtra,Sector-34A Kharghar,2,BHK,1238.615665,Dealer,0,1,1,170.0,115.49,97.63,157.47,54.51,32.06,0
2217,Lalitpur,Panvel,2,BHK,639.0100416,Dealer,1,0,1,63.0,82.31,42.04,124.6,19.31,30.65,1
434,Bhiwadi,Alwar Bhiwadi Road,2,BHK,850.1259446,Owner,0,1,1,27.0,21.37,15.37,39.41,5.63,20.85,1
20527,Mumbai,Nahur,3,BHK,1736.8421050000002,Dealer,0,1,1,330.0,479.18,101.52,467.93,149.18,45.21,1
5030,Ajmer,Kotra,2,BHK,1444.444444,Dealer,1,1,1,40.3,47.41,37.63,71.15,7.11,17.64,1
3698,Bangalore,Annasandrapalya Extension,3,BHK,1100.0,Owner,0,1,1,66.0,49.94,31.04,69.22,16.06,24.33,1
11377,Maharashtra,kavesar,2,BHK,623.8303182,Dealer,1,0,0,120.0,110.75,53.96,176.99,9.25,7.71,1
13816,Bangalore,Whitefield,3,BHK,2134.016219,Owner,1,1,1,150.0,150.46,95.9,227.78,0.46,0.31,1
2762,Panchkula,Panchkula Extension,2,BHK,730.2533532000001,Dealer,1,0,1,19.6,30.2,15.71,49.09,10.6,54.08,1
26798,Hubli,Manjunath Nagar,2,BHK,1149.718958,Owner,0,1,1,45.0,48.63,32.72,61.51,3.63,8.07,1
21574,Mumbai,Dahisar (East),2,BHK,1031.314457,Dealer,0,1,1,110.0,126.84,92.32,122.45,16.84,15.31,1
1061,Maharashtra,Diva East,2,BHK,820.0168209,Dealer,0,1,1,39.0,104.1,70.77,119.58,65.1,166.92,0
11149,Maharashtra,Sector-23Ulwe,1,BHK,694.1001487000001,Dealer,0,1,1,42.0,67.12,37.18,121.56,25.12,59.81,1
21835,Ghaziabad,Shalimar Garden Extension I,1,BHK,550.0550055,Dealer,0,1,1,15.0,19.65,14.26,31.02,4.65,31.0,1
26101,Rajkot,Pushkardham Road,3,BHK,2000.0,Owner,0,1,1,72.0,66.24,39.58,109.05,5.76,8.0,1
9702,Pune,Pimple Saudagar,3,BHK,1167.112697,Dealer,0,1,1,78.5,86.09,67.54,101.1,7.59,9.67,1
1055,Bangalore,Horamavu Agara,4,BHK,2632.040709,Owner,0,1,1,150.0,190.19,120.79,340.5,40.19,26.79,1
16002,Chandigarh,Zirakpur,2,BHK,1250.0,Dealer,1,1,1,36.0,43.1,36.67,52.61,7.1,19.72,0
5139,Noida,Sector-42 Noida,2,BHK,750.0,Owner,0,1,1,42.0,41.06,26.33,54.05,0.94,2.24,1
7975,Vadodara,New VIP Road,3,BHK,1340.123291,Owner,0,1,1,50.0,44.06,36.98,61.92,5.94,11.88,1
12496,Ghaziabad,Raj Nagar Extension,4,BHK,2528.199144,Dealer,1,1,1,130.0,147.19,96.64,178.54,17.19,13.22,1
10085,Bhiwadi,Thara,1,BHK,649.7341996,Dealer,0,1,1,11.0,13.11,10.24,25.93,2.11,19.18,1
9397,Lalitpur,Kolshet Road,1,BHK,680.0077715,Dealer,1,0,0,70.0,62.2,27.56,90.35,7.8,11.14,1
25932,Nagpur,Jaitala,2,BHK,1076.040172,Owner,1,1,1,45.0,42.9,32.47,58.85,2.1,4.67,1
28024,Udupi,Vidyaratna Nagar,2,BHK,1300.169587,Owner,0,1,1,46.0,42.83,27.45,60.82,3.17,6.89,1
3192,Ghaziabad,Govind Puram,3,BHK,1637.630662,Dealer,0,1,1,56.4,71.58,47.92,95.45,15.18,26.91,1
3736,Pune,Baner,3,BHK,2000.0,Dealer,0,1,1,150.0,181.14,110.1,256.31,31.14,20.76,1
28837,Maharashtra,Dahisar (East),3,BHK,1300.7122949999998,Dealer,0,1,1,210.0,186.38,126.67,183.08,23.62,11.25,0
14884,Lalitpur,Ghodbunder Road,1,BHK,609.5632072000001,Dealer,0,1,1,50.1,61.82,25.68,86.64,11.72,23.39,1
26932,Chandigarh,Sector-63 Chandigarh,3,BHK,2000.0,Owner,0,1,1,120.0,95.76,55.72,154.05,24.24,20.2,1
1460,Patna,Ag Colony,3,BHK,1700.3529030000002,Dealer,0,1,1,53.0,71.29,47.08,105.77,18.29,34.51,1
7182,Jaipur,Pratap Nagar,3,BHK,2007.894737,Dealer,0,1,1,76.3,92.94,54.96,161.55,16.64,21.81,1
14775,Lalitpur,Bhandup (West),1,RK,202.8366631,Dealer,1,0,0,39.9,39.62,42.07,85.83,0.28,0.7,0
27648,Bhiwadi,Tapukara,2,BHK,800.0,Owner,0,1,1,14.0,21.6,14.38,33.49,7.6,54.29,0
3476,Faridabad,Sector 82 Faridabad,4,BHK,3079.838901,Dealer,0,1,1,130.0,172.64,128.72,289.74,42.64,32.8,1
17703,Pune,Warje Malwadi,2,BHK,874.1258741,Dealer,0,1,1,60.0,60.85,45.11,80.31,0.85,1.42,1
28793,Lucknow,NANDINI ENCLAVE AWADH VIHAR YOJNA,2,BHK,850.1201257000001,Owner,0,1,1,46.0,33.9,20.67,41.41,12.1,26.3,0
9872,Vadodara,Dabhoi,1,BHK,1100.535396,Owner,0,1,1,18.5,26.44,8.96,46.9,7.94,42.92,1
9168,Lucknow,Singar Nagar,5,BHK,4601.226994,Owner,0,1,1,150.0,358.87,146.53,403.71,208.87,139.25,1
28708,Vadodara,Vasna-Bhayli-Road,3,BHK,1536.245799,Dealer,1,0,0,32.0,45.81,34.65,82.78,13.81,43.16,0
12313,Mumbai,Kurar Village,2,BHK,828.7063893,Dealer,1,0,1,100.0,133.31,40.96,208.63,33.31,33.31,1
6310,Bhubaneswar,Uttara,2,BHK,974.025974,Owner,0,1,1,27.0,34.93,24.77,39.93,7.93,29.37,1
27234,Mumbai,Naigaon (East),1,BHK,610.0316313,Dealer,0,1,1,27.0,43.11,25.04,63.22,16.11,59.67,1
20953,Maharashtra,Tilak Nagar,2,BHK,964.585917,Dealer,0,1,1,140.0,162.35,134.82,245.12,22.35,15.96,1
4170,Kolkata,Dhakuria,3,BHK,1250.0,Dealer,0,1,1,110.0,79.78,40.42,99.32,30.22,27.47,0
7168,Surat,Althan,3,BHK,1454.1765300000002,Dealer,0,1,1,43.0,51.94,41.13,78.67,8.94,20.79,1
7944,Kolkata,New Town,4,BHK,3780.068729,Dealer,0,1,1,220.0,234.62,190.03,510.58,14.62,6.65,1
21158,Kolkata,Rajpur,2,BHK,911.4139693,Dealer,0,0,1,32.1,46.62,25.63,52.38,14.52,45.23,1
22982,Neemrana,NH-8,2,BHK,1150.22656,Owner,0,1,1,33.0,43.81,26.8,58.55,10.81,32.76,1
22868,Jamnagar,Samarpan Circle,3,BHK,1388.337961,Owner,0,1,1,35.0,46.82,30.47,69.77,11.82,33.77,1
2172,Mohali,Zirakpur,3,BHK,1339.972838,Dealer,1,0,0,59.2,52.77,38.13,62.31,6.43,10.86,1
19038,Chandigarh,Zirakpur,2,BHK,1316.270567,Owner,0,1,1,36.0,50.25,35.62,62.9,14.25,39.58,1
21068,Mumbai,Jogeshwari (West),2,BHK,924.4992296,Dealer,1,0,1,120.0,164.03,131.19,276.84,44.03,36.69,0
14987,Maharashtra,Seven Bunglow,2,BHK,1045.2796119999998,Dealer,0,1,1,220.0,145.26,51.77,234.72,74.74,33.97,1
10552,Lalitpur,Sector-35G Kharghar,2,BHK,1145.117635,Dealer,0,1,1,110.0,111.58,61.37,170.41,1.58,1.44,1
27964,Kanpur,Indira Nagar,3,BHK,1270.016565,Dealer,0,0,1,46.0,48.16,27.04,64.41,2.16,4.7,1
6969,Kolkata,New Town,1,BHK,511.9453925,Dealer,0,1,1,22.5,20.98,15.21,36.61,1.52,6.76,1
28190,Jaipur,Gandhi Path,3,BHK,1150.251618,Dealer,0,0,1,32.0,38.76,28.0,70.93,6.76,21.12,1
8513,Gurgaon,Sector-79 Gurgaon,3,BHK,1983.053903,Dealer,1,1,1,110.0,125.91,103.4,195.01,15.91,14.46,1
15969,Pune,Hadapsar,1,BHK,554.0780142000001,Owner,0,1,1,25.0,28.2,17.94,41.47,3.2,12.8,1
23744,Lalitpur,Majiwada,3,BHK,2079.002079,Dealer,0,1,1,270.0,303.07,191.72,441.38,33.07,12.25,1
20135,Nagpur,Narendra Nagar,3,BHK,1260.047795,Dealer,0,1,1,58.0,54.67,35.63,85.68,3.33,5.74,1
17235,Jaipur,Panchsheel Colony,3,BHK,2008.398758,Owner,0,1,1,110.0,96.68,48.55,142.87,13.32,12.11,1
26399,Bangalore,Yelahanka,3,BHK,1000.0,Dealer,1,1,1,75.0,57.43,43.96,81.85,17.57,23.43,1
987,Ghaziabad,Ahinsa Khand 1,3,BHK,1593.272848,Dealer,1,1,1,72.0,76.11,50.61,101.26,4.11,5.71,1
15221,Lalitpur,Balkum,3,BHK,903.045727,Dealer,1,0,0,110.0,154.4,59.46,259.37,44.4,40.36,1
15362,Coimbatore,Avarampalayam,2,BHK,1300.213468,Dealer,0,1,1,67.0,56.94,38.23,74.29,10.06,15.01,1
6293,Mangalore,Ashok Nagar,3,BHK,1149.954002,Owner,0,1,1,50.0,48.34,34.31,66.65,1.66,3.32,1
12175,Nagpur,Besa,2,BHK,1025.125628,Owner,1,1,1,51.0,40.49,28.67,58.3,10.51,20.61,1
3604,Bangalore,Rajaji Nagar,3,BHK,2393.162393,Dealer,1,1,1,350.0,282.54,127.89,358.65,67.46,19.27,1
15989,Faridabad,Sector 88 Faridabad,2,BHK,1272.675737,Dealer,0,1,1,44.9,46.06,38.44,47.79,1.16,2.58,1
12663,Dharuhera,Sector - 1 Dharuhera,1,BHK,747.1264368,Dealer,1,1,1,15.6,14.97,17.56,26.47,0.63,4.04,0
11295,Chennai,Adhanoor,2,BHK,697.1809638999999,Owner,0,1,1,23.0,33.6,23.9,48.63,10.6,46.09,0
6936,Jaipur,Vivek Vihar,3,BHK,1350.135014,Dealer,0,1,1,60.0,45.19,28.27,80.15,14.81,24.68,1
18357,Mumbai,Sector 15 Belapur,3,BHK,2100.0,Dealer,0,1,1,210.0,269.26,167.4,461.31,59.26,28.22,1
28980,Mohali,Sector-70 Mohali,2,BHK,600.0648719,Owner,0,1,1,37.0,29.26,16.64,34.98,7.74,20.92,0
17806,Bangalore,Hoodi,3,BHK,1545.010248,Dealer,1,1,1,98.0,100.12,72.89,129.43,2.12,2.16,1
23179,Chandigarh,Zirakpur,3,BHK,1910.447761,Dealer,0,1,1,64.0,65.24,52.83,79.9,1.24,1.94,1
26547,Mumbai,Vasant Vihar,3,BHK,1172.418847,Dealer,0,1,1,160.0,271.4,173.54,344.82,111.4,69.62,0
15020,Chandigarh,Zirakpur,3,BHK,1910.176236,Dealer,0,1,1,67.2,65.24,52.83,79.9,1.96,2.92,1
28621,Chandigarh,Dera Bassi,2,BHK,989.8904802,Dealer,1,1,1,23.5,25.16,21.99,49.35,1.66,7.06,1
26053,Chennai,Kelambakkam,3,BHK,1141.2629980000002,Owner,0,1,1,45.0,53.56,38.21,66.31,8.56,19.02,1
3130,Pune,Pirangut,2,BHK,910.8653221,Owner,1,1,1,42.0,58.41,38.5,71.02,16.41,39.07,1
3434,Bangalore,Chikkalasandra,2,BHK,909.9181074,Owner,0,1,1,50.0,50.01,33.01,60.25,0.01,0.02,1
21274,Bangalore,Yelahanka,2,BHK,1120.1236,Owner,1,1,1,58.0,58.18,45.17,79.3,0.18,0.31,1
8535,Ghaziabad,Kaushambi,3,BHK,1660.038043,Owner,0,1,1,96.0,82.58,56.8,115.94,13.42,13.98,1
4941,Maharashtra,Thane West,2,BHK,1130.2382189999998,Dealer,0,1,1,130.0,133.91,101.97,171.3,3.91,3.01,1
28155,Pune,Sinhgad Road,1,BHK,572.0664155000001,Dealer,1,1,1,41.0,38.66,29.68,39.89,2.34,5.71,0
21199,Kolkata,Rajarhat,3,BHK,1305.142261,Dealer,0,1,1,50.0,71.74,42.46,106.31,21.74,43.48,1
20972,Maharashtra,Chembur,3,BHK,1811.76252,Dealer,0,1,1,390.0,377.64,218.13,497.21,12.36,3.17,1
22778,Maharashtra,Khar West,3,BHK,2400.0,Dealer,0,1,1,750.0,769.41,267.46,1335.63,19.41,2.59,1
27308,Jaipur,Ajmer Road,3,BHK,1365.949119,Dealer,0,1,1,34.9,43.72,28.99,60.77,8.82,25.27,1
14515,Lalitpur,Thane West,2,BHK,521.0252092000001,Dealer,1,0,0,99.0,80.8,75.82,130.16,18.2,18.38,1
7659,Noida,Sector-150 Noida,3,BHK,2140.270003,Dealer,1,0,1,130.0,130.28,89.82,199.62,0.28,0.22,1
6912,Faridabad,Sector 78 Faridabad,3,BHK,1619.659313,Dealer,0,1,1,58.0,58.86,40.38,70.09,0.86,1.48,1
19167,Gurgaon,Sector-109 Gurgaon,3,BHK,2149.87715,Dealer,1,1,1,140.0,150.82,110.66,219.66,10.82,7.73,1
6914,Noida,Sector-93 B Noida,4,BHK,4150.238639,Dealer,0,1,1,400.0,336.28,174.76,463.92,63.72,15.93,1
276,Pune,Kharadi,3,BHK,1320.052802,Dealer,1,0,1,110.0,99.32,65.45,123.86,10.68,9.71,1
21134,Bangalore,Padmanabhanagar,2,BHK,950.0113097,Owner,0,1,1,42.0,51.38,33.01,62.04,9.38,22.33,1
25837,Bhopal,Katara Hills,2,BHK,845.210474,Owner,1,1,1,25.5,22.6,15.99,36.23,2.9,11.37,1
3975,Mohali,Sector-121 Mohali,4,BHK,3119.75042,Dealer,1,1,1,130.0,149.76,101.97,181.05,19.76,15.2,1
28135,Faridabad,Sector 75 Faridabad,2,BHK,1429.057503,Dealer,0,1,1,42.0,45.22,38.42,49.82,3.22,7.67,1
23343,Mumbai,Dombivli (East),2,BHK,472.8413763,Dealer,1,1,0,43.7,50.07,42.98,99.97,6.37,14.58,1
26920,Aurangabad,Beed Bypass Road,2,BHK,824.9312557,Owner,0,1,1,27.0,29.77,18.13,39.73,2.77,10.26,1
1925,Mumbai,Malad (East),1,BHK,745.049029,Dealer,1,0,1,77.5,87.31,78.83,120.91,9.81,12.66,0
9943,Chandigarh,Sector-48 Chandigarh,3,BHK,1400.187735,Dealer,0,1,1,89.5,92.88,42.31,114.07,3.38,3.78,1
21481,Lalitpur,Hiranandani Estate,3,BHK,1964.019169,Dealer,0,1,1,250.0,261.6,197.09,401.99,11.6,4.64,1
5020,Chandigarh,Zirakpur,2,BHK,1149.207851,Dealer,1,0,1,48.6,39.86,34.28,48.49,8.74,17.98,0
26886,Allahabad,Sulem Sarai,3,BHK,1699.39577,Owner,0,1,1,45.0,70.71,44.39,101.71,25.71,57.13,1
22007,Bangalore,Brookefield,3,BHK,1789.709172,Dealer,0,1,1,80.0,121.65,78.94,157.54,41.65,52.06,1
23050,Vadodara,Gotri,3,BHK,1950.35461,Dealer,0,1,1,55.0,54.8,39.91,151.96,0.2,0.36,1
23331,Mumbai,Malad (West),3,BHK,1250.0,Dealer,1,1,1,200.0,252.45,181.95,306.79,52.45,26.23,1
7724,Pune,Pashan,2,BHK,1056.910569,Dealer,0,1,1,65.0,80.04,57.59,93.2,15.04,23.14,1
10985,Ghaziabad,Raj Nagar Extension,3,BHK,1588.08933,Dealer,1,1,1,51.2,59.44,41.78,74.61,8.24,16.09,1
17586,Bangalore,Bellandur,3,BHK,2010.516548,Dealer,0,1,1,130.0,154.86,92.95,219.96,24.86,19.12,1
28802,Bangalore,Kodbisanhalli,3,BHK,1905.091791,Dealer,0,1,1,220.0,142.49,97.02,196.62,77.51,35.23,0
1406,Bangalore,Ananth Nagar,3,BHK,1235.203294,Owner,0,1,1,72.0,73.3,46.59,99.35,1.3,1.81,1
7455,Kota,Borkhandi,1,BHK,550.1618123,Owner,0,1,1,17.0,19.03,10.67,24.25,2.03,11.94,1
20613,Pune,Hadapsar,2,BHK,999.6775234,Dealer,1,0,1,62.0,64.21,46.4,93.51,2.21,3.56,1
16484,Kolkata,Behala Chowrasta,3,BHK,1234.285714,Dealer,0,1,1,43.2,56.21,39.37,94.5,13.01,30.12,1
23627,Ghaziabad,Garhi,3,BHK,1478.373144,Dealer,0,1,1,45.8,50.43,40.9,82.28,4.63,10.11,1
10878,Vadodara,Kareli Bagh,4,BHK,1840.168244,Dealer,1,1,1,70.0,89.16,42.57,136.79,19.16,27.37,1
4208,Bangalore,Whitefield,3,BHK,1719.875309,Dealer,0,1,1,160.0,118.84,76.98,155.9,41.16,25.72,0
13812,Jamshedpur,Kadma,3,BHK,1290.171241,Dealer,0,1,1,55.0,40.99,26.84,55.51,14.01,25.47,1
21844,Bangalore,Jigani,2,BHK,945.1299554,Owner,0,1,1,36.0,42.26,30.16,58.55,6.26,17.39,1
15553,Mumbai,Mira Bhayandar,1,BHK,675.0675068,Dealer,0,1,1,60.0,78.51,46.68,66.52,18.51,30.85,1
17323,Bangalore,Gubbalala,3,BHK,1498.067743,Dealer,0,1,1,65.9,94.85,61.52,139.1,28.95,43.93,1
28715,Kolkata,Action Area II,3,BHK,1264.066595,Dealer,0,1,1,82.0,64.57,40.42,98.63,17.43,21.26,1
24804,Dharuhera,NH-8,2,BHK,1224.621334,Dealer,0,1,1,38.0,50.08,27.0,65.85,12.08,31.79,1
23330,Noida,Sector-30 Noida,3,BHK,1749.781277,Dealer,0,1,1,120.0,103.24,72.78,130.13,16.76,13.97,1
3861,Kolkata,New Town,3,BHK,940.0575094,Dealer,0,1,1,42.5,41.97,27.11,59.24,0.53,1.25,1
12384,Kolkata,Rajarhat,2,BHK,1157.85411,Dealer,0,1,1,30.0,66.05,39.19,91.96,36.05,120.17,0
17935,Aurangabad,Fattepur,2,BHK,922.0925856,Owner,0,1,1,24.5,30.12,18.83,37.77,5.62,22.94,1
12780,Mumbai,Ghodbunder Road,2,BHK,580.7966076,Dealer,1,0,0,76.7,86.9,41.59,124.31,10.2,13.3,1
21865,Pune,Kate Wasti,1,BHK,690.0768693,Dealer,0,1,1,39.5,22.2,19.34,91.77,17.3,43.8,1
2363,Muzaffarpur,Club Road Mithanpura,3,BHK,1395.089286,Owner,0,1,1,50.0,52.02,36.06,64.8,2.02,4.04,1
663,Maharashtra,Sector 11 Koparkhairane,3,BHK,1559.004948,Dealer,0,1,1,230.0,174.11,112.69,234.64,55.89,24.3,1
10448,Noida,sector-121 Noida,3,BHK,1542.993407,Dealer,1,1,1,110.0,81.82,61.16,93.74,28.18,25.62,0
14786,Kochi,Aluva,4,BHK,2099.65528,Dealer,0,1,1,67.0,145.27,95.07,196.22,78.27,116.82,0
19270,Surat,PAL,3,BHK,1969.991664,Dealer,0,1,1,70.9,75.33,56.87,95.35,4.43,6.25,1
26528,Noida,Sector-137 Noida,2,BHK,825.0825083,Owner,0,1,1,35.0,34.83,28.21,49.64,0.17,0.49,1
7880,Mysore,3rd Stage Vijayanagar,2,BHK,1200.0,Dealer,1,1,1,54.0,64.25,37.15,76.15,10.25,18.98,1
21132,Mumbai,Tilak nagar,2,BHK,627.6056842999999,Dealer,0,1,1,140.0,148.03,130.0,215.31,8.03,5.74,1
1444,Kolkata,New Town,3,BHK,1878.069922,Dealer,0,0,1,130.0,104.73,83.3,149.45,25.27,19.44,1
29023,Guntur,Kolanukonda,2,BHK,1280.120482,Owner,0,1,1,34.0,47.01,32.91,59.34,13.01,38.26,1
1421,Mohali,Dhakoli,3,BHK,1500.288517,Owner,0,1,1,52.0,51.91,37.35,69.64,0.09,0.17,1
885,Gurgaon,Sector-14 Gurgaon,3,BHK,1750.164078,Dealer,0,0,1,80.0,137.26,85.61,160.8,57.26,71.58,0
3075,Coimbatore,Tatabad,3,BHK,1602.3306630000002,Owner,0,1,1,110.0,76.54,52.95,100.4,33.46,30.42,0
23846,Chennai,Okkiyam Thuraipakkam,3,BHK,1080.093054,Owner,0,1,1,65.0,63.01,40.29,78.82,1.99,3.06,1
7935,Chennai,Thoraipakkam,1,BHK,520.0594354,Owner,0,1,1,35.0,34.06,16.45,39.22,0.94,2.69,1
950,Chandigarh,Zirakpur,4,BHK,1944.742489,Owner,1,1,1,72.5,59.83,54.89,104.07,12.67,17.48,1
20205,Kolkata,Rajarhat,2,BHK,970.0366458,Dealer,0,1,1,45.0,49.73,28.09,64.75,4.73,10.51,1
26743,Bangalore,Marathahalli,3,BHK,1482.937288,Dealer,0,1,1,83.0,88.81,61.18,125.96,5.81,7.0,1
26158,Lalitpur,Airoli,2,BHK,1342.945999,Dealer,0,0,1,190.0,154.51,118.69,223.6,35.49,18.68,1
8237,Jamshedpur,Adityapur,2,BHK,848.0,Builder,0,0,0,21.2,18.2,15.94,28.98,3.0,14.15,1
14825,Lalitpur,Mira Road,2,BHK,950.0,Dealer,0,1,1,76.0,82.45,71.9,101.25,6.45,8.49,1
4988,Lalitpur,Wadala East,3,BHK,1424.5739,Dealer,0,1,1,280.0,334.63,216.97,424.86,54.63,19.51,1
27106,Kolkata,Kestopur,2,BHK,1063.1578949999998,Dealer,0,1,1,40.4,47.7,30.65,62.55,7.3,18.07,1
11412,Jabalpur,Wright Town,2,BHK,750.0797957000001,Owner,0,1,1,23.5,24.51,15.63,36.49,1.01,4.3,1
20971,Mohali,Sector-113 Mohali,3,BHK,1637.835848,Dealer,1,1,1,44.5,66.83,44.5,100.22,22.33,50.18,1
19975,Sonipat,Omaxe City,2,BHK,1250.0,Owner,0,1,1,33.0,37.65,26.78,61.42,4.65,14.09,1
15434,Kolkata,Salt Lake,3,BHK,1415.164606,Dealer,0,1,1,95.0,79.73,48.17,116.69,15.27,16.07,1
4881,Bangalore,VGP Layout,2,BHK,1000.0,Owner,0,1,1,45.0,43.35,30.22,63.42,1.65,3.67,1
16689,Bangalore,Ramamurthy Nagar,2,BHK,1189.282627,Dealer,0,1,1,68.8,63.98,44.96,94.23,4.82,7.01,1
14460,Lalitpur,JVLR,5,BHK,1720.035547,Dealer,0,1,1,600.0,704.75,93.8,683.97,104.75,17.46,1
27290,Bhubaneswar,Sundarpada,1,BHK,435.0,Dealer,0,1,1,8.7,21.84,11.26,27.68,13.14,151.03,0
11234,Lucknow,Sultanpur Road,3,BHK,1091.803279,Dealer,1,0,1,33.3,38.58,29.44,61.97,5.28,15.86,1
14191,Chandigarh,Sector-44A Chandigarh,3,BHK,2000.0,Dealer,0,1,1,130.0,74.71,57.91,162.63,55.29,42.53,1
8284,Lalitpur,Pokhran-2,2,BHK,696.0879855000001,Dealer,1,0,1,100.0,106.84,42.87,179.47,6.84,6.84,1
26320,Nagpur,Bhole Nagar,2,BHK,750.0669703,Owner,0,1,1,28.0,29.92,18.5,46.65,1.92,6.86,1
12657,Bangalore,4th T block Jayanagar,3,BHK,1935.015722,Dealer,0,0,1,240.0,151.1,97.74,201.87,88.9,37.04,0
22564,Maharashtra,Goregaon (West),2,BHK,1059.322034,Dealer,1,0,1,130.0,177.05,141.32,224.57,47.05,36.19,0
578,Faridabad,Sector 77 Faridabad,4,BHK,2141.46658,Dealer,0,1,1,66.0,71.68,56.85,125.88,5.68,8.61,1
17696,Maharashtra,Mulund (West),1,BHK,618.004532,Dealer,1,0,1,90.0,90.22,78.73,107.86,0.22,0.24,1
24197,Kanpur,Civil Lines,3,BHK,1300.0,Owner,0,1,1,65.0,51.91,27.61,70.67,13.09,20.14,1
9463,Noida,Sector-137 Noida,4,BHK,2494.387628,Dealer,1,0,1,100.0,112.99,96.3,197.02,12.99,12.99,1
14709,Bangalore,Kaggadasapura,2,BHK,1200.111638,Dealer,0,1,1,43.0,70.51,44.96,96.57,27.51,63.98,0
29074,Kolkata,Mukundapur,2,BHK,659.9788807,Dealer,0,1,1,50.0,33.22,17.94,49.24,16.78,33.56,0
2951,Bangalore,Ardendale,3,BHK,1700.013077,Owner,0,1,1,130.0,79.17,55.51,119.54,50.83,39.1,0
912,Kolkata,Sodepur,3,BHK,1330.555556,Dealer,0,1,1,47.9,55.08,40.42,80.95,7.18,14.99,1
11235,Bhubaneswar,Sundarpada,3,BHK,1519.666269,Dealer,0,0,1,51.0,68.71,51.28,103.86,17.71,34.73,0
27544,Bangalore,Begur Road,1,BHK,644.028103,Dealer,1,0,1,44.0,36.03,31.88,46.7,7.97,18.11,1
22183,Pune,Wagholi,1,BHK,575.9858218999999,Dealer,0,0,1,26.0,30.61,23.16,45.52,4.61,17.73,1
6396,Kolkata,New Alipore,4,BHK,2380.952381,Dealer,0,1,1,250.0,234.7,100.39,264.17,15.3,6.12,1
6875,Jamshedpur,Sonari,3,BHK,1735.3077280000002,Owner,0,1,1,75.0,61.34,43.12,86.24,13.66,18.21,1
19621,Bangalore,OMBR Layout,3,BHK,2150.958154,Dealer,0,1,1,220.0,194.8,112.21,263.89,25.2,11.45,1
17757,Pune,Marunji,2,BHK,600.0960154,Owner,0,1,1,25.0,39.05,22.33,49.93,14.05,56.2,1
25008,Mumbai,Taloja,2,BHK,820.1411406000001,Dealer,1,1,1,43.0,59.27,39.18,117.46,16.27,37.84,1
21120,Maharashtra,Manpada,2,BHK,1115.688294,Dealer,1,1,1,130.0,125.32,96.79,157.8,4.68,3.6,1
11964,Siliguri,Sevoke Road,2,BHK,709.375,Dealer,0,0,1,22.7,20.75,12.88,29.73,1.95,8.59,1
15314,Ghaziabad,Raj Nagar Extension,2,BHK,1247.909,Dealer,1,1,1,37.3,45.89,34.26,53.34,8.59,23.03,1
19049,Pune,Punawale,2,BHK,877.0391159,Dealer,1,1,1,50.0,48.89,41.89,70.7,1.11,2.22,1
27805,Jamnagar,walkeshwari nagari,2,BHK,1382.716049,Owner,0,1,1,56.0,41.87,28.78,57.18,14.13,25.23,1
17771,Mumbai,4 Bunglows,3,BHK,1191.014983,Dealer,1,1,1,500.0,359.73,173.69,536.87,140.27,28.05,1
10348,Gandhinagar,Sargasan,1,BHK,516.6356685,Dealer,0,1,1,25.0,12.63,13.26,38.29,12.37,49.48,1
20443,Chennai,Guduvancheri,2,BHK,880.0880087999999,Owner,0,1,1,24.0,35.25,28.4,45.62,11.25,46.88,0
14627,Kolkata,Behala,2,BHK,830.0,Dealer,0,0,1,24.9,31.18,22.63,44.58,6.28,25.22,1
21268,Bangalore,Electronics City Phase 1,3,BHK,1750.0,Owner,0,1,1,84.0,101.6,69.16,130.3,17.6,20.95,1
11022,Bangalore,Malleshpalya,3,BHK,1310.833208,Owner,0,1,1,87.0,71.82,50.73,98.32,15.18,17.45,1
21083,Kolkata,Kalikapur,2,BHK,1150.218542,Owner,0,1,1,50.0,52.8,39.82,69.93,2.8,5.6,1
21071,Panchkula,Peer Muchalla,2,BHK,1350.308642,Owner,0,1,1,35.0,42.81,31.64,68.45,7.81,22.31,1
17177,Sonipat,Kundli,2,BHK,1264.274062,Dealer,0,1,1,31.0,32.44,25.99,60.22,1.44,4.65,1
25254,Bangalore,Rajanna Layout,2,BHK,1025.01025,Owner,0,1,1,50.0,56.66,37.38,73.16,6.66,13.32,1
15148,Pune,Moshi,1,BHK,473.965287,Builder,1,0,0,28.4,25.67,17.22,35.08,2.73,9.61,1
7635,Mumbai,Upper Govind Nagar,3,BHK,1500.0,Dealer,1,1,1,210.0,250.22,195.99,327.59,40.22,19.15,1
8345,Lalitpur,Sector-8A Airoli,2,BHK,875.0607681,Dealer,0,1,1,90.0,118.11,46.73,233.32,28.11,31.23,1
27279,Bangalore,Byadarahalli,4,BHK,3459.067699,Dealer,0,1,1,420.0,334.39,225.47,546.69,85.61,20.38,1
2922,Chennai,Banu Nagar,2,BHK,680.0,Owner,0,1,1,27.2,32.44,24.26,46.84,5.24,19.26,1
16316,Ludhiana,Thakkarwal,3,BHK,1585.365854,Owner,1,1,1,65.0,58.54,36.6,75.38,6.46,9.94,1
12232,Lalitpur,Jogeshwari (East),2,BHK,1167.542323,Dealer,0,1,1,220.0,254.57,159.74,283.98,34.57,15.71,1
6180,Lalitpur,Raheja Vihar,2,BHK,1250.0,Dealer,0,1,1,220.0,137.61,61.75,206.92,82.39,37.45,0
18677,Mumbai,Powai,2,BHK,794.4753407000001,Dealer,1,0,1,260.0,191.1,131.0,250.55,68.9,26.5,0
12245,Lucknow,Mahanagar,3,BHK,2548.939641,Dealer,1,1,1,250.0,172.16,101.34,285.92,77.84,31.14,1
8102,Pune,Sus,3,BHK,1320.072333,Dealer,1,1,1,73.0,103.86,71.77,129.8,30.86,42.27,1
3871,Bangalore,Whitefield,3,BHK,2530.730296,Dealer,0,1,1,210.0,179.47,131.43,313.94,30.53,14.54,1
333,Lalitpur,Thane West,2,BHK,1051.223242,Dealer,1,0,1,110.0,116.29,100.12,160.76,6.29,5.72,1
22370,Jaipur,Vaishali Nagar,3,BHK,1770.14531,Dealer,0,1,0,67.0,77.48,46.62,106.05,10.48,15.64,1
26073,Pune,Wakad,2,BHK,1029.136594,Dealer,1,1,1,77.0,65.77,56.62,79.75,11.23,14.58,1
18603,Maharashtra,Ghodbunder Road,2,BHK,1206.125491,Dealer,1,1,1,89.0,162.88,91.49,300.17,73.88,83.01,0
24704,Lalitpur,Kolshet Industrial Area,2,BHK,870.0102354,Dealer,0,0,1,85.0,106.44,49.29,153.02,21.44,25.22,1
19965,Chandigarh,Sector-49 Chandigarh,4,BHK,1849.796522,Dealer,0,1,1,150.0,121.16,55.56,145.99,28.84,19.23,0
8553,Lalitpur,Jankalyan Nagar,1,BHK,690.0172504,Dealer,1,1,1,92.0,61.38,27.38,89.54,30.62,33.28,0
17061,Lalitpur,Chembur (East),3,BHK,1250.0,Dealer,0,1,1,280.0,280.12,194.84,357.09,0.12,0.04,1
26561,Surat,PAL,4,BHK,2834.46712,Dealer,1,0,1,150.0,195.19,127.01,386.35,45.19,30.13,1
23329,Jaipur,Ambabari,3,BHK,2095.494686,Dealer,0,1,1,140.0,110.54,64.94,179.0,29.46,21.04,1
5266,Pune,Wakad,2,BHK,1175.1538890000002,Dealer,1,1,1,84.0,74.81,65.1,97.99,9.19,10.94,1
14478,Lalitpur,Sector 12 Kharghar,2,BHK,1214.083367,Dealer,0,1,1,120.0,126.59,93.82,176.81,6.59,5.49,1
15396,Ghaziabad,Raj Nagar Extension,2,BHK,753.0120482000001,Owner,0,1,1,25.0,24.59,17.15,37.34,0.41,1.64,1
15120,Pune,Moshi,2,BHK,925.9259259,Dealer,1,1,1,40.5,50.79,39.94,72.95,10.29,25.41,1
4190,Ongole,Near Rtc Bus Depo,2,BHK,1330.180313,Owner,0,1,1,45.0,50.48,36.35,60.4,5.48,12.18,1
25094,Bangalore,Tejaswini Nagar,2,BHK,1219.943423,Owner,0,1,1,69.0,71.19,49.94,93.98,2.19,3.17,1
19829,Bangalore,Konanakunte,3,BHK,1591.187271,Dealer,1,0,1,130.0,114.24,74.08,141.55,15.76,12.12,1
3668,Surat,Bhatar,2,BHK,1100.025582,Owner,0,1,1,43.0,36.74,43.37,51.54,6.26,14.56,0
7537,Pune,Prabhat Road,3,BHK,1459.6764380000002,Dealer,0,1,1,240.0,110.4,70.84,169.49,129.6,54.0,0
3535,Mohali,Sector-115 Mohali,2,BHK,819.5876289,Dealer,1,1,1,15.9,18.11,15.46,40.34,2.21,13.9,1
12716,Nagpur,Mihan,2,BHK,804.0809268999999,Owner,1,0,1,46.5,31.03,21.36,47.76,15.47,33.27,1
2256,Mumbai,Chembur,3,BHK,1229.773463,Dealer,0,1,1,190.0,276.88,184.13,351.76,86.88,45.73,1
9063,Maharashtra,Bhandup (West),3,BHK,1152.073733,Dealer,1,1,1,170.0,220.3,155.32,296.83,50.3,29.59,1
28646,Anand,Vallabh Vidhyanagar,3,BHK,1325.255585,Owner,0,1,1,35.0,38.26,24.56,53.54,3.26,9.31,1
23565,Jaipur,Mansarovar Extension,1,BHK,700.097688,Owner,0,1,1,21.5,34.48,14.68,31.44,12.98,60.37,1
7953,Jaipur,Mansarovar Extension,3,BHK,1359.434475,Dealer,0,1,1,25.0,41.42,30.88,60.39,16.42,65.68,0
8617,Shirdi,Close to temple,1,BHK,402.0549475,Owner,0,1,1,18.0,19.7,8.83,25.21,1.7,9.44,1
28542,Jaipur,Govindpura Kardhani Scheme,3,BHK,1313.197636,Owner,0,1,1,60.0,44.95,27.98,79.89,15.05,25.08,1
22259,Bangalore,Green View Layout,2,BHK,1046.0251050000002,Owner,0,1,1,45.0,56.66,37.38,73.16,11.66,25.91,1
21406,Mohali,Sas Nagar,3,BHK,1850.357032,Dealer,1,1,1,59.6,73.14,51.99,97.97,13.54,22.72,1
18263,Rewari,Sector-26 Rewari,2,BHK,519.9306759,Owner,1,0,1,21.0,12.77,11.2,28.5,8.23,39.19,1
15386,Lucknow,Gomti Nagar Extension,3,BHK,1830.065359,Dealer,1,0,1,98.0,89.42,67.77,153.48,8.58,8.76,1
1190,Palghar,Palghar,1,BHK,418.0213655,Dealer,0,1,1,18.0,12.52,9.15,38.71,5.48,30.44,1
4374,Lalitpur,Thane West,4,BHK,2040.069048,Dealer,1,1,0,390.0,552.66,209.04,516.97,162.66,41.71,1
24103,Rudrapur,Big Bazar,2,BHK,869.7079094000001,Owner,0,1,1,26.5,27.86,18.85,40.48,1.36,5.13,1
10355,Bangalore,Ardendale,4,BHK,3159.003159,Dealer,0,1,1,180.0,263.71,104.4,410.69,83.71,46.51,1
879,Sonipat,Kundli,4,BHK,2197.260274,Dealer,0,1,1,80.2,84.64,51.25,134.74,4.44,5.54,1
16923,Surat,PAL,4,BHK,3104.947216,Dealer,0,1,1,150.0,157.72,128.86,371.4,7.72,5.15,1
24283,Mumbai,Rabale,1,BHK,660.0369621,Dealer,0,1,1,75.0,60.22,43.83,88.97,14.78,19.71,1
9015,Bangalore,Amruthnagar,3,BHK,1510.269835,Owner,0,1,1,75.0,88.29,60.47,128.95,13.29,17.72,1
11909,Bangalore,Hebbal Kempapura,4,BHK,4310.344828,Dealer,0,1,1,360.0,398.53,256.66,740.18,38.53,10.7,1
17781,Coimbatore,Avinashi Road,5,BHK,4858.299595,Owner,0,1,1,300.0,209.06,157.33,542.91,90.94,30.31,1
28683,Surat,Palanpur,2,BHK,1172.727273,Dealer,0,1,1,38.7,43.78,31.2,60.98,5.08,13.13,1
9603,Kolkata,Bansdroni,2,BHK,727.2149889,Dealer,0,0,1,22.9,31.0,20.26,47.89,8.1,35.37,1
9553,Bangalore,KR Puram,3,BHK,1664.007294,Dealer,0,1,1,73.0,101.9,75.87,144.22,28.9,39.59,0
24347,Kolkata,Purba Putiary,2,BHK,760.0434311,Owner,0,1,1,28.0,28.77,21.85,41.06,0.77,2.75,1
22948,Lalitpur,Sector-3 Ulwe,2,BHK,1200.068575,Dealer,0,1,1,70.0,116.95,75.67,158.42,46.95,67.07,0
3715,Sonipat,Sector 8 Sonipat,2,BHK,1347.812201,Dealer,0,1,1,42.2,44.28,29.5,66.73,2.08,4.93,1
2736,Maharashtra,Kasar vadavali,1,BHK,475.0175932,Dealer,1,1,1,54.0,50.7,19.53,64.88,3.3,6.11,1
11467,Karjat,Talewadi,1,BHK,569.9629524000001,Owner,0,1,1,20.0,20.55,15.56,25.16,0.55,2.75,1
27866,Ghaziabad,Dilshad Plaza,2,BHK,749.6740547999999,Owner,0,1,1,11.5,25.9,20.36,47.92,14.4,125.22,0
4173,Lalitpur,Mulund (West),2,BHK,1165.00092,Dealer,1,1,1,190.0,172.02,134.88,191.14,17.98,9.46,1
4483,Patna,Gola Road,2,BHK,1020.160311,Owner,0,1,1,42.0,39.72,25.32,53.86,2.28,5.43,1
21334,Lalitpur,Borivali (East),3,BHK,1694.72376,Dealer,1,0,1,300.0,263.9,172.42,294.51,36.1,12.03,0
1291,Chennai,Karapakkam,2,BHK,965.0180941,Owner,0,1,1,40.0,51.62,34.14,63.07,11.62,29.05,1
13179,Bhiwadi,Tapukara,2,BHK,750.0,Owner,0,1,1,24.0,21.13,13.34,33.7,2.87,11.96,1
22558,Maharashtra,Wadala,4,BHK,1579.960357,Dealer,1,1,1,550.0,523.63,202.11,650.79,26.37,4.79,1
10615,Jaipur,Bani Park,3,BHK,2163.650669,Dealer,0,1,1,110.0,109.98,66.77,180.08,0.02,0.02,1
13034,Lalitpur,Chembur (East),2,BHK,960.0384015,Dealer,0,1,1,160.0,174.24,141.07,246.41,14.24,8.9,1
13868,Chennai,Vengaivasal,3,BHK,1261.061947,Owner,0,1,1,57.0,63.5,46.99,80.04,6.5,11.4,1
19614,Noida,Sector-152 Noida,3,BHK,2173.913043,Dealer,1,0,1,100.0,130.81,89.26,207.89,30.81,30.81,1
5511,Coimbatore,Kalikkanaicken Palayam,2,BHK,791.0074937999999,Owner,0,1,1,38.0,30.24,23.73,41.63,7.76,20.42,1
6352,Chandigarh,Zirakpur,3,BHK,1552.053486,Owner,1,1,1,65.0,59.63,43.64,79.78,5.37,8.26,1
14943,Kolkata,Chinar Park,2,BHK,1110.905388,Owner,0,1,1,60.0,48.85,33.38,65.78,11.15,18.58,1
4854,Bangalore,Rajarajeshwari Nagar,2,BHK,1515.151515,Owner,0,1,1,80.0,94.63,55.19,130.63,14.63,18.29,1
10092,Agra,Pratap Nagar,2,BHK,9677.419355,Owner,0,1,1,15.0,0.0,0.0,214.27,15.0,100.0,1
12399,Bhubaneswar,Pathargadia,3,BHK,1954.761905,Dealer,1,0,1,82.1,108.83,75.37,187.09,26.73,32.56,1
15815,Jaipur,Bapu Nagar,3,BHK,1875.167426,Owner,0,1,1,140.0,80.84,50.4,99.74,59.16,42.26,0
13267,Kolkata,Nandi Bagan,2,BHK,750.0986972000001,Dealer,0,1,1,38.0,30.96,22.1,48.55,7.04,18.53,1
20650,Agra,Shamsabad,2,BHK,1067.399479,Owner,1,0,1,36.9,31.44,23.06,47.01,5.46,14.8,1
25266,Pune,Dhole Patil Road,1,BHK,679.967791,Dealer,0,1,1,76.0,45.78,28.17,55.33,30.22,39.76,0
28173,Hubli,Raj Nagar,3,BHK,766.8711656,Builder,1,0,0,37.5,40.42,25.03,59.8,2.92,7.79,1
28959,Bangalore,Nagarbhavi,3,BHK,1223.913043,Dealer,1,1,1,56.3,76.29,50.78,108.0,19.99,35.51,1
13963,Ghaziabad,Siddhartha Vihar,1,BHK,450.0703235,Owner,0,1,1,16.0,17.53,11.61,24.97,1.53,9.56,1
5877,Bangalore,KR Puram,3,BHK,1525.79317,Owner,0,1,1,63.0,86.07,67.85,126.36,23.07,36.62,0
28179,Bangalore,Bommanahalli,2,BHK,975.8167162,Dealer,0,1,1,46.0,50.41,37.17,75.27,4.41,9.59,1
3195,Noida,Sector-77 Noida,2,BHK,955.0269144,Dealer,0,1,1,55.0,41.09,27.66,53.79,13.91,25.29,0
21181,Ghaziabad,Shalimar Garden Extension II,2,BHK,850.0991782,Owner,0,1,1,30.0,29.55,20.98,45.04,0.45,1.5,1
6529,Mumbai,Sector 7 Kharghar,2,BHK,863.7816359999999,Dealer,0,1,1,100.0,85.96,76.41,116.91,14.04,14.04,1
27453,Mumbai,Sahyadri Nagar,1,BHK,575.0878955000001,Dealer,0,0,1,22.9,74.72,40.23,85.17,51.82,226.29,0
3292,Pune,Ravet,2,BHK,1082.940963,Dealer,1,1,1,59.8,58.27,54.6,79.18,1.53,2.56,1
27638,Bangalore,Gottigere,2,BHK,1139.879498,Owner,0,1,1,70.0,56.76,39.28,70.01,13.24,18.91,1
17412,Chandigarh,Sector-48 Chandigarh,4,BHK,2285.714286,Dealer,0,1,1,100.0,123.53,80.73,161.8,23.53,23.53,1
22899,Bangalore,Electronic City,2,BHK,1070.184171,Owner,0,1,1,43.0,47.7,34.83,65.32,4.7,10.93,1
19370,Dehradun,Clement Town,3,BHK,1079.913607,Owner,0,1,1,55.0,41.07,23.91,55.83,13.93,25.33,1
5912,Jaipur,Sector-1 Vidhyadhar Nagar,3,BHK,1250.0,Owner,0,1,1,55.0,43.49,25.89,57.67,11.51,20.93,1
15534,Ghaziabad,Vaibhav Khand,2,BHK,960.0808489,Owner,0,1,1,57.0,42.09,26.81,49.68,14.91,26.16,0
25903,Mumbai,Sector-24 Juinagar,1,BHK,449.9775011,Dealer,0,1,1,60.0,64.86,40.24,88.81,4.86,8.1,1
22272,Mumbai,Kandivali (East),2,BHK,1003.705991,Dealer,1,0,1,130.0,154.48,120.83,171.61,24.48,18.83,1
9214,Faridabad,Sector 75 Faridabad,3,BHK,1868.829337,Dealer,0,1,1,53.0,64.37,54.22,73.57,11.37,21.45,0
7378,Agra,Fatehabad Road,3,BHK,1675.353686,Dealer,1,1,1,45.0,62.29,46.83,88.66,17.29,38.42,0
21740,Noida,Sector-62 Noida,2,BHK,1050.080775,Dealer,0,1,1,65.0,52.08,32.2,62.17,12.92,19.88,0
7027,Bangalore,Kothnoor Dinne,2,BHK,1060.164325,Dealer,0,1,1,40.0,60.68,39.27,83.01,20.68,51.7,1
17951,Lalitpur,Brahmand,1,BHK,290.0012609,Dealer,1,1,0,46.0,47.25,19.45,58.5,1.25,2.72,1
20567,Mangalore,Kulshekar,2,BHK,1309.662398,Owner,0,1,1,45.0,55.16,39.83,68.44,10.16,22.58,1
14266,Noida,Sector-71 Noida,1,BHK,618.9178668999999,Dealer,0,1,1,15.9,33.84,17.2,40.59,17.94,112.83,0
18950,Mumbai,Kharghar,3,BHK,1544.493287,Dealer,0,1,1,130.0,154.04,114.95,184.16,24.04,18.49,1
28724,Lalitpur,Pali Hill,3,BHK,3000.01875,Dealer,0,1,1,1600.0,347.66,130.66,756.22,1252.34,78.27,0
15342,Jaipur,Nr. Mahindra world city,2,BHK,1175.349428,Owner,0,1,1,37.0,47.32,37.14,73.2,10.32,27.89,0
21006,Noida,Sector-128 Noida,4,BHK,3582.0158100000003,Dealer,1,1,1,290.0,239.58,178.29,429.84,50.42,17.39,1
9541,Vadodara,Old Padra Road,1,BHK,624.0249610000001,Owner,0,1,1,12.0,15.93,11.07,29.28,3.93,32.75,1
28819,Lalitpur,Vasind,2,BHK,753.6764706,Builder,1,0,0,20.5,65.65,29.47,126.7,45.15,220.24,0
3245,Chandigarh,Zirakpur,1,BHK,610.0795756,Dealer,1,1,1,23.0,15.66,14.6,33.63,7.34,31.91,1
24293,Lalitpur,Sector 19 Kamothe,2,BHK,1000.0,Dealer,0,1,1,77.0,102.51,75.1,148.78,25.51,33.13,1
3951,Noida,Sector-137 Noida,3,BHK,1685.2039100000002,Owner,0,1,1,100.0,84.53,71.07,111.66,15.47,15.47,1
13752,Gurgaon,Sector-107 Gurgaon,2,BHK,1365.974809,Dealer,0,1,1,77.0,71.28,55.96,119.01,5.72,7.43,1
15397,Noida,Sector-75 Noida,3,BHK,1700.191571,Owner,1,1,1,71.0,88.8,75.28,110.83,17.8,25.07,0
15878,Varanasi,Mahmoorganj,3,BHK,1635.111876,Dealer,0,1,1,95.0,70.88,44.03,101.7,24.12,25.39,1
29014,Gurgaon,Sector-106 Gurgaon,3,BHK,964.7271631,Dealer,1,0,0,160.0,94.2,34.22,83.93,65.8,41.12,0
23524,Navsari,Vijalpore,3,BHK,1325.478645,Owner,0,1,1,36.0,42.92,18.78,73.39,6.92,19.22,1
2603,Gandhinagar,Sector-19 Gandhinagar,3,BHK,1636.125654,Owner,0,1,1,150.0,43.18,39.87,72.87,106.82,71.21,0
21067,Kochi,Marine Drive,3,BHK,2303.815695,Dealer,0,1,1,160.0,188.95,98.25,225.73,28.95,18.09,1
11092,Palghar,Mahim,2,BHK,800.0,Dealer,1,1,1,24.4,20.76,19.28,73.43,3.64,14.92,1
8342,Bangalore,Thanisandra,3,BHK,1995.759012,Dealer,1,1,1,160.0,156.16,96.64,237.99,3.84,2.4,1
25399,Chennai,Thaiyur,3,BHK,1350.256549,Owner,0,1,1,50.0,64.52,48.3,86.05,14.52,29.04,1
27406,Ghaziabad,Kaushambi,3,BHK,1925.925926,Owner,0,1,1,130.0,103.97,65.13,139.93,26.03,20.02,1
21840,Patna,Mahesh Nagar,3,BHK,1313.1497359999998,Owner,0,1,1,72.0,48.83,30.21,72.25,23.17,32.18,1
16772,Pune,Balewadi,2,BHK,1227.0748119999998,Dealer,1,1,1,93.0,85.93,60.26,109.1,7.07,7.6,1
25270,Pune,Pimple Saudagar,2,BHK,1107.88783,Dealer,0,1,1,80.2,73.98,60.64,92.48,6.22,7.76,1
8548,Raigad,Morbe,2,BHK,910.1251422,Owner,0,1,1,24.0,27.65,25.43,49.03,3.65,15.21,0
12320,Chennai,Mogappair,4,BHK,2080.3328530000003,Dealer,1,0,0,130.0,152.61,99.54,245.59,22.61,17.39,1
17363,Lucknow,Jankipuram Extension,1,BHK,613.3333332999999,Dealer,1,0,0,18.4,25.08,15.97,45.42,6.68,36.3,1
27446,Lalitpur,Kharghar,2,BHK,1180.004291,Dealer,1,0,1,110.0,115.59,60.65,171.88,5.59,5.08,1
9961,Mumbai,Thane West,2,BHK,665.0446067,Dealer,1,0,1,82.0,111.41,80.69,133.76,29.41,35.87,1
219,Maharashtra,Kharadi,3,BHK,1014.120668,Dealer,1,1,0,79.0,143.21,64.26,232.85,64.21,81.28,1
24008,Bhubaneswar,Patia,2,BHK,1150.0261369999998,Dealer,0,1,1,44.0,48.95,36.98,64.99,4.95,11.25,1
21959,Maharashtra,Ghansoli,1,BHK,761.0350076000001,Dealer,1,0,1,90.0,83.79,54.27,95.38,6.21,6.9,1
918,Vijayawada,YELAMALAKUDURU,2,BHK,850.0772798,Owner,0,1,1,22.0,26.69,17.94,40.87,4.69,21.32,1
21496,Bangalore,Bellandur,3,BHK,1685.247602,Dealer,0,1,1,130.0,112.16,77.23,155.05,17.84,13.72,1
28106,Ghaziabad,Raj Nagar Extension,2,BHK,1475.304682,Owner,0,1,1,46.0,57.16,36.26,71.32,11.16,24.26,1
19490,Indore,AB Road indore,3,BHK,2113.888889,Dealer,0,0,1,76.1,86.19,64.14,153.76,10.09,13.26,1
13447,Bhubaneswar,Raghunathpur,3,BHK,1563.166122,Dealer,0,1,1,110.0,72.61,52.88,108.2,37.39,33.99,0
23766,Bangalore,Nagarbhavi,2,BHK,1043.478261,Dealer,1,0,1,48.0,59.85,43.17,81.7,11.85,24.69,1
17742,Bangalore,Banashankari,3,BHK,2375.92397,Owner,0,1,1,270.0,216.66,106.73,350.27,53.34,19.76,1
2876,Bangalore,Budigere,2,BHK,1444.141689,Dealer,0,1,1,79.5,79.19,58.33,122.1,0.31,0.39,1
290,Chandigarh,Zirakpur,3,BHK,1505.144771,Dealer,1,0,1,62.9,55.54,44.61,62.97,7.36,11.7,1
10866,Noida,Noida Extension,3,BHK,1498.249125,Owner,0,0,1,59.9,65.93,50.77,87.92,6.03,10.07,1
24249,Maharashtra,Sector 17 Ulwe,2,BHK,1214.798454,Dealer,1,1,1,110.0,109.6,84.07,165.33,0.4,0.36,1
27158,Pune,Kondhwa,2,BHK,989.9434318,Dealer,0,1,1,63.0,68.03,47.14,95.25,5.03,7.98,1
3231,Chennai,Tiruvanmiyur,2,BHK,900.0360014,Owner,0,1,1,75.0,63.59,31.42,66.15,11.41,15.21,0
11943,Mumbai,Tilak Nagar,2,BHK,1162.340178,Dealer,0,1,1,210.0,187.1,147.65,263.92,22.9,10.9,1
10288,Noida,Sector-93 Noida,2,BHK,1150.218542,Owner,0,1,1,50.0,57.83,46.65,66.78,7.83,15.66,1
25432,Lalitpur,Chandivali,4,BHK,2323.6163920000004,Dealer,0,1,1,440.0,452.14,113.8,796.13,12.14,2.76,1
25024,Margao,Margao,2,BHK,827.2276057999999,Owner,0,1,1,35.0,32.17,22.62,44.45,2.83,8.09,1
123,Udupi,Katapady,2,BHK,1109.165207,Owner,1,0,1,38.0,46.78,34.69,60.5,8.78,23.11,1
2047,Mumbai,Shahad,2,BHK,730.0523919999999,Dealer,1,0,1,85.0,99.81,34.79,148.74,14.81,17.42,1
7766,Chandigarh,Zirakpur,2,BHK,1288.185499,Dealer,0,1,1,35.0,41.38,33.96,51.92,6.38,18.23,1
18989,Mumbai,Ulwe,2,BHK,1037.004694,Dealer,1,1,1,95.0,95.19,77.42,135.74,0.19,0.2,1
5667,Patna,Gola Road,3,BHK,1510.269835,Owner,0,1,1,75.0,58.11,38.21,85.16,16.89,22.52,1
897,Lalitpur,Usarli Khurd,1,BHK,556.0851605,Dealer,0,1,1,35.0,55.25,25.61,80.43,20.25,57.86,1
11971,Bangalore,Kothanur,2,BHK,1130.059585,Owner,0,1,1,55.0,56.03,39.12,68.9,1.03,1.87,1
23935,Faridabad,Sector 82 Faridabad,3,BHK,1400.180668,Dealer,0,1,0,62.0,49.6,38.69,56.02,12.4,20.0,0
25522,Pune,NIBM,4,BHK,3705.010586,Dealer,0,1,1,210.0,290.09,218.4,578.27,80.09,38.14,0
13230,Noida,Sector-151 Noida,3,BHK,1430.472389,Dealer,1,1,1,43.0,59.57,45.29,85.1,16.57,38.53,0
10188,Tirupati,Settipalli,2,BHK,930.2325581,Owner,0,1,1,30.0,32.41,23.18,49.69,2.41,8.03,1
21196,Bilaspur,Minocha Colony,2,BHK,1300.191205,Owner,0,1,1,34.0,40.62,27.13,58.43,6.62,19.47,1
18384,Mohali,Kharar,2,BHK,1090.985678,Dealer,1,1,1,25.9,27.49,23.55,60.86,1.59,6.14,1
24721,Mumbai,Kalyan (West),2,BHK,825.0825083,Owner,0,1,1,45.0,58.52,32.97,94.36,13.52,30.04,1
8022,Pune,Hanuman Nagar,1,BHK,660.0660066,Dealer,1,1,1,44.0,55.62,31.72,55.15,11.62,26.41,1
18595,Pune,Kharadi,3,BHK,1500.0,Dealer,0,1,1,120.0,109.49,68.19,145.55,10.51,8.76,1
20472,Udupi,Santhekatte,2,BHK,740.19245,Owner,0,1,1,20.0,30.63,18.93,42.58,10.63,53.15,1
3903,Bangalore,Sarjapur Road,4,BHK,2191.113816,Dealer,1,1,0,180.0,134.86,92.45,203.09,45.14,25.08,1
6955,Vijayawada,Gollapudi,3,BHK,1725.312145,Owner,1,0,1,76.0,75.54,56.23,99.0,0.46,0.61,1
17066,Bangalore,Gottigere,2,BHK,1330.008313,Owner,0,1,1,80.0,72.12,52.5,97.46,7.88,9.85,1
18293,Mohali,Sector-65 Mohali,4,BHK,3044.383913,Dealer,1,0,1,190.0,162.44,99.23,182.83,27.56,14.51,0
24731,Jaipur,Lalarpura,3,BHK,1400.0,Owner,0,1,1,35.0,48.19,31.59,61.78,13.19,37.69,1
13774,Pune,Rajaram Patil Nagar,2,BHK,1084.0560369999998,Dealer,0,1,1,65.0,66.04,58.53,80.64,1.04,1.6,1
5012,Bangalore,Akshaya Nagar,2,BHK,905.0518348,Owner,0,1,1,55.0,48.87,32.75,58.87,6.13,11.15,1
10750,Jaipur,Bal Vihar,3,BHK,1475.409836,Dealer,1,0,1,45.0,69.69,44.99,114.71,24.69,54.87,1
5079,Durgapur,Bidhannagar,2,BHK,1462.599248,Owner,0,1,1,35.0,53.8,34.95,77.92,18.8,53.71,1
4882,Lalitpur,Sector-35D Kharghar,2,BHK,1080.059403,Dealer,0,1,1,80.0,102.69,52.64,141.16,22.69,28.36,1
27588,Mumbai,Kolshet Road,2,BHK,727.9947055,Dealer,1,1,1,110.0,105.58,87.85,129.19,4.42,4.02,1
4155,Mohali,Sector-70 Mohali,2,BHK,1349.741961,Dealer,0,1,1,68.0,62.53,39.53,88.82,5.47,8.04,1
19547,Bangalore,Cambridge Layout,3,BHK,1807.078764,Dealer,0,1,1,290.0,137.65,83.16,194.05,152.35,52.53,0
24397,Bangalore,Mysore Road,3,BHK,1710.0236489999998,Dealer,1,1,1,94.0,130.45,84.94,173.06,36.45,38.78,1
3080,Ernakulam,Ponjassery,2,BHK,1068.211068,Owner,0,0,1,41.5,44.24,31.25,59.21,2.74,6.6,1
6884,Kolkata,Maheshtala,2,BHK,750.0468779,Owner,0,0,1,40.0,28.95,21.5,38.97,11.05,27.62,0
5916,Bangalore,Balagere,2,BHK,1019.974501,Owner,1,1,1,72.0,54.23,40.6,71.78,17.77,24.68,0
18520,Gurgaon,Sector-102 Gurgaon,4,BHK,2545.454545,Dealer,1,1,0,140.0,169.86,125.33,223.94,29.86,21.33,1
25898,Bangalore,Akshaya Nagar,3,BHK,1709.7496440000002,Dealer,0,1,1,84.0,127.8,80.73,173.52,43.8,52.14,1
2224,Lalitpur,Virar West,2,BHK,1073.519844,Dealer,1,1,1,49.5,62.63,52.96,96.92,13.13,26.53,0
25733,Chennai,Porur,3,BHK,1500.0,Dealer,0,1,0,120.0,87.46,61.66,139.03,32.54,27.12,1
708,Jaipur,Jagatpura,3,BHK,1350.135014,Dealer,0,1,1,30.0,41.13,29.34,61.7,11.13,37.1,1
26816,Visakhapatnam,Midhilapuri Vuda Colony,2,BHK,1355.0,Owner,0,1,1,54.2,52.47,36.59,64.37,1.73,3.19,1
3819,Maharashtra,Panvel,2,BHK,1246.105919,Dealer,1,1,1,68.0,95.44,67.76,149.11,27.44,40.35,1
22179,Jaipur,Mahesh Nagar,2,BHK,760.0228007000001,Owner,0,1,1,40.0,25.32,12.73,37.81,14.68,36.7,0
26144,Kolkata,Rajarhat,3,BHK,1119.837115,Dealer,0,1,1,38.5,53.22,36.59,84.31,14.72,38.23,1
26034,Lalitpur,Thakur Village,2,BHK,990.0236083,Dealer,0,1,1,130.0,167.55,50.31,226.42,37.55,28.88,1
3573,Bangalore,Thanisandra,4,BHK,2695.035461,Dealer,1,1,1,190.0,197.27,144.06,353.74,7.27,3.83,1
24017,Mumbai,Khar West,4,BHK,2500.0,Dealer,0,1,1,850.0,924.05,302.29,1208.03,74.05,8.71,1
21316,Noida,Sector-93 A Noida,3,BHK,1666.666667,Owner,1,1,1,100.0,106.76,71.82,131.66,6.76,6.76,1
26767,Kolkata,Maheshtala,3,BHK,1235.714286,Owner,0,1,1,34.6,57.82,38.77,77.02,23.22,67.11,0
27564,Bhopal,Gulmohar Colony,3,BHK,899.795501,Dealer,0,1,1,22.0,30.04,18.82,53.83,8.04,36.55,1
25639,Bhiwadi,Alwar Bypass Road,2,BHK,929.9781182,Dealer,0,1,1,25.5,22.24,15.63,37.16,3.26,12.78,1
15079,Lalitpur,Gangapur,1,BHK,606.5359477000001,Builder,1,0,0,23.2,29.01,16.87,87.58,5.81,25.04,1
24046,Bangalore,Electronic City Phase II,2,BHK,1138.495093,Dealer,0,1,1,52.2,55.3,39.08,75.87,3.1,5.94,1
24676,Kanchipuram,Urappakkam,2,BHK,765.1540245,Owner,0,1,1,23.1,24.83,21.45,36.37,1.73,7.49,1
1043,Kolkata,E M Bypass,2,BHK,1147.028154,Dealer,0,1,1,55.0,64.12,39.05,87.91,9.12,16.58,1
3418,Thrissur,Cheroor,2,BHK,1050.013816,Dealer,0,1,1,38.0,41.91,30.85,56.98,3.91,10.29,1
10403,Maharashtra,Laxmi Nagar,2,BHK,1200.030001,Dealer,1,0,1,160.0,115.03,47.62,172.29,44.97,28.11,1
21620,Pune,Dange Chowk,2,BHK,906.002265,Dealer,1,1,1,80.0,72.39,43.46,83.73,7.61,9.51,1
15343,Bangalore,Electronics City Phase 1,2,BHK,770.0534759,Owner,0,1,1,36.0,32.69,21.93,45.3,3.31,9.19,1
3045,Chennai,Ambattur,2,BHK,949.893137,Owner,0,1,1,40.0,47.41,33.58,62.89,7.41,18.52,1
20197,Jaipur,Mangyawas,3,BHK,1243.576567,Dealer,0,1,1,36.3,37.41,26.72,56.97,1.11,3.06,1
28772,Vadodara,Gotri,4,BHK,2400.282386,Owner,0,1,1,68.0,86.37,58.58,143.46,18.37,27.01,1
16801,Chennai,Sholinganallur,2,BHK,1190.121988,Owner,0,1,1,80.0,60.22,45.1,76.12,19.78,24.72,0
8790,Kolkata,Golf Green,3,BHK,1652.173913,Owner,0,1,1,190.0,102.68,59.14,140.92,87.32,45.96,0
16320,Lalitpur,Andheri (West),3,BHK,1649.931646,Dealer,0,1,1,350.0,538.5,218.18,582.99,188.5,53.86,1
18029,Kolkata,Birati,2,BHK,1010.10101,Owner,0,1,1,31.0,42.81,27.94,48.13,11.81,38.1,1
28930,Lalitpur,Tilak nagar,2,BHK,652.8551532,Dealer,1,0,1,150.0,131.96,48.05,163.85,18.04,12.03,1
9845,Chennai,Poonamallee,1,BHK,574.2574257,Dealer,1,1,0,31.9,32.8,26.18,44.73,0.9,2.82,1
7079,Faridabad,Ashoka Enclave Part-II,3,BHK,1783.237567,Owner,0,1,1,90.0,62.75,49.64,90.81,27.25,30.28,1
16628,Jaipur,Jagatpura,1,BHK,393.8730853,Owner,0,0,1,9.0,7.22,7.58,21.21,1.78,19.78,1
26049,Chandigarh,Zirakpur,2,BHK,900.1883239,Dealer,0,1,1,23.9,25.88,18.79,44.56,1.98,8.28,1
6672,Pune,NIBM,2,BHK,1150.044924,Dealer,0,1,1,64.0,71.76,55.13,104.23,7.76,12.12,1
14624,Udaipur,Chikalwas,2,BHK,687.732342,Dealer,0,0,1,14.8,23.65,14.65,36.38,8.85,59.8,1
5499,Kolkata,Kaikhali,3,BHK,1408.145581,Owner,0,1,1,65.0,63.14,45.55,80.94,1.86,2.86,1
3072,Lalitpur,New Panvel,2,BHK,561.9556054999999,Dealer,1,0,1,60.0,67.13,39.66,110.51,7.13,11.88,1
14475,Ghaziabad,Raj Nagar Extension,3,BHK,1400.147384,Owner,1,1,1,57.0,48.64,37.76,58.73,8.36,14.67,1
6410,Kolkata,Maheshtala,3,BHK,1338.231435,Owner,0,1,1,51.0,60.29,42.02,84.83,9.29,18.22,1
9610,Lalitpur,Balkum,3,BHK,2011.060835,Dealer,1,0,1,200.0,521.57,103.28,587.65,321.57,160.78,1
25706,Noida,Sector-107 Noida,3,BHK,1405.190941,Owner,1,1,1,85.0,73.44,55.26,82.68,11.56,13.6,0
18493,Lalitpur,Kalyan (West),1,BHK,600.0,Dealer,0,1,1,34.8,43.76,32.65,67.13,8.96,25.75,1
12748,Mumbai,Kandivali (East),2,BHK,1226.012793,Dealer,0,1,1,230.0,191.26,143.79,231.53,38.74,16.84,1
9970,Maharashtra,Thane West,3,BHK,1040.983923,Dealer,1,1,1,270.0,172.19,114.85,206.22,97.81,36.23,0
15416,Kolkata,Sector II - Salt Lake,2,BHK,1000.0,Owner,0,1,1,46.0,63.28,28.79,64.66,17.28,37.57,1
17838,Jaipur,Mansarovar,4,BHK,2130.131681,Dealer,1,1,1,110.0,90.08,66.84,155.52,19.92,18.11,1
19613,Bangalore,Balagere,2,BHK,1190.47619,Owner,1,1,1,83.0,63.57,48.15,86.08,19.43,23.41,1
7540,Pune,Handewadi,2,BHK,980.1919543,Dealer,0,1,1,48.0,50.18,33.22,68.19,2.18,4.54,1
12841,Mumbai,Ulwe,2,BHK,1190.121988,Dealer,0,1,1,80.0,118.08,84.89,155.42,38.08,47.6,0
721,Pune,Mohamadwadi,2,BHK,800.0,Dealer,1,0,1,44.0,56.84,36.2,84.38,12.84,29.18,1
6363,Kolkata,Sector V Bidhan Nagar,3,BHK,1500.0,Owner,0,1,1,60.0,78.55,48.67,121.94,18.55,30.92,1
20487,Pune,Ganesh Nagar,2,BHK,571.0370032000001,Owner,0,1,1,50.0,33.8,20.72,47.34,16.2,32.4,0
13415,Chennai,Porur,2,BHK,966.8562463,Dealer,1,0,0,49.3,53.33,38.18,68.42,4.03,8.17,1
13966,Noida,Sector-77 Noida,3,BHK,1870.207593,Owner,0,1,1,100.0,102.52,81.5,115.69,2.52,2.52,1
9331,Mumbai,Sector 19 Kamothe,1,BHK,680.0832755,Dealer,0,1,1,49.0,55.11,43.71,83.31,6.11,12.47,1
12901,Visakhapatnam,Aganampudi,2,BHK,1000.0,Owner,0,0,1,28.0,33.17,20.38,51.45,5.17,18.46,1
10647,Kolkata,Purbalok,2,BHK,885.6011669,Owner,0,1,1,42.5,44.38,25.63,48.49,1.88,4.42,1
1458,Noida,Sector-93 B Noida,2,BHK,1109.783165,Owner,0,1,1,65.0,54.67,44.57,68.45,10.33,15.89,1
16508,Ghaziabad,Ramprastha Greens,3,BHK,1470.133086,Dealer,1,1,1,95.0,75.84,43.87,94.98,19.16,20.17,0
405,Guwahati,Satgaon,2,BHK,1080.246914,Owner,0,1,1,35.0,40.88,33.82,57.41,5.88,16.8,1
23607,Noida,Sector-152 Noida,3,BHK,1850.029522,Dealer,1,0,1,94.0,99.38,77.12,127.44,5.38,5.72,1
12512,Ghaziabad,Judges Enclave,3,BHK,1450.176093,Dealer,0,1,1,70.0,56.61,40.81,77.8,13.39,19.13,1
9841,Mumbai,Byculla East,2,BHK,952.9743797,Dealer,1,0,1,260.0,244.29,134.63,293.08,15.71,6.04,1
28936,Faridabad,Sector 88 Faridabad,4,BHK,2380.374059,Dealer,0,1,1,98.0,89.34,73.78,139.56,8.66,8.84,1
14643,Lalitpur,Balkum,3,BHK,899.405009,Dealer,1,0,1,130.0,157.34,56.79,258.94,27.34,21.03,1
21566,Noida,Noida Extension,2,BHK,892.8571429,Owner,0,1,1,35.0,37.23,26.36,47.86,2.23,6.37,1
7497,Bangalore,Horamavu Agara,3,BHK,1685.866817,Dealer,1,1,1,120.0,110.11,80.65,155.77,9.89,8.24,1
15260,Maharashtra,Manpada,3,BHK,1330.229465,Dealer,1,1,1,160.0,176.78,134.6,216.31,16.78,10.49,1
21882,Mangalore,Kottara Chowk,3,BHK,1665.812404,Owner,0,1,1,65.0,63.11,44.2,91.59,1.89,2.91,1
16350,Bangalore,JP Nagar,2,BHK,1365.138669,Dealer,0,1,1,95.0,85.37,57.44,117.36,9.63,10.14,1
23662,Lalitpur,Jaitala,1,RK,282.7763496,Builder,1,0,0,9.9,16.41,12.56,57.0,6.51,65.76,0
26988,Noida,Central Apartment,1,BHK,480.1097394,Owner,0,1,1,14.0,35.94,20.34,54.22,21.94,156.71,0
13314,Lalitpur,Ravet,2,BHK,757.2489815,Builder,1,0,0,63.2,65.65,29.47,126.7,2.45,3.88,1
3533,Gurgaon,Sector-65 Gurgaon,4,BHK,2798.7448050000003,Dealer,1,0,0,330.0,298.99,159.01,332.34,31.01,9.4,1
27273,Bangalore,JP Nagar,3,BHK,1850.024667,Dealer,0,1,1,150.0,141.08,94.54,159.23,8.92,5.95,1
4568,Noida,Noida Extension,3,BHK,1174.285714,Dealer,1,1,0,41.1,49.98,36.63,79.37,8.88,21.61,1
6249,Faridabad,Sector 81 Faridabad,3,BHK,1895.285477,Dealer,1,1,1,80.0,69.71,59.37,90.88,10.29,12.86,1
28171,Noida,Sector-79 Noida,3,BHK,1650.165017,Dealer,1,0,1,75.0,85.57,70.43,113.54,10.57,14.09,1
25226,Maharashtra,Thane West,2,BHK,950.0059375,Dealer,0,1,1,80.0,114.95,80.33,155.26,34.95,43.69,0
20666,Kolkata,BataNagar,3,BHK,1992.997576,Owner,0,1,1,74.0,114.39,76.05,219.74,40.39,54.58,0
12620,Jaipur,Pratap Nagar,2,BHK,1289.2470130000002,Dealer,1,1,1,46.4,44.01,35.15,62.06,2.39,5.15,1
15466,Faridabad,Sector 84 Faridabad,3,BHK,1232.25288,Dealer,1,1,1,46.0,42.92,35.67,49.84,3.08,6.7,1
15231,Ranchi,Gandhi Nagar,2,BHK,1085.187195,Owner,0,1,1,40.0,36.39,24.52,50.48,3.61,9.02,1
8432,Lalitpur,Kanjur Marg (East),1,BHK,651.4657980000001,Dealer,1,0,1,100.0,57.61,26.2,88.89,42.39,42.39,0
21277,Chandigarh,Zirakpur,2,BHK,1155.747837,Dealer,1,1,1,37.4,36.63,33.44,51.0,0.77,2.06,1
9458,Maharashtra,Sector 7 Kharghar,3,BHK,1301.78421,Dealer,0,1,1,170.0,139.98,108.09,157.64,30.02,17.66,0
25535,Mumbai,Ulwe,2,BHK,1132.125733,Dealer,0,1,1,85.0,110.34,84.86,149.98,25.34,29.81,1
10369,Chandigarh,Zirakpur,3,BHK,1883.146067,Dealer,1,1,1,83.8,66.59,55.24,79.94,17.21,20.54,0
20242,Lalitpur,Katraj Kondhwa Road,2,BHK,638.1870279,Dealer,1,0,0,49.0,104.43,43.66,155.85,55.43,113.12,1
10136,Maharashtra,Balkum,1,BHK,495.1762998,Dealer,1,0,0,58.0,64.84,52.43,76.18,6.84,11.79,1
20395,Chennai,Pallavaram,3,BHK,1298.113208,Dealer,1,1,1,86.0,72.88,51.6,92.02,13.12,15.26,1
22736,Lucknow,Gomti Nagar Extension,2,BHK,1250.0,Dealer,1,1,1,57.5,54.35,41.25,80.96,3.15,5.48,1
8431,Tirupati,Tirichanoor,2,BHK,1300.268097,Owner,0,1,1,48.5,46.44,32.91,61.76,2.06,4.25,1
4376,Siliguri,Champasari,2,BHK,891.2655971,Owner,0,1,1,25.0,27.69,18.65,38.8,2.69,10.76,1
13451,Ghaziabad,Vaishali,3,BHK,1706.7759,Dealer,0,1,1,100.0,93.89,55.72,130.29,6.11,6.11,1
23132,Pune,Sangamvadi,3,BHK,2018.545386,Dealer,0,1,1,320.0,183.46,103.33,266.9,136.54,42.67,0
10283,Pune,Pandhari Nagar,2,BHK,1150.086256,Dealer,0,1,1,80.0,81.7,61.16,109.62,1.7,2.12,1
28319,Mumbai,Kanjur Marg (East),2,BHK,569.3371289,Dealer,1,1,0,140.0,126.11,73.3,143.91,13.89,9.92,1
5711,Pune,Khadki,4,BHK,5025.125628,Dealer,0,1,1,650.0,524.53,223.28,879.34,125.47,19.3,1
1521,Jaipur,Bani Park,3,BHK,2068.965517,Dealer,0,1,1,120.0,103.03,64.39,158.98,16.97,14.14,1
22437,Noida,Sector-119 Noida,3,BHK,1884.172947,Dealer,1,1,1,95.0,96.55,78.12,123.15,1.55,1.63,1
12793,Noida,Sector-134 Noida,3,BHK,1220.173536,Dealer,1,1,1,45.0,56.93,41.79,78.62,11.93,26.51,1
2133,Bangalore,Roopena Agrahara,3,BHK,1400.180668,Owner,0,1,1,62.0,80.02,56.92,108.4,18.02,29.06,1
27258,Kolkata,Brahmapur,4,BHK,1830.161054,Owner,0,1,1,50.0,113.11,72.04,159.27,63.11,126.22,0
21708,Kolkata,Narendrapur,2,BHK,808.9607965,Dealer,0,1,1,39.0,31.58,22.03,45.79,7.42,19.03,1
19651,Siliguri,Ranidanga,1,BHK,419.1407614,Owner,0,1,1,12.0,15.35,8.23,19.45,3.35,27.92,1
2493,Lalitpur,Gangapur,4,BHK,2666.666667,Builder,1,0,0,120.0,430.47,97.88,863.6,310.47,258.73,1
25979,Faridabad,Sector 88 Faridabad,2,BHK,1260.257913,Dealer,1,0,1,43.0,46.19,38.11,42.21,3.19,7.42,0
2535,Pune,NIBM,2,BHK,1108.021077,Dealer,0,0,1,75.7,66.75,50.76,97.89,8.95,11.82,1
16942,Pune,NIBM,3,BHK,2350.176263,Dealer,1,1,1,140.0,187.59,130.2,273.86,47.59,33.99,1
201,Kolkata,Action Area IID,3,BHK,1757.188498,Dealer,0,1,1,77.0,92.88,58.66,169.1,15.88,20.62,1
4186,Bangalore,Basavangudi,2,BHK,1050.105011,Owner,0,1,1,70.0,64.18,37.64,73.16,5.82,8.31,1
7759,Kolkata,Kasba,2,BHK,925.170068,Owner,0,1,1,34.0,57.08,26.88,51.34,23.08,67.88,1
20300,Ghaziabad,Raj Nagar Extension,2,BHK,993.0255729,Dealer,1,0,1,29.9,30.85,26.04,43.68,0.95,3.18,1
10049,Bangalore,Varthur,2,BHK,1164.040115,Owner,0,1,1,65.0,62.32,45.35,86.53,2.68,4.12,1
9609,Bangalore,Mysore Road,2,BHK,1070.009172,Dealer,1,1,1,70.0,63.32,43.34,82.55,6.68,9.54,1
15910,Bangalore,Hebbal,3,BHK,2550.133302,Dealer,0,1,1,220.0,219.54,148.81,344.58,0.46,0.21,1
1347,Bangalore,Ashirvad Colony,2,BHK,1077.816492,Owner,0,1,1,46.4,58.57,37.56,74.75,12.17,26.23,1
27672,Mohali,Sector-85 Mohali,3,BHK,1885.098743,Owner,1,1,1,84.0,73.75,56.11,93.03,10.25,12.2,1
25101,Jaipur,Patrakar Colony,3,BHK,1400.560224,Dealer,0,1,1,30.0,70.49,35.93,101.26,40.49,134.97,0
19691,Pune,Koregaon Park,3,BHK,1450.083659,Dealer,0,1,1,130.0,106.22,66.16,157.6,23.78,18.29,1
26802,Ghaziabad,Crossing Republik,2,BHK,1250.0,Owner,0,1,1,39.0,47.97,35.86,68.44,8.97,23.0,1
2302,Noida,Sector-143 Noida,2,BHK,989.9208063,Owner,1,1,1,55.0,41.22,36.06,57.74,13.78,25.05,1
9801,Bilaspur,Nehru Nagar,2,BHK,969.6458685,Owner,0,1,1,23.0,29.61,19.56,43.51,6.61,28.74,1
10336,Rajkot,Ambika Township,3,BHK,1600.180302,Owner,0,1,1,71.0,53.64,35.27,81.03,17.36,24.45,1
14168,Maharashtra,Sector-8 Ghansoli,3,BHK,1600.0,Dealer,0,1,1,220.0,189.09,128.91,280.88,30.91,14.05,1
7255,Bhubaneswar,IRC Village,3,BHK,2100.210021,Owner,0,1,1,70.0,113.81,73.89,216.83,43.81,62.59,0
12438,Rourkela,Udit Nagar,3,BHK,1420.047733,Owner,0,1,1,59.5,50.81,35.38,63.05,8.69,14.61,1
1958,Gurgaon,sector-58 Gurgaon,5,BHK,5846.612404,Dealer,0,1,1,510.0,602.2,256.11,1115.37,92.2,18.08,1
26000,Kolkata,Shanti Pally,1,BHK,650.0691562999999,Owner,0,1,1,23.5,27.34,12.66,34.82,3.84,16.34,1
28769,Bangalore,6th Phase JP Nagar,2,BHK,1210.067764,Owner,0,1,1,75.0,74.13,46.9,79.92,0.87,1.16,1
11662,Lalitpur,Sector 2 Charkop,1,BHK,510.0136833000001,Dealer,0,1,1,82.0,53.99,25.0,75.31,28.01,34.16,0
24837,Jamnagar,vasa vira society,1,BHK,650.0,Owner,0,1,1,13.0,17.49,11.82,28.68,4.49,34.54,1
12590,Nagpur,Narsala,2,BHK,752.8011204,Builder,1,1,0,21.5,23.72,19.26,44.3,2.22,10.33,1
27593,Maharashtra,Bandra (West),1,BHK,619.9884268999999,Dealer,0,1,1,300.0,285.2,82.39,173.8,14.8,4.93,0
12448,Goa,Fatorda,3,BHK,1270.065267,Owner,0,1,1,72.0,54.69,37.69,74.77,17.31,24.04,1
3138,Lalitpur,Ghodbunder Road,2,BHK,1028.002948,Dealer,1,1,1,83.7,106.87,51.92,160.18,23.17,27.68,1
18073,Maharashtra,Hiranandani Estate,3,BHK,1686.568171,Dealer,0,1,1,250.0,230.31,148.07,269.73,19.69,7.88,1
28030,Kolkata,Dum Dum,2,BHK,688.0479414,Dealer,0,0,1,62.0,21.91,14.85,54.34,40.09,64.66,0
11382,Mumbai,Gundavali Gaothan,2,BHK,918.0488402,Dealer,1,0,1,150.0,93.93,74.4,145.63,56.07,37.38,0
18078,Noida,Sector-75 Noida,2,BHK,948.7516426,Dealer,1,1,1,36.1,39.95,26.98,53.33,3.85,10.66,1
9278,Pune,Bhukum,2,BHK,1150.086256,Dealer,1,1,1,60.0,80.51,62.82,108.15,20.51,34.18,0
10269,Pune,Lohegaon,2,BHK,657.760999,Builder,1,0,0,45.3,38.03,28.16,52.45,7.27,16.05,1
146,Mumbai,Sector 19 Kharghar,3,BHK,1740.139211,Dealer,0,1,1,180.0,185.06,121.86,214.42,5.06,2.81,1
26859,Mumbai,Belapur,2,BHK,1250.0,Dealer,0,1,1,160.0,137.39,101.04,196.95,22.61,14.13,1
2790,Dehradun,Haridwar-Dehradun Road,3,BHK,1200.0,Dealer,0,0,1,53.4,42.8,25.98,61.74,10.6,19.85,1
1058,Lalitpur,Palaspa,2,BHK,1080.050826,Dealer,0,1,1,68.0,108.78,55.82,164.62,40.78,59.97,1
6723,Pune,Anand Park,2,BHK,1291.382954,Dealer,0,1,1,110.0,105.43,69.11,121.77,4.57,4.15,1
12744,Ghaziabad,Crossing Republik,3,BHK,1425.008906,Dealer,0,1,1,40.0,48.49,40.2,77.3,8.49,21.22,0
26280,Chennai,Mogappair East,2,BHK,879.9497172,Owner,0,1,1,70.0,52.64,31.12,57.6,17.36,24.8,0
21338,Ghaziabad,Vaibhav Khand,2,BHK,960.1335838,Dealer,0,1,1,46.0,40.23,26.47,51.66,5.77,12.54,1
1523,Lalitpur,Mira Road,1,BHK,530.0353357,Dealer,0,1,1,51.0,47.05,44.27,65.67,3.95,7.75,1
16497,Mysore,Srirampura,2,BHK,799.7148967,Dealer,0,1,1,56.1,33.74,22.72,46.17,22.36,39.86,0
3517,Meerut,Meerut Bypass,3,BHK,155.54298640000002,Owner,0,1,1,22.0,24.27,9.3,48.14,2.27,10.32,1
21960,Guwahati,Ulubari,3,BHK,1658.056991,Dealer,0,0,1,99.5,73.25,55.01,115.24,26.25,26.38,1
12254,Maharashtra,Dindoshi,2,BHK,947.8672986,Dealer,0,1,1,170.0,116.0,56.56,239.84,54.0,31.76,1
11683,Noida,Sector-50 Noida,3,BHK,2548.283262,Dealer,1,0,1,190.0,223.4,116.49,256.32,33.4,17.58,1
12267,Chandigarh,Zirakpur,3,BHK,2341.076895,Dealer,0,1,1,130.0,107.27,73.0,146.17,22.73,17.48,1
18882,Chandigarh,Zirakpur,3,BHK,1690.185011,Dealer,0,1,1,53.9,63.83,46.85,78.84,9.93,18.42,1
3507,Kochi,Eroor,2,BHK,1024.231826,Owner,0,1,1,41.0,49.84,34.63,60.24,8.84,21.56,1
28737,Mohali,Sector-82 Mohali,4,BHK,3370.549821,Dealer,1,0,1,160.0,160.55,106.76,184.71,0.55,0.34,1
20631,Bangalore,Brooke Bond First Cross,3,BHK,1500.150015,Owner,0,1,1,100.0,71.92,53.66,79.21,28.08,28.08,0
6473,Surat,Katargam,1,BHK,549.7272346,Owner,0,1,1,13.1,14.1,11.21,26.81,1.0,7.63,1
21985,Jaipur,Mansarovar,3,BHK,1531.058618,Owner,0,1,1,70.0,54.93,35.33,74.88,15.07,21.53,1
28225,Lalitpur,Chembur (East),1,BHK,818.4851727999999,Dealer,1,0,1,130.0,116.24,84.24,181.53,13.76,10.58,1
2916,Mumbai,Hiranandani Gardens - Powai,3,BHK,1330.023054,Dealer,0,1,1,450.0,371.85,199.31,397.98,78.15,17.37,0
11619,Secunderabad,Teachers Colony,2,BHK,1150.1138130000002,Owner,0,1,1,96.0,36.11,22.0,47.57,59.89,62.39,0
20352,Pune,Pune Mumbai Highway,3,BHK,1908.116835,Dealer,1,1,1,130.0,152.44,107.34,214.02,22.44,17.26,1
6130,Jaipur,Niwaru Road,2,BHK,831.8345324000001,Owner,0,1,1,18.5,21.65,16.65,37.82,3.15,17.03,1
27477,Ghaziabad,Pandav Nagar,2,BHK,675.024108,Owner,0,1,1,21.0,28.69,18.25,46.56,7.69,36.62,1
13224,Bangalore,Whitefield,3,BHK,1945.020747,Dealer,1,1,1,150.0,130.26,90.72,203.21,19.74,13.16,1
12688,Pune,Baner,2,BHK,1100.141044,Dealer,0,1,1,78.0,79.7,59.99,90.23,1.7,2.18,1
18051,Bangalore,Binny Pete,3,BHK,2393.031492,Dealer,1,1,1,250.0,245.43,126.32,352.59,4.57,1.83,1
3207,Nagpur,Azamshah Chowk,2,BHK,730.0989166,Owner,0,1,1,31.0,32.12,19.57,46.72,1.12,3.61,1
7662,Lalitpur,Jankalyan Nagar,2,BHK,1150.042168,Dealer,0,1,1,150.0,112.39,61.51,170.41,37.61,25.07,1
6295,Gandhinagar,Chhatral,2,BHK,918.5803758,Owner,0,1,1,13.2,22.81,21.13,43.27,9.61,72.8,0
14686,Jaipur,Tara Nagar,2,BHK,1054.09154,Owner,0,1,1,38.0,33.28,20.84,46.88,4.72,12.42,1
12662,Noida,Sector-70 Noida,2,BHK,1172.208014,Dealer,1,1,1,55.0,58.25,46.07,74.01,3.25,5.91,1
6208,Ghaziabad,Loni,2,BHK,455.0280601,Owner,0,1,1,30.0,20.16,15.88,35.74,9.84,32.8,1
6958,Lucknow,Vikalp Khand,2,BHK,1100.203114,Dealer,1,1,1,32.5,41.43,32.96,57.98,8.93,27.48,0
5661,Surat,Palanpur,3,BHK,1800.288046,Owner,0,1,1,75.0,72.05,52.04,78.83,2.95,3.93,1
15821,Noida,Noida Extension,3,BHK,1255.0607289999998,Owner,1,1,1,46.5,58.2,41.62,75.12,11.7,25.16,1
4669,Pune,Sinhgad Road,2,BHK,1145.089586,Owner,0,1,1,85.0,68.09,53.71,82.55,16.91,19.89,0
12501,Bangalore,Hongasandra,2,BHK,899.0053558000001,Owner,0,1,1,47.0,43.88,29.69,50.62,3.12,6.64,1
21584,Noida,Sector-118 Noida,3,BHK,1475.14114,Owner,1,0,1,81.0,75.47,57.66,87.74,5.53,6.83,1
21222,Noida,Sector-75 Noida,3,BHK,1654.385965,Dealer,1,1,1,94.3,83.17,69.18,110.16,11.13,11.8,1
4708,Chennai,Vanagaram,2,BHK,981.6531114,Dealer,1,1,1,51.9,53.9,39.87,69.94,2.0,3.85,1
24621,Jaipur,Jagatpura,2,BHK,830.2767589,Dealer,1,1,1,24.9,18.92,16.27,39.25,5.98,24.02,1
5238,Chandigarh,Zirakpur,2,BHK,1285.206453,Dealer,1,1,1,47.0,43.63,38.1,51.46,3.37,7.17,1
26086,Pune,Aundh,3,BHK,1600.0,Dealer,1,1,1,250.0,137.07,87.04,172.51,112.93,45.17,0
7226,Jaipur,Jagatpura,2,BHK,1003.333333,Dealer,1,0,1,30.1,31.64,24.46,43.71,1.54,5.12,1
11045,Lalitpur,Taloja,2,BHK,873.6608792000002,Dealer,1,0,1,47.3,108.86,44.75,171.4,61.56,130.15,1
7225,Noida,Noida Extension,3,BHK,1590.2964960000002,Dealer,1,1,1,59.0,69.89,61.33,97.21,10.89,18.46,0
7320,Belgaum,Tilakwadi,2,BHK,940.1020682,Owner,0,1,1,35.0,37.39,25.42,53.35,2.39,6.83,1
3978,Ghaziabad,Raj Nagar Extension,3,BHK,1100.203114,Dealer,1,1,1,32.5,37.98,26.21,45.81,5.48,16.86,1
16638,Chennai,Maduravoyal,2,BHK,1400.1680199999998,Owner,0,1,1,100.0,80.29,56.32,131.2,19.71,19.71,1
26878,Bangalore,S R Layout,2,BHK,986.1932939,Owner,0,1,1,50.0,53.03,34.55,69.59,3.03,6.06,1
22147,Faridabad,Sector 78 Faridabad,3,BHK,1019.359937,Dealer,1,0,1,25.8,38.81,27.99,37.96,13.01,50.43,0
14097,Madurai,Puliyankulam,3,BHK,1838.461538,Dealer,0,1,1,95.6,79.7,61.43,129.55,15.9,16.63,1
19408,Nagpur,Ghogali,1,BHK,625.0,Owner,0,1,1,24.0,25.57,10.32,40.44,1.57,6.54,1
19059,Bangalore,Varthur,3,BHK,1583.189407,Dealer,0,1,1,110.0,100.14,68.97,136.26,9.86,8.96,1
12915,Chandigarh,Zirakpur,3,BHK,1269.681742,Dealer,1,0,1,37.9,44.98,35.31,52.57,7.08,18.68,1
11014,Gurgaon,Sector-65 Gurgaon,3,BHK,3344.481605,Dealer,0,1,1,300.0,311.47,187.81,404.4,11.47,3.82,1
24732,Chennai,Sairam Avenue,2,BHK,1200.0,Owner,0,1,1,90.0,64.72,45.27,123.91,25.28,28.09,1
12081,Bangalore,Budigere,1,BHK,721.8913554,Dealer,0,1,1,40.0,34.0,27.64,53.43,6.0,15.0,1
12325,Noida,Sector-120 Noida,3,BHK,1765.063907,Dealer,0,1,1,87.0,98.21,71.69,123.38,11.21,12.89,1
25790,Chennai,Perumbakkam,4,BHK,2566.295979,Dealer,1,1,1,120.0,156.0,129.21,224.95,36.0,30.0,0
27651,Chennai,Ambattur,1,BHK,565.0781691000001,Owner,1,1,1,30.0,26.34,22.62,37.5,3.66,12.2,1
21629,Mumbai,Taloja,3,BHK,1520.036849,Dealer,1,1,1,66.0,135.0,91.87,178.97,69.0,104.55,0
26515,Indore,Bicholi Mardana,3,BHK,990.2977584,Dealer,0,1,1,29.6,31.13,20.03,39.04,1.53,5.17,1
9878,Nagpur,Somalwada,1,BHK,550.0550055,Dealer,0,1,1,25.0,24.94,12.7,37.58,0.06,0.24,1
10272,Noida,Sector-110 Noida,2,BHK,979.7941289,Dealer,0,1,1,25.7,41.14,27.96,54.9,15.44,60.08,0
24105,Kolkata,Rajarhat,2,BHK,869.6741855,Dealer,0,0,0,34.7,34.82,25.02,49.82,0.12,0.35,1
14841,Goa,Calangute,2,BHK,990.2546369,Dealer,0,1,1,63.0,54.67,38.54,81.76,8.33,13.22,1
22541,Noida,Sector-134 Noida,2,BHK,956.2084257,Dealer,1,1,1,34.5,40.08,26.76,53.33,5.58,16.17,1
28947,Ghaziabad,Raj Nagar Extension,2,BHK,1000.0,Dealer,1,1,1,28.5,30.09,25.32,43.68,1.59,5.58,1
8081,Noida,Sector-150 Noida,3,BHK,2033.209082,Dealer,1,0,1,120.0,116.39,89.53,181.36,3.61,3.01,1
2894,Mumbai,Thane West,2,BHK,682.0950061000001,Dealer,1,1,1,140.0,113.35,81.92,133.76,26.65,19.04,0
9092,Chennai,Valasaravakkam,2,BHK,860.0727754000001,Owner,0,1,1,78.0,49.86,28.9,58.44,28.14,36.08,0
25333,Maharashtra,Manpada,3,BHK,2016.129032,Dealer,0,1,1,210.0,271.42,185.07,384.61,61.42,29.25,1
2150,Asansol,murgasol,3,BHK,1380.042463,Owner,0,1,1,65.0,45.85,30.44,58.29,19.15,29.46,0
5261,Noida,Sector-118 Noida,3,BHK,1424.844471,Owner,1,0,1,71.0,71.52,55.37,83.04,0.52,0.73,1
4508,Ghaziabad,Ahinsa Khand 2,3,BHK,1635.220126,Owner,0,1,1,65.0,79.7,54.26,106.69,14.7,22.62,1
20616,Chandigarh,Zirakpur,3,BHK,1560.062402,Owner,1,1,1,70.0,59.63,43.64,79.78,10.37,14.81,1
14965,Pune,Moshi,3,BHK,1290.033595,Dealer,1,1,1,57.6,83.03,58.97,109.79,25.43,44.15,0
28504,Lalitpur,Hiranandani Estate,3,BHK,899.6851101999999,Dealer,1,0,0,180.0,169.92,115.22,222.84,10.08,5.6,1
14915,Kolkata,New Town,3,BHK,1995.211492,Dealer,0,1,1,100.0,108.54,85.24,202.25,8.54,8.54,1
15311,Lalitpur,Sector-24 Kamothe,1,BHK,660.0,Dealer,0,1,1,49.5,59.68,47.38,81.58,10.18,20.57,1
2359,Alwar,Telco Circle,3,BHK,1491.712707,Owner,1,1,1,27.0,42.85,31.07,59.02,15.85,58.7,0
28700,Kolkata,Moore Avenue,2,BHK,1089.17631,Owner,0,1,1,48.0,67.59,34.65,70.54,19.59,40.81,1
16389,Coimbatore,Town Hall,2,BHK,506.0728745,Dealer,0,1,1,30.0,25.8,12.59,40.39,4.2,14.0,1
25298,Chennai,Puluthivakkam,1,BHK,697.0227671,Owner,0,1,1,19.9,36.74,24.36,51.32,16.84,84.62,0
9189,Pune,Erandwane,3,BHK,1880.020509,Dealer,0,1,1,220.0,172.51,104.59,219.33,47.49,21.59,0
18617,Lalitpur,Thane West,4,BHK,2614.904958,Dealer,0,1,1,520.0,312.41,246.32,581.3,207.59,39.92,1
8351,Bangalore,Electronic City,1,BHK,635.1292159,Dealer,0,1,1,29.0,29.69,25.23,44.24,0.69,2.38,1
6678,Ghaziabad,Vaibhav Khand,2,BHK,1170.103847,Owner,0,1,1,80.0,53.24,37.02,76.92,26.76,33.45,0
11449,Mohali,Sector-125 Mohali,3,BHK,1356.132075,Owner,0,1,1,46.0,46.76,34.37,75.84,0.76,1.65,1
10284,Noida,Noida Extension,2,BHK,1245.01992,Owner,1,1,1,50.0,59.62,47.78,72.44,9.62,19.24,1
5794,Lucknow,New Hyderabad,2,BHK,1220.008133,Owner,0,1,1,60.0,59.55,37.22,67.82,0.45,0.75,1
263,Gurgaon,Sector-63A Gurgaon,2,BHK,923.7875289,Dealer,1,0,1,120.0,56.92,30.49,74.1,63.08,52.57,0
17338,Ghaziabad,Siddhartha Vihar,1,BHK,538.2131324,Owner,0,1,1,20.0,19.35,12.91,27.75,0.65,3.25,1
16203,Maharashtra,Malad (West),2,BHK,1090.884298,Dealer,1,1,1,160.0,161.42,140.95,203.05,1.42,0.89,1
13265,Pune,Charholi,2,BHK,784.0062721,Dealer,0,1,1,40.0,50.39,32.58,71.23,10.39,25.98,1
29093,Udaipur,Badgaon,2,BHK,1204.819277,Owner,0,1,1,32.0,38.91,22.97,46.79,6.91,21.59,1
28521,Secunderabad,Ananth Nagar,2,BHK,975.0390016,Owner,0,1,1,25.0,33.91,23.59,49.18,8.91,35.64,1
5364,Lucknow,Charbagh,3,BHK,1320.190107,Owner,0,1,1,75.0,62.33,40.25,81.87,12.67,16.89,1
26333,Palghar,Boisar,3,BHK,1086.102179,Owner,0,1,1,30.4,44.76,33.0,118.97,14.36,47.24,0
4408,Noida,Sector-143B Noida,2,BHK,940.0,Owner,1,0,1,42.3,40.06,29.53,53.87,2.24,5.3,1
24018,Jaipur,Maharana Pratap Nagar,3,BHK,1149.718958,Owner,0,1,1,45.0,36.92,21.45,49.54,8.08,17.96,1
27653,Bangalore,Koramangala,3,BHK,1061.689763,Dealer,1,0,1,190.0,70.59,42.16,90.27,119.41,62.85,0
14218,Kolkata,Bangur,3,BHK,1242.009132,Dealer,0,1,1,68.0,64.28,40.42,98.63,3.72,5.47,1
6423,Nagpur,Mihan,2,BHK,646.9036553,Dealer,1,0,0,51.5,35.4,19.92,55.14,16.1,31.26,1
662,Pune,Koregaon Park,4,BHK,5000.0,Dealer,0,1,1,550.0,750.66,224.42,882.62,200.66,36.48,1
16402,Ghaziabad,Vaishali Extension,2,BHK,700.0112905,Dealer,0,1,1,62.0,40.7,17.41,49.5,21.3,34.35,0
15171,Gurgaon,Sector-109 Gurgaon,3,BHK,2007.411983,Dealer,1,1,1,130.0,136.47,101.14,201.4,6.47,4.98,1
16692,Belgaum,Nanawadi,2,BHK,997.168921,Builder,1,0,0,31.7,38.47,28.96,52.99,6.77,21.36,1
28259,Kolkata,New Ballygung Road,2,BHK,700.0840101,Owner,0,1,1,50.0,45.12,18.58,41.46,4.88,9.76,0
18290,Mumbai,Jijamata Colony,2,BHK,832.4228707999999,Dealer,1,1,1,160.0,181.75,42.38,131.52,21.75,13.59,0
3847,Kolkata,New Town,2,BHK,830.9248554999999,Dealer,0,1,1,34.5,29.38,23.49,50.21,5.12,14.84,1
25439,Pune,Ravet,2,BHK,711.8902439,Dealer,1,1,1,46.7,45.29,37.88,63.07,1.41,3.02,1
16248,Kolkata,Kaikhali,2,BHK,709.0464548,Owner,0,1,1,29.0,22.91,16.9,37.17,6.09,21.0,1
3886,Jaipur,Mansarovar Extension,2,BHK,820.1892744,Dealer,0,1,1,26.0,18.5,15.82,39.36,7.5,28.85,1
14635,Bhopal,Hoshangabad Road,3,BHK,1688.372093,Builder,0,1,0,36.3,56.96,41.92,85.75,20.66,56.91,0
22229,Bangalore,Hosakerehalli,4,BHK,3105.245647,Dealer,0,1,1,280.0,321.05,211.62,441.91,41.05,14.66,1
4850,Bangalore,Konanakunte,3,BHK,1603.114623,Dealer,1,1,1,140.0,112.1,73.92,143.87,27.9,19.93,1
11056,Mumbai,Kolshet Road,2,BHK,822.2454776000001,Dealer,1,0,1,110.0,101.78,84.31,133.62,8.22,7.47,1
11947,Surat,PAL,4,BHK,2549.519514,Dealer,0,1,1,130.0,122.94,100.93,165.78,7.06,5.43,1
3572,Mohali,Aerocity,3,BHK,1409.945421,Dealer,1,1,1,46.5,57.27,41.3,78.18,10.77,23.16,1
13434,Mumbai,Laxmi Nagar,2,BHK,475.1722499,Dealer,1,0,0,100.0,101.6,29.04,160.61,1.6,1.6,1
1454,Chandigarh,Zirakpur,3,BHK,1747.360757,Dealer,0,1,1,48.0,60.55,45.98,79.27,12.55,26.15,1
20558,Mumbai,Mulund (West),4,BHK,1850.038089,Dealer,1,1,1,340.0,425.95,225.97,561.28,85.95,25.28,1
15338,Ghaziabad,Mohan Nagar,3,BHK,1323.404255,Dealer,1,1,0,62.2,59.44,38.08,77.59,2.76,4.44,1
8133,Maharashtra,Kasar vadavali,1,BHK,424.9932182,Dealer,1,1,0,47.0,54.01,18.05,64.35,7.01,14.91,1
10684,Faridabad,Sector 81 Faridabad,3,BHK,2246.273229,Dealer,1,1,1,110.0,88.05,63.91,167.17,21.95,19.95,1
24191,Pune,Balewadi,2,BHK,740.0555042000001,Dealer,1,0,1,64.0,52.31,31.7,67.96,11.69,18.27,1
27367,Indore,Nipania,3,BHK,1823.281907,Owner,1,1,1,52.0,54.2,40.53,88.07,2.2,4.23,1
2558,Jaipur,Kalwar Road,2,BHK,949.9136442,Dealer,0,1,1,22.0,22.75,15.78,43.37,0.75,3.41,1
3960,Noida,Sector-150 Noida,2,BHK,1265.051059,Dealer,1,0,1,83.0,57.34,51.77,76.33,25.66,30.92,0
8878,Kolkata,Alipore,4,BHK,2927.525884,Dealer,0,0,1,410.0,393.38,150.78,406.55,16.62,4.05,0
17515,Lalitpur,kavesar,2,BHK,1200.0,Dealer,1,1,1,120.0,122.6,59.12,171.88,2.6,2.17,1
22806,Bangalore,Hoskote,3,BHK,1224.846894,Owner,0,1,1,42.0,67.97,46.11,87.16,25.97,61.83,0
4553,Lalitpur,Goregaon (East),2,BHK,947.4974919,Dealer,1,1,1,170.0,175.28,136.01,235.95,5.28,3.11,1
25338,Jaipur,Ajairajpura,2,BHK,1111.111111,Owner,0,1,1,24.0,36.62,21.25,50.2,12.62,52.58,1
22186,Ghaziabad,Raj Nagar Extension,3,BHK,1425.008906,Dealer,0,1,1,40.0,51.46,38.22,61.41,11.46,28.65,1
23043,Dehradun,G.M.S Road,2,BHK,1322.685301,Owner,0,1,1,53.0,46.38,37.9,63.31,6.62,12.49,1
12373,Bangalore,Sannatammanahalli,2,BHK,1227.253491,Owner,0,1,1,58.0,70.54,49.91,94.05,12.54,21.62,1
24725,Chandigarh,Zirakpur,3,BHK,1578.014184,Dealer,1,1,1,62.3,56.87,44.31,68.85,5.43,8.72,1
1500,Noida,Sector-78 Noida,3,BHK,1550.06284,Dealer,1,1,1,74.0,77.37,61.73,94.21,3.37,4.55,1
14220,Ghaziabad,Raj Nagar Extension,1,BHK,718.0156658,Dealer,1,1,1,22.0,20.5,18.41,32.02,1.5,6.82,1
27503,Mohali,Zirakpur,2,BHK,1080.050826,Dealer,1,1,1,25.5,37.13,28.68,47.82,11.63,45.61,0
18469,Ghaziabad,Ahinsa Khand 2,3,BHK,1760.08665,Dealer,0,1,1,65.0,93.08,58.3,113.66,28.08,43.2,1
16039,Kolkata,Behala,3,BHK,1000.0,Owner,0,1,1,45.0,43.76,29.83,64.4,1.24,2.76,1
23620,Maharashtra,Malad (West),2,BHK,668.9282812999999,Dealer,1,0,0,140.0,155.52,130.37,184.3,15.52,11.09,1
1376,Neemrana,NH-8,2,BHK,1150.251618,Owner,0,1,1,32.0,43.81,26.8,58.55,11.81,36.91,1
18066,Chandigarh,Zirakpur,2,BHK,1155.0577529999998,Dealer,0,1,1,33.0,34.17,29.35,51.45,1.17,3.55,1
2815,Kolkata,Rajpur,2,BHK,1010.10101,Owner,0,1,1,50.0,55.54,31.61,57.68,5.54,11.08,1
22663,Maharashtra,Majiwada,2,BHK,941.2167365,Dealer,1,0,1,110.0,95.23,79.74,136.49,14.77,13.43,1
4438,Kolkata,Tollygunge,2,BHK,694.0588562,Dealer,0,0,1,62.5,35.19,17.91,55.39,27.31,43.7,0
24954,Indore,Bicholi Mardana,3,BHK,1563.477173,Dealer,1,1,1,50.0,54.52,38.97,77.26,4.52,9.04,1
2919,Lalitpur,Badlapur (East),1,BHK,643.0408687999999,Dealer,0,1,1,22.5,58.7,25.78,89.72,36.2,160.89,0
10905,Vadodara,Harni,3,BHK,1067.4157300000002,Dealer,1,0,0,39.9,41.68,24.96,46.7,1.78,4.46,1
22671,Bhopal,Katara Hills,3,BHK,1307.317073,Builder,1,1,0,26.8,37.32,24.98,57.88,10.52,39.25,1
2665,Maharashtra,Dhokali,2,BHK,820.0040494,Dealer,1,0,1,81.0,110.74,33.6,178.4,29.74,36.72,1
13464,Noida,Sector-129 Noida,2,BHK,1162.718204,Dealer,1,1,1,37.3,54.15,44.22,74.01,16.85,45.17,0
6939,Lalitpur,Sector-38 Seawoods,2,BHK,1055.011304,Dealer,1,0,1,140.0,117.35,85.76,162.11,22.65,16.18,1
4703,Meerut,Ganga Nagar,4,BHK,1619.87041,Owner,0,1,1,45.0,67.99,34.95,83.54,22.99,51.09,1
3465,Noida,Sector-75 Noida,2,BHK,1264.980027,Owner,1,0,1,57.0,71.97,52.74,75.91,14.97,26.26,1
20949,Patna,Jakkanpur,5,BHK,490.0459418,Owner,0,1,1,48.0,37.73,14.79,51.85,10.27,21.4,1
22833,Bangalore,Uttarahalli,3,BHK,1480.111008,Owner,1,1,1,80.0,88.93,64.86,117.33,8.93,11.16,1
6549,Kolkata,Narendrapur,3,BHK,1345.163137,Dealer,0,1,1,47.0,60.92,44.32,88.68,13.92,29.62,1
20482,Chennai,Kovilambakkam,1,BHK,650.9482317000001,Dealer,1,0,0,50.8,42.75,28.63,53.57,8.05,15.85,1
18393,Jaipur,Bani Park,3,BHK,1920.0,Dealer,0,1,1,120.0,86.46,51.56,113.19,33.54,27.95,0
14278,Visakhapatnam,Madhurawada,2,BHK,750.0,Owner,0,1,1,22.5,24.35,17.54,35.52,1.85,8.22,1
5600,Pune,Pimpri,2,BHK,1100.052383,Dealer,0,1,1,42.0,70.96,58.72,81.27,28.96,68.95,0
17361,Mumbai,Kolshet Road,1,BHK,471.6517034,Dealer,1,0,0,76.7,74.37,56.92,81.91,2.33,3.04,1
14803,Gandhinagar,Sector-22 Gandhinagar,3,BHK,1649.917504,Owner,0,1,1,110.0,81.38,39.87,72.41,28.62,26.02,0
7655,Jaipur,Mansarovar,3,BHK,2380.952381,Dealer,1,1,1,100.0,134.75,78.31,198.78,34.75,34.75,1
9071,Pune,Kharadi,3,BHK,1508.12065,Dealer,1,1,1,130.0,106.86,72.05,144.15,23.14,17.8,1
129,Lucknow,Purseni,2,BHK,398.2621289,Owner,1,1,1,11.0,20.35,10.64,35.86,9.35,85.0,1
5698,Kolkata,Monirampore,2,BHK,825.0825083,Owner,0,1,1,30.0,38.46,23.25,41.96,8.46,28.2,1
880,Mumbai,Kanjur Marg (East),2,BHK,1262.980634,Dealer,0,1,1,180.0,155.99,103.04,192.82,24.01,13.34,1
6468,Vadodara,Kareli Bagh,3,BHK,1650.051564,Owner,0,1,1,48.0,55.54,39.57,80.49,7.54,15.71,1
21073,Goa,Bainguinim,3,BHK,1582.150101,Owner,0,0,1,78.0,79.08,51.93,97.56,1.08,1.38,1
18642,Chennai,Kovilambakkam,3,BHK,1442.533937,Dealer,1,0,0,79.7,87.43,64.24,131.7,7.73,9.7,1
13000,Aligarh,2BHK,2,BHK,150.0068185,Owner,0,1,1,22.0,14.69,7.8,34.12,7.31,33.23,1
12051,Pune,Bhumkar Nagar,2,BHK,957.090445,Dealer,1,0,1,60.0,67.39,42.51,89.94,7.39,12.32,1
10509,Chennai,Pammal,2,BHK,650.0,Dealer,0,1,1,29.9,38.5,28.67,52.57,8.6,28.76,1
2937,Lalitpur,Sector-23 Kharghar,2,BHK,1291.274673,Dealer,1,1,1,140.0,137.04,104.96,178.58,2.96,2.11,1
21013,Kolkata,Lake Town,3,BHK,1300.0,Owner,0,0,1,65.0,57.41,40.01,76.68,7.59,11.68,1
21412,Pune,Ravet,1,BHK,615.0857883,Dealer,1,1,1,38.0,33.39,27.83,42.26,4.61,12.13,1
26817,Noida,Sector-137 Noida,3,BHK,1685.293596,Owner,0,1,1,95.0,84.53,71.07,111.66,10.47,11.02,1
3968,Noida,Sector-75 Noida,2,BHK,1100.110011,Dealer,1,1,1,60.0,48.59,41.63,60.99,11.41,19.02,1
18725,Bangalore,Konanakunte,3,BHK,1547.816473,Dealer,1,1,1,140.0,110.76,73.48,130.2,29.24,20.89,0
12345,Chennai,Saligramam,2,BHK,996.1040329,Dealer,0,1,1,94.6,65.79,36.46,86.45,28.81,30.45,0
22121,Lalitpur,Vartak Nagar,2,BHK,594.2091616,Dealer,1,1,1,110.0,99.71,43.46,136.47,10.29,9.35,1
10089,Lucknow,Sushant Golf City,2,BHK,1250.0,Dealer,1,0,1,45.0,47.78,40.16,66.95,2.78,6.18,1
18189,Noida,Sector-78 Noida,3,BHK,2353.287248,Dealer,1,1,1,160.0,151.25,98.49,204.33,8.75,5.47,1
6574,Noida,sector-121 Noida,3,BHK,1549.732319,Owner,1,1,1,110.0,87.33,65.4,94.16,22.67,20.61,0
16165,Noida,Sector-92 Noida,4,BHK,4019.292605,Dealer,0,1,1,250.0,284.02,174.08,463.92,34.02,13.61,1
29278,Maharashtra,Kharghar,2,BHK,1123.304243,Dealer,0,1,1,130.0,100.17,87.14,132.97,29.83,22.95,1
17461,Mohali,Kharar,2,BHK,450.0818331,Owner,1,1,1,11.0,0.06,11.06,31.57,10.94,99.45,0
27224,Lalitpur,Savarkar Nagar,2,BHK,731.9587629,Builder,1,0,0,35.5,59.71,18.04,120.35,24.21,68.2,1
11774,Gurgaon,Sector-68 Gurgaon,2,BHK,1191.789216,Dealer,0,0,0,77.8,72.56,52.33,111.05,5.24,6.74,1
5812,Bangalore,Bileshivale,2,BHK,1134.716321,Dealer,1,1,1,45.4,60.47,45.21,82.59,15.07,33.19,1
13234,Ghaziabad,Raj Nagar Extension,2,BHK,1030.135301,Owner,1,1,1,33.5,34.92,27.34,43.9,1.42,4.24,1
19381,Ghaziabad,Vasundhara,3,BHK,1743.589744,Dealer,0,1,1,85.0,98.3,55.61,114.7,13.3,15.65,1
8869,Bangalore,Thanisandra,3,BHK,1400.0,Owner,1,1,1,63.0,74.73,60.14,103.59,11.73,18.62,1
9447,Kochi,Kadavanthara,4,BHK,3774.534474,Dealer,0,1,1,300.0,424.99,219.91,511.84,124.99,41.66,1
7164,Kochi,Kakkanad,3,BHK,1319.957761,Owner,0,1,1,50.0,61.43,46.31,84.34,11.43,22.86,1
7074,Chennai,Opp. EVP Theme Park,3,BHK,1097.092704,Owner,0,1,1,100.0,56.31,40.29,70.76,43.69,43.69,0
19969,Gwalior,New City Center,3,BHK,1050.213325,Owner,0,1,1,32.0,40.53,23.88,53.55,8.53,26.66,1
6527,Lalitpur,Andheri (West),3,BHK,1400.0,Dealer,0,1,1,280.0,454.81,216.24,573.42,174.81,62.43,1
18800,Lalitpur,Sector-25 Khandeshhwar,1,BHK,1583.166333,Dealer,0,1,1,7.9,42.2,19.99,312.77,34.3,434.18,0
21103,Nagpur,Besa,3,BHK,1025.280899,Owner,0,1,1,36.5,44.79,29.84,63.75,8.29,22.71,1
19945,Panchkula,Sector-20 Panchkula,3,BHK,1773.31166,Dealer,0,1,1,120.0,72.98,44.45,106.09,47.02,39.18,0
4251,Mohali,Sector-66A Mohali,2,BHK,1345.20277,Dealer,1,1,1,68.0,57.6,41.35,63.85,10.4,15.29,0
8735,Palghar,Palghar,1,BHK,620.0396825,Owner,0,1,1,12.5,20.38,13.08,29.42,7.88,63.04,0
4369,Noida,Sector-150 Noida,3,BHK,1400.0,Dealer,1,0,1,66.5,61.48,48.52,81.92,5.02,7.55,1
8804,Mumbai,Bhandup (West),2,BHK,969.6969697,Dealer,0,1,1,160.0,147.51,110.15,212.81,12.49,7.81,1
14588,Noida,Sector-21 Noida,3,BHK,1300.014445,Dealer,0,1,1,90.0,63.9,41.36,83.04,26.1,29.0,0
540,Vijayawada,Swapna Theater,2,BHK,1209.816799,Owner,0,0,1,35.0,45.11,30.56,56.91,10.11,28.89,1
16848,Lalitpur,Kasar vadavali,2,BHK,597.6992331,Dealer,1,0,0,71.7,91.1,43.66,133.42,19.4,27.06,1
19585,Mohali,Sas Nagar,3,BHK,1848.571429,Dealer,1,1,1,64.7,73.14,51.99,97.97,8.44,13.04,1
19301,Palghar,Betegaon,1,BHK,610.1938263,Owner,1,1,1,17.0,18.87,13.31,29.23,1.87,11.0,1
27499,Bangalore,Harlur,3,BHK,1791.8470960000002,Dealer,1,1,1,120.0,137.73,86.5,181.57,17.73,14.77,1
21211,Mumbai,Mira Bhayandar,1,BHK,650.0541712,Dealer,0,1,1,48.0,79.58,47.08,66.52,31.58,65.79,1
14779,Agra,Rohta,2,BHK,876.1449622000001,Owner,0,1,1,22.0,28.42,23.56,47.26,6.42,29.18,0
25050,Maharashtra,Seven Bunglow,2,BHK,1000.0,Dealer,0,1,1,240.0,139.82,46.4,234.75,100.18,41.74,0
13537,Mumbai,Manpada,2,BHK,999.000999,Dealer,0,1,1,160.0,119.27,89.66,139.58,40.73,25.46,0
22447,Pune,Balewadi,2,BHK,1100.0445960000002,Dealer,1,0,1,74.0,67.64,53.42,86.06,6.36,8.59,1
7983,Goa,Madgoan,2,BHK,936.3811622000002,Owner,0,1,1,34.0,38.36,26.71,54.6,4.36,12.82,1
9444,Mumbai,Airoli,2,BHK,1244.997777,Dealer,1,1,1,140.0,131.02,106.05,184.39,8.98,6.41,1
15217,Noida,Sector-119 Noida,2,BHK,1420.166362,Owner,1,1,1,70.0,75.47,56.21,81.54,5.47,7.81,1
27257,Kolkata,Purbalok,3,BHK,1800.180018,Owner,0,1,1,100.0,114.9,67.95,151.21,14.9,14.9,1
10728,Guntur,Kothapet,2,BHK,1090.188305,Owner,0,0,1,55.0,37.13,29.01,52.5,17.87,32.49,0
15755,Kolkata,Madhyamgram,2,BHK,1080.108011,Owner,0,1,1,48.0,41.19,31.2,50.18,6.81,14.19,1
21119,Bangalore,Poorna Pragna Layout,3,BHK,1500.0,Dealer,0,1,1,84.0,94.85,61.52,139.1,10.85,12.92,1
8076,Bhopal,Khajuri Kalan,1,BHK,804.9535603999999,Builder,1,1,0,13.0,23.73,14.09,33.8,10.73,82.54,0
23630,Bangalore,Hebbal Kempapura,3,BHK,1615.034503,Owner,0,1,1,110.0,103.6,70.04,140.97,6.4,5.82,1
28000,Mumbai,Worli,2,BHK,1350.016464,Dealer,1,1,1,410.0,420.88,172.58,503.58,10.88,2.65,1
27782,Surat,PAL,2,BHK,1250.0,Dealer,0,0,1,45.0,39.02,35.0,59.66,5.98,13.29,1
15473,Pondicherry,Ragavendra Nagar,2,BHK,1072.941176,Builder,0,1,0,45.6,33.92,30.99,50.67,11.68,25.61,1
16984,Lalitpur,Mulund (East),2,BHK,1167.618059,Dealer,0,1,1,180.0,173.02,136.91,181.4,6.98,3.88,1
17160,Mumbai,Sector-1 New Panvel,2,BHK,1100.110011,Dealer,0,1,1,100.0,69.9,57.46,117.86,30.1,30.1,1
27448,Lalitpur,Goregaon (East),3,BHK,1815.732443,Dealer,1,1,1,310.0,430.09,244.9,473.45,120.09,38.74,1
12887,Maharashtra,Sector-35E Kharghar,2,BHK,1085.77633,Dealer,0,1,1,100.0,150.09,69.04,249.58,50.09,50.09,1
9754,Ghaziabad,Abhay Khand 2,4,BHK,1919.385797,Owner,0,1,1,130.0,82.77,59.77,110.89,47.23,36.33,0
24881,Mumbai,Mira Bhayandar,1,BHK,534.9544073,Dealer,0,1,1,44.0,76.67,41.35,63.98,32.67,74.25,1
3499,Chandigarh,Zirakpur,3,BHK,1732.4077,Dealer,0,1,1,54.9,60.55,46.85,78.84,5.65,10.29,1
13124,Bhiwadi,Alwar Bypass Road,2,BHK,1370.431894,Dealer,0,1,1,33.0,40.98,27.8,53.4,7.98,24.18,1
21254,Dehradun,Dhoran Khas,2,BHK,1100.110011,Owner,0,1,1,70.0,36.57,25.6,49.15,33.43,47.76,0
21243,Faridabad,Sector 86 Faridabad,3,BHK,845.1519537,Dealer,1,0,1,29.2,26.54,22.84,38.5,2.66,9.11,1
28944,Kolkata,Garia,3,BHK,1240.208877,Owner,0,1,1,57.0,57.58,41.26,76.69,0.58,1.02,1
22014,Bangalore,Budigere,4,BHK,2353.336695,Dealer,1,0,1,140.0,159.15,108.6,222.24,19.15,13.68,1
15049,Gurgaon,Sector-112 Gurgaon,4,BHK,4656.390495000001,Dealer,1,1,0,290.0,388.92,213.89,630.85,98.92,34.11,1
5786,Kottayam,Kalathipady,3,BHK,1600.0,Owner,0,1,1,66.0,67.73,51.44,95.01,1.73,2.62,1
4134,Lalitpur,Chembur,1,BHK,706.5985433,Dealer,1,1,1,130.0,106.73,84.97,127.17,23.27,17.9,0
10086,Mumbai,Kanjur Marg (East),2,BHK,1246.882793,Dealer,0,1,1,200.0,157.45,101.21,193.51,42.55,21.28,0
14340,Lalitpur,Trimbak,6,BHK,9959.839357,Dealer,0,1,1,24.8,2533.95,209.82,2349.18,2509.15,10117.54,0
6675,Raipur,Shankar Nagar,3,BHK,2400.0,Owner,0,1,1,60.0,107.29,52.89,176.52,47.29,78.82,1
3426,Chennai,Porur,3,BHK,1641.791045,Dealer,0,1,1,110.0,103.34,74.21,157.01,6.66,6.05,1
15507,Pune,Wanowrie,2,BHK,2000.0,Owner,0,1,1,85.0,95.56,56.51,265.57,10.56,12.42,1
26267,Maharashtra,Dombivli (East),2,BHK,604.3478261,Dealer,1,0,0,55.6,50.84,44.13,106.19,4.76,8.56,1
19597,Ranchi,Hinoo,4,BHK,1200.0,Owner,0,1,1,60.0,52.76,28.22,75.47,7.24,12.07,1
23988,Bangalore,Chikkabellandur,3,BHK,1460.12046,Owner,0,1,1,80.0,76.19,58.51,115.0,3.81,4.76,1
11952,Bangalore,Kogilu,3,BHK,2425.015954,Owner,1,0,1,190.0,198.38,101.7,318.77,8.38,4.41,1
9713,Maharashtra,Malad (West),2,BHK,917.884629,Dealer,1,0,1,130.0,154.28,128.31,200.73,24.28,18.68,1
3253,Pune,Chakan,1,BHK,850.0,Dealer,0,1,1,27.2,33.74,31.22,56.29,6.54,24.04,0
13663,Lalitpur,Borivali (East),3,BHK,1600.0,Dealer,1,1,1,260.0,252.65,153.22,265.97,7.35,2.83,1
4774,Bangalore,Malleshwaram,2,BHK,925.0035577,Owner,0,1,1,65.0,55.03,32.75,68.72,9.97,15.34,1
9570,Mumbai,Ghodbunder Road,1,BHK,719.7802197999999,Dealer,1,1,0,65.5,67.23,44.37,94.4,1.73,2.64,1
11469,Chennai,Madipakkam,3,BHK,1138.088012,Dealer,0,0,1,75.0,68.98,43.1,91.48,6.02,8.03,1
18692,Surat,Bardoli,2,BHK,1184.834123,Owner,0,1,1,17.5,29.49,20.73,38.01,11.99,68.51,0
978,Rajkot,Madhapar,1,BHK,397.6514545,Owner,0,0,1,14.9,13.28,10.02,22.96,1.62,10.87,1
1463,Bangalore,Suraksha Nagar,3,BHK,1510.211086,Owner,0,1,1,88.0,73.87,45.58,103.06,14.13,16.06,1
887,Kolkata,Belgharia,3,BHK,1078.705553,Owner,0,1,1,27.0,42.38,28.54,51.02,15.38,56.96,0
8694,Bangalore,Sarjapura - Attibele Road,2,BHK,864.0552994999999,Owner,0,1,1,30.0,35.35,27.67,48.93,5.35,17.83,1
27282,Bangalore,Konanakunte,3,BHK,2172.173317,Dealer,1,1,1,190.0,188.44,121.53,230.34,1.56,0.82,1
2480,Noida,Sector-107 Noida,4,BHK,3299.967,Owner,1,1,1,300.0,209.96,139.22,301.83,90.04,30.01,1
18458,Kolkata,Chinar Park,3,BHK,2080.274107,Dealer,0,1,1,85.0,121.77,90.74,219.63,36.77,43.26,0
4490,Chennai,Ambattur,3,BHK,1575.299307,Owner,1,1,1,75.0,93.86,70.76,149.72,18.86,25.15,1
18702,Kolkata,Salt Lake,4,BHK,2234.490011,Dealer,0,1,1,170.0,154.3,92.58,244.53,15.7,9.24,1
12174,Bangalore,Kereguddadahalli,2,BHK,1075.037626,Owner,0,1,1,50.0,54.45,37.25,73.94,4.45,8.9,1
24003,Coimbatore,Podanur,2,BHK,5407.493240999999,Owner,0,1,1,140.0,8.22,12.51,336.67,131.78,94.13,1
6548,Lalitpur,Manpada,1,BHK,585.0058501,Dealer,0,1,1,65.0,57.39,25.74,80.77,7.61,11.71,1
26307,Noida,Sector-150 Noida,2,BHK,1250.0,Owner,1,0,1,75.0,67.01,51.11,76.17,7.99,10.65,1
28624,Vadodara,Vasna-Bhayli-Road,2,BHK,1256.281407,Owner,0,1,1,40.0,37.41,27.39,46.75,2.59,6.48,1
5718,Sindhudurg,Kankavli,2,BHK,690.0,Owner,0,1,1,20.7,30.45,19.34,40.71,9.75,47.1,1
10431,Vijayawada,Currency Nagar,2,BHK,1000.0,Owner,0,1,1,42.0,33.97,21.99,49.32,8.03,19.12,1
3816,Bhubaneswar,Ghatikia,2,BHK,1218.161683,Dealer,0,1,1,55.0,54.5,38.74,63.82,0.5,0.91,1
14437,Lalitpur,Kolshet Road,2,BHK,890.6702293,Dealer,1,0,1,120.0,108.25,44.75,171.4,11.75,9.79,1
21184,Kolkata,New Town,4,BHK,2056.132415,Dealer,0,1,0,200.0,123.35,88.44,188.67,76.65,38.33,0
19464,Mumbai,Ghatkopar (East),1,BHK,355.20824080000006,Dealer,0,0,1,120.0,107.34,55.65,118.44,12.66,10.55,0
7810,Mumbai,Tagore Nagar,2,BHK,609.8237055,Dealer,1,0,1,110.0,141.39,107.06,192.94,31.39,28.54,1
1753,Bangalore,7th Phase JP Nagar,2,BHK,1270.173341,Dealer,0,1,1,85.0,74.18,50.83,87.21,10.82,12.73,1
7693,Lalitpur,Ghatkopar West,2,BHK,1037.2099050000002,Dealer,1,1,1,160.0,179.78,142.4,240.02,19.78,12.36,1
9913,Mumbai,Gokuldham,1,BHK,423.9963915,Dealer,0,1,1,94.0,191.16,21.37,96.8,97.16,103.36,1
2524,Indore,Saket Nagar,4,BHK,1800.25047,Dealer,0,1,1,115.0,60.77,39.83,131.31,54.23,47.16,1
18568,Vadodara,New Alkapuri,3,BHK,1829.166667,Dealer,0,1,1,43.9,71.17,41.85,111.17,27.27,62.12,1
28061,Lalitpur,Huzefa Nagar,3,BHK,1500.0,Dealer,0,0,1,270.0,183.25,78.56,282.57,86.75,32.13,1
11695,Kolhapur,Shingnapur,2,BHK,900.090009,Owner,0,1,1,40.0,36.06,21.5,46.73,3.94,9.85,1
7951,Dehradun,Haridwar-Dehradun Road,3,BHK,2000.0,Owner,0,1,1,60.0,77.54,51.33,124.1,17.54,29.23,1
17535,Pune,Handewadi,2,BHK,956.0580989,Owner,0,1,1,52.0,49.37,32.14,55.42,2.63,5.06,1
18489,Nagpur,Mondha,2,BHK,600.0,Owner,0,1,1,15.0,26.91,13.74,38.96,11.91,79.4,1
21779,Bangalore,Whitefield,2,BHK,1176.74747,Dealer,0,1,1,100.0,67.63,45.1,95.94,32.37,32.37,0
23361,Faridabad,Sector 75 Faridabad,3,BHK,1927.105153,Dealer,0,1,1,46.0,66.34,54.14,77.28,20.34,44.22,0
1735,Kolkata,Kestopur,2,BHK,810.0654947,Dealer,0,1,1,23.5,29.85,20.73,41.33,6.35,27.02,1
7808,Maharashtra,Deonar,3,BHK,1500.0,Dealer,0,1,1,240.0,309.59,173.8,409.69,69.59,29.0,1
349,Lalitpur,Worli,2,BHK,816.8491699,Dealer,1,0,0,370.0,359.93,128.61,411.98,10.07,2.72,1
13253,Bangalore,Whitefield,3,BHK,1459.703947,Dealer,0,1,1,71.0,82.15,59.18,125.33,11.15,15.7,1
15857,Chennai,Sambandham Nagar,2,BHK,800.0,Owner,0,1,1,29.0,40.94,20.99,55.94,11.94,41.17,1
6066,Pune,Baner,3,BHK,1687.1165640000002,Dealer,1,1,1,110.0,136.21,98.06,184.35,26.21,23.83,1
27764,Maharashtra,Ram Maruti Road,2,BHK,1050.013816,Dealer,0,1,1,190.0,108.34,31.59,157.38,81.66,42.98,0
25762,Lalitpur,Manpada,3,BHK,1712.15631,Dealer,1,1,1,170.0,250.88,92.0,339.46,80.88,47.58,1
26042,Ghaziabad,Indirapuram,2,BHK,1079.842932,Dealer,0,1,1,49.5,47.39,30.7,61.36,2.11,4.26,1
15125,Vadodara,Akota,2,BHK,1149.933658,Dealer,1,0,0,26.0,32.3,26.79,54.22,6.3,24.23,0
6484,Vadodara,Vasna Road,3,BHK,1420.238397,Dealer,0,1,1,56.0,69.7,39.94,86.47,13.7,24.46,1
6445,Gurgaon,Sector-83 Gurgaon,3,BHK,1771.336554,Dealer,1,1,1,110.0,98.92,79.26,141.31,11.08,10.07,1
4023,Durgapur,Bidhannagar,2,BHK,1004.1841,Dealer,0,0,1,21.6,36.88,20.67,49.89,15.28,70.74,1
5213,Maharashtra,Malad (West),2,BHK,1030.638059,Dealer,1,1,1,220.0,154.86,136.45,195.69,65.14,29.61,0
15669,Sonipat,Kundli,2,BHK,1264.150943,Dealer,0,1,1,33.5,32.44,25.99,60.22,1.06,3.16,1
25210,Maharashtra,Taloja,1,BHK,699.9805561000001,Dealer,1,1,1,36.0,50.43,20.73,91.58,14.43,40.08,1
24286,Mohali,Sector-65 Mohali,3,BHK,1935.796096,Dealer,1,0,0,120.0,104.12,62.49,116.15,15.88,13.23,0
13871,Lalitpur,Sector-19 Airoli,2,BHK,1100.034376,Dealer,0,1,1,96.0,105.49,57.23,145.94,9.49,9.89,1
19444,Lalitpur,Malad (East),2,BHK,1000.0,Dealer,0,1,1,120.0,161.6,141.19,182.98,41.6,34.67,0
19517,Noida,Sector-49 Noida,2,BHK,950.2515372,Dealer,0,1,1,17.0,42.33,24.93,54.28,25.33,149.0,0
3049,Lalitpur,Worli,2,BHK,1185.02133,Dealer,0,1,1,450.0,408.92,155.23,457.55,41.08,9.13,1
13947,Nagpur,Pande Layout,3,BHK,1350.135014,Dealer,0,1,1,75.0,58.39,41.03,91.7,16.61,22.15,1
6937,Chandigarh,Zirakpur,3,BHK,1935.297516,Owner,1,1,1,67.0,62.13,55.52,76.05,4.87,7.27,1
20850,Mohali,Sector-127 Mohali,3,BHK,1650.453956,Dealer,1,1,1,50.9,56.07,43.0,101.96,5.17,10.16,1
5466,Bangalore,Thubarahalli,3,BHK,1895.477931,Owner,0,1,1,70.0,115.59,82.06,158.74,45.59,65.13,0
14422,Gurgaon,Sector-109 Gurgaon,3,BHK,1459.854015,Dealer,1,0,0,100.0,127.31,60.75,129.51,27.31,27.31,1
25803,Kolkata,Tollygunge,1,BHK,300.0,Owner,0,1,1,12.0,17.7,6.48,22.65,5.7,47.5,1
24890,Ghaziabad,Ahinsa Khand 2,2,BHK,1075.011945,Owner,0,1,1,45.0,47.72,33.6,62.83,2.72,6.04,1
14108,Amravati,Tope Nagar,2,BHK,780.0312012,Owner,0,1,1,35.0,27.18,15.84,38.17,7.82,22.34,1
15606,Kochi,Edachira,3,BHK,1600.175362,Dealer,0,1,1,73.0,83.48,63.8,113.25,10.48,14.36,1
2186,Bangalore,Rajanna Layout,2,BHK,1020.197857,Owner,0,1,1,49.5,56.66,37.38,73.16,7.16,14.46,1
24695,Gurgaon,Sector-65 Gurgaon,2,BHK,1195.652174,Dealer,0,0,0,110.0,100.25,52.73,111.05,9.75,8.86,1
16855,Mohali,Greater Mohali,2,BHK,900.0473708999999,Owner,0,1,1,19.0,38.47,20.98,48.16,19.47,102.47,0
24987,Mohali,Zirakpur,4,BHK,2000.0,Owner,0,1,1,130.0,71.02,52.81,115.56,58.98,45.37,0
28881,Mumbai,Mira Road,3,BHK,1158.882837,Dealer,0,1,1,100.0,120.41,83.84,178.68,20.41,20.41,1
2007,Lalitpur,Shastri Nagar,3,BHK,1327.895286,Dealer,0,1,1,420.0,212.32,74.06,278.85,207.68,49.45,0
20038,Kolkata,BataNagar,2,BHK,725.0418292999999,Owner,0,1,1,26.0,33.23,21.78,40.25,7.23,27.81,1
19887,Vadodara,New Karelibaug,2,BHK,1000.0,Dealer,0,1,1,28.0,28.03,21.64,46.33,0.03,0.11,1
27326,Noida,Sector-137 Noida,3,BHK,1895.016108,Dealer,1,1,1,100.0,96.72,76.72,125.55,3.28,3.28,1
489,Kolkata,Nager Bazar,3,BHK,1473.005999,Dealer,0,1,1,66.3,86.99,49.7,137.45,20.69,31.21,1
3308,Lalitpur,Roadpali,2,BHK,1139.04709,Dealer,0,1,1,82.0,108.15,61.37,170.41,26.15,31.89,1
21675,Mumbai,Karjat,1,BHK,534.8101266,Builder,1,1,0,16.9,20.83,12.42,74.63,3.93,23.25,1
26328,Chennai,Valasaravakkam,3,BHK,1200.160021,Dealer,0,1,1,90.0,79.8,44.86,95.57,10.2,11.33,1
10302,Lalitpur,Sector 10 Kharghar,3,BHK,1318.154584,Dealer,0,1,1,110.0,162.32,118.18,225.59,52.32,47.56,0
21704,Lalitpur,Ambivali,3,BHK,1224.489796,Dealer,1,1,1,240.0,174.02,67.41,265.79,65.98,27.49,1
8221,Faridabad,Sector 80 Faridabad,3,BHK,1571.574991,Dealer,1,1,1,46.0,59.08,43.36,68.39,13.08,28.43,1
6284,Sabarkantha,Himatnagar,2,BHK,999.3943065,Owner,0,1,1,16.5,35.26,18.27,49.92,18.76,113.7,0
13659,Lalitpur,Sector 20 Kharghar,2,BHK,1000.0,Dealer,0,1,1,100.0,102.51,81.52,148.26,2.51,2.51,1
17209,Bangalore,Vijinapura,2,BHK,1289.740699,Dealer,0,1,1,57.2,82.83,51.48,112.04,25.63,44.81,1
27360,Mohali,Sector-126 Mohali,2,BHK,950.1187648,Owner,0,1,1,20.0,24.48,19.11,44.1,4.48,22.4,1
11222,Ghaziabad,Raj Nagar Extension,2,BHK,1018.722467,Dealer,0,1,1,37.0,34.56,25.02,43.71,2.44,6.59,1
8830,Noida,Sector-118 Noida,2,BHK,1020.199959,Owner,1,1,1,50.0,47.62,39.86,56.85,2.38,4.76,1
28425,Lucknow,Sector G Ashiyana,1,BHK,300.0,Owner,0,1,1,18.0,13.99,6.23,21.24,4.01,22.28,1
18880,Mumbai,Juhu,3,BHK,1800.0179999999998,Dealer,0,1,1,1200.0,723.09,211.1,741.09,476.91,39.74,0
27714,Bangalore,Whitefield,3,BHK,1545.215101,Dealer,0,1,1,88.0,100.11,68.85,129.89,12.11,13.76,1
14962,Noida,Centre Noida,2,BHK,1095.156972,Owner,0,1,1,45.0,56.74,43.45,79.82,11.74,26.09,1
8662,Bangalore,BEML Layout,3,BHK,1524.528302,Dealer,0,1,1,80.8,95.37,68.52,128.29,14.57,18.03,1
4216,Bangalore,Viswapriya Layout,2,BHK,1025.115325,Owner,0,1,1,40.0,56.66,37.38,73.16,16.66,41.65,1
18612,Faridabad,Sector 86 Faridabad,2,BHK,592.0886873,Dealer,1,1,1,23.5,21.31,20.82,27.72,2.19,9.32,1
20148,Kanchipuram,Kazhipattur,2,BHK,950.1187648,Owner,0,1,1,48.0,30.81,23.86,50.93,17.19,35.81,1
5611,Kochi,Thammanam,2,BHK,1048.951049,Owner,0,1,1,45.0,43.97,33.85,55.09,1.03,2.29,1
3322,Palghar,Mahim,2,BHK,807.1428571,Dealer,1,0,1,22.6,21.66,18.8,75.13,0.94,4.16,1
12711,Bharuch,Ankleshwar,2,BHK,1184.475806,Owner,0,1,1,23.5,33.44,18.21,46.64,9.94,42.3,1
3287,Raigad,Mahad,2,BHK,725.0580046,Owner,0,1,1,25.0,31.05,21.24,42.71,6.05,24.2,1
22094,Lalitpur,Powai,2,BHK,1010.037245,Dealer,0,1,1,160.0,185.71,146.56,250.19,25.71,16.07,1
9468,Lalitpur,Mulund (West),3,BHK,990.4827527,Dealer,1,0,1,230.0,215.82,151.58,259.77,14.18,6.17,1
26588,Noida,Sector-107 Noida,2,BHK,1293.514108,Dealer,1,1,1,70.6,66.72,51.99,78.33,3.88,5.5,1
24852,Kanpur,Ratan Lal Nagar,3,BHK,1700.235417,Owner,0,1,1,65.0,75.79,44.62,97.92,10.79,16.6,1
29068,Pune,Hinjewadi,3,BHK,1350.032531,Dealer,0,0,1,83.0,90.91,68.7,128.56,7.91,9.53,1
2837,Lalitpur,Garodia Nagar,1,BHK,566.0048763,Dealer,0,1,1,130.0,98.91,79.95,128.84,31.09,23.92,0
20370,Chennai,Moolakadai,1,BHK,580.0,Owner,0,1,1,37.7,28.85,20.89,40.28,8.85,23.47,1
19577,Visakhapatnam,HB Colony,2,BHK,1000.0,Owner,0,1,1,55.0,33.97,21.31,47.84,21.03,38.24,0
16461,Madurai,Ellis Nagar,2,BHK,950.0285009,Owner,0,1,1,50.0,33.66,23.35,49.63,16.34,32.68,0
20703,Pune,Pimpri Chinchwad,2,BHK,1270.186899,Owner,0,1,1,70.0,81.9,62.01,111.36,11.9,17.0,1
13183,Maharashtra,Sector 22 Kamothe,1,BHK,620.0055112000001,Dealer,0,1,1,45.0,51.9,34.96,86.58,6.9,15.33,1
16449,Mumbai,DN Nagar,2,BHK,652.4630480000001,Dealer,1,0,0,260.0,62.88,28.57,139.33,197.12,75.82,0
6750,Faridabad,Sector 77 Faridabad,2,BHK,1189.169411,Dealer,0,1,1,32.5,37.0,31.15,48.57,4.5,13.85,1
293,Jaipur,Pratap Nagar,1,BHK,728.9473684,Dealer,0,1,1,27.7,18.73,16.46,31.92,8.97,32.38,1
8952,Lalitpur,Ghodbunder Road,1,BHK,700.0283795,Dealer,0,1,1,74.0,64.84,26.22,105.59,9.16,12.38,1
5077,Pune,NIBM,2,BHK,1150.086256,Dealer,0,1,1,100.0,71.76,55.13,104.23,28.24,28.24,1
7145,Lalitpur,Chembur,2,BHK,750.0144234,Dealer,0,1,1,130.0,182.3,136.03,251.76,52.3,40.23,0
27740,Faridabad,Sector 88 Faridabad,3,BHK,1835.423677,Dealer,1,1,1,60.0,67.09,56.13,78.47,7.09,11.82,1
25488,Bangalore,Sahakara Nagar,2,BHK,1165.077924,Owner,0,1,1,77.0,64.78,45.09,90.13,12.22,15.87,1
14065,Pune,Sathe Vasti Lohegaon,1,BHK,677.0480704,Owner,0,1,1,30.0,31.42,24.28,41.62,1.42,4.73,1
16183,Jaipur,Taru Chhaya Nagar,3,BHK,1800.0391309999998,Owner,0,1,1,92.0,83.44,44.9,122.77,8.56,9.3,1
23395,Lalitpur,Anand Nagar,2,BHK,1220.037319,Dealer,0,1,1,170.0,195.06,74.99,212.01,25.06,14.74,1
12726,Bangalore,Ambedkar Nagar,4,BHK,3584.229391,Dealer,0,1,1,290.0,394.94,228.58,526.9,104.94,36.19,1
24362,Bangalore,Rachenahalli,3,BHK,1459.854015,Dealer,1,1,1,78.0,84.32,63.56,136.85,6.32,8.1,1
6970,Bangalore,Sarjapur Road,3,BHK,1571.980143,Dealer,1,1,1,85.5,94.7,69.83,120.21,9.2,10.76,1
18889,Kolkata,Karunamoyee,3,BHK,1250.0,Owner,0,1,1,62.0,59.64,40.41,78.07,2.36,3.81,1
7449,Pune,Dhanori,2,BHK,1150.054765,Dealer,0,1,1,63.0,74.0,53.87,104.01,11.0,17.46,1
1777,Bangalore,Bhuvaneshwari Nagar,2,BHK,960.1024109,Owner,0,1,1,45.0,53.98,32.75,70.67,8.98,19.96,1
4355,Pune,Kothrud,1,BHK,697.0849176,Dealer,0,1,1,55.0,58.31,34.24,65.22,3.31,6.02,1
28252,Lalitpur,Sector-15 Ghansoli,2,BHK,990.4912837000002,Dealer,1,1,1,100.0,101.04,54.82,147.46,1.04,1.04,1
3310,Pune,Talegaon Dabhade,2,BHK,946.3414634,Dealer,1,1,1,29.1,50.31,43.66,73.79,21.21,72.89,0
20630,Chandigarh,Zirakpur,2,BHK,1154.451085,Dealer,1,1,1,36.7,36.42,33.44,51.0,0.28,0.76,1
26089,Maharashtra,Mulund (East),2,BHK,1050.030883,Dealer,0,1,1,170.0,156.03,120.95,170.79,13.97,8.22,1
22432,Lalitpur,Hiranandani Estate,2,BHK,864.8274669,Dealer,1,1,1,100.0,115.41,85.62,144.28,15.41,15.41,1
15061,Lalitpur,Manpada,3,BHK,1795.0708329999998,Dealer,0,1,1,370.0,317.57,91.9,417.39,52.43,14.17,1
21544,Pune,Pisoli,3,BHK,1245.189042,Dealer,1,1,1,55.0,88.1,62.58,110.9,33.1,60.18,0
7933,Mumbai,Mira Road East,2,BHK,938.0863038999998,Dealer,0,1,1,95.0,77.93,67.92,94.31,17.07,17.97,0
13322,Lalitpur,Kharadi,2,BHK,461.4792975,Dealer,1,0,0,36.0,73.67,36.56,118.23,37.67,104.64,0
11840,Vadodara,Harni,2,BHK,1000.0,Dealer,0,1,1,34.0,29.5,22.3,43.0,4.5,13.24,1
14998,Mumbai,Majiwada,1,BHK,454.0117417,Dealer,1,0,0,58.0,72.51,51.69,86.71,14.51,25.02,1
3022,Ranchi,Lalpur,3,BHK,2637.594514,Dealer,0,0,1,150.0,147.89,82.06,208.69,2.11,1.41,1
14226,Palakkad,Ollavakode,3,BHK,1300.284437,Owner,0,1,1,32.0,53.08,36.7,70.32,21.08,65.88,0
6792,Gurgaon,Sector-86 Gurgaon,3,BHK,1895.043732,Dealer,0,1,1,130.0,107.17,90.66,143.02,22.83,17.56,1
25948,Bhubaneswar,Palasuni,3,BHK,1750.0,Dealer,1,1,1,87.5,99.76,64.02,149.31,12.26,14.01,1
11100,Lalitpur,Eksar,2,BHK,696.969697,Dealer,0,1,1,230.0,107.32,41.74,183.0,122.68,53.34,0
19978,Indore,Tulsi Nagar,4,BHK,2894.7368420000003,Dealer,1,1,1,110.0,108.32,108.34,222.89,1.68,1.53,1
11007,Chennai,Anakaputhur,2,BHK,784.4212836,Owner,0,1,1,28.6,37.12,26.3,52.4,8.52,29.79,1
17471,Visakhapatnam,Yendada,2,BHK,1150.1880119999998,Dealer,0,0,1,52.0,44.35,29.87,56.88,7.65,14.71,1
21749,Chandigarh,Sector-49 Chandigarh,3,BHK,1450.116009,Dealer,0,1,1,75.0,95.48,43.93,120.83,20.48,27.31,1
6337,Maharashtra,Marol,3,BHK,1373.855121,Dealer,1,1,1,330.0,300.24,198.92,383.73,29.76,9.02,1
7163,Ghaziabad,Sahibabad,3,BHK,1275.103602,Owner,0,1,1,80.0,60.46,37.54,80.95,19.54,24.42,1
7834,Jaipur,Malviya Nagar,2,BHK,1188.2352939999998,Dealer,1,0,1,40.4,43.58,28.11,59.4,3.18,7.87,1
6110,Maharashtra,Vikhroli (West),1,BHK,404.5268481,Dealer,1,0,0,84.0,116.39,65.48,110.95,32.39,38.56,1
12829,Mumbai,Malad (West),2,BHK,935.0163628,Dealer,0,1,1,140.0,152.75,128.23,194.55,12.75,9.11,1
8201,Gurgaon,Sector-92 Gurgaon,4,BHK,2300.070771,Dealer,0,1,1,130.0,135.41,101.12,201.11,5.41,4.16,1
20497,Bangalore,Choodasandra,3,BHK,1315.23569,Dealer,0,1,1,62.5,71.66,51.77,96.85,9.16,14.66,1
26445,Chandigarh,Zirakpur,2,BHK,1310.06865,Dealer,1,0,1,45.8,48.2,39.99,57.14,2.4,5.24,1
11303,Ajmer,Makadwali,1,BHK,409.8791382,Builder,1,0,0,7.8,12.76,7.61,13.66,4.96,63.59,1
15467,Kolkata,Khardah,1,BHK,650.1422186000001,Owner,0,1,1,16.0,28.94,13.23,26.53,12.94,80.88,1
18995,Gurgaon,Sector-109 Gurgaon,4,BHK,2977.398836,Dealer,0,1,1,220.0,215.29,183.73,320.42,4.71,2.14,1
25071,Lalitpur,Sector-35G Kharghar,2,BHK,1060.028585,Dealer,0,1,1,89.0,107.45,54.58,163.6,18.45,20.73,1
22885,Faridabad,Sector 86 Faridabad,2,BHK,1358.024691,Dealer,0,1,1,38.5,46.63,37.99,56.37,8.13,21.12,1
2513,Mohali,Sector-88 Mohali,3,BHK,1563.1556859999998,Dealer,1,0,1,74.5,70.99,47.58,79.39,3.51,4.71,1
25601,Jaipur,Dadi Ka Phatak,3,BHK,1100.3757380000002,Dealer,0,1,1,20.5,32.63,18.49,50.05,12.13,59.17,1
18781,Bangalore,Thanisandra,2,BHK,626.2589268999999,Dealer,1,0,0,68.4,44.83,29.92,62.12,23.57,34.46,0
25667,Jaipur,Ajmer Road,3,BHK,1644.736842,Owner,0,1,1,60.0,58.3,36.91,82.31,1.7,2.83,1
23903,Noida,Sector-93 B Noida,2,BHK,1110.083256,Dealer,0,1,1,60.0,50.36,40.54,67.59,9.64,16.07,1
21301,Mumbai,Manpada,3,BHK,952.09759,Dealer,1,1,0,160.0,167.84,116.15,183.52,7.84,4.9,1
10204,Lalitpur,Taloja,2,BHK,875.0754375,Dealer,1,1,1,43.5,110.76,44.84,174.83,67.26,154.62,0
15970,Bangalore,Electronics City Phase 1,3,BHK,1574.939425,Dealer,0,1,1,91.0,89.45,65.16,120.37,1.55,1.7,1
9450,Bhubaneswar,Patia,3,BHK,1480.974541,Dealer,0,1,1,54.1,65.85,44.92,94.64,11.75,21.72,1
10080,Pune,Kharadi,2,BHK,1257.861635,Dealer,1,1,1,110.0,92.86,63.22,108.72,17.14,15.58,0
645,Jaipur,Bani Park,3,BHK,1800.288046,Dealer,0,1,1,75.0,75.97,44.14,104.11,0.97,1.29,1
11381,Chandigarh,Zirakpur,3,BHK,1895.444818,Dealer,0,1,1,62.0,65.24,52.59,79.9,3.24,5.23,1
9642,Noida,Sector-77 Noida,2,BHK,1295.196978,Dealer,0,1,1,72.0,62.05,49.98,78.79,9.95,13.82,1
20101,Dehradun,Chakrata Road,3,BHK,2300.426569,Owner,0,0,1,75.5,110.36,55.06,130.22,34.86,46.17,1
16708,Kolkata,Rajarhat,3,BHK,1122.2256960000002,Dealer,0,1,1,35.9,53.22,36.59,84.31,17.32,48.25,0
3802,Mumbai,Nerul,3,BHK,1700.07792,Dealer,1,0,1,240.0,210.04,131.57,248.12,29.96,12.48,1
16965,Noida,sector-121 Noida,3,BHK,1350.024546,Owner,1,1,1,110.0,74.48,50.57,80.57,35.52,32.29,0
26469,Kolkata,Kaikhali,2,BHK,847.2222222000001,Dealer,0,1,1,30.5,27.75,20.28,42.27,2.75,9.02,1
29154,Pune,Mamurdi,2,BHK,832.7781478999999,Dealer,0,0,1,25.0,44.02,35.78,70.26,19.02,76.08,0
8954,Ghaziabad,Vaibhav Khand,2,BHK,1385.041551,Dealer,0,1,1,65.0,66.87,44.11,87.19,1.87,2.88,1
960,Kolhapur,Hari Om Nagar,1,BHK,550.0550055,Owner,0,1,1,25.0,19.6,12.05,29.87,5.4,21.6,1
19565,Bangalore,Narayana Nagar 1st Block,4,BHK,3000.0,Owner,0,1,1,150.0,261.43,168.64,431.77,111.43,74.29,0
3410,Noida,Sector-150 Noida,3,BHK,1675.009626,Dealer,0,1,1,87.0,82.14,71.38,111.54,4.86,5.59,1
16018,Chennai,Jayapriya Nagar,2,BHK,954.0547326,Dealer,0,1,1,38.0,52.72,24.22,67.17,14.72,38.74,1
24016,Nagpur,Dabha,2,BHK,919.8423127,Owner,0,1,1,35.0,36.44,23.21,50.16,1.44,4.11,1
5979,Mohali,Sector-66A Mohali,3,BHK,2485.659656,Dealer,1,1,1,130.0,122.57,86.87,143.35,7.43,5.72,1
20009,Lalitpur,Taloja,1,BHK,725.0880463999999,Dealer,0,1,1,35.0,58.92,26.16,105.59,23.92,68.34,1
26065,Lalitpur,Malad (East),3,BHK,1950.10423,Dealer,1,1,1,290.0,287.47,257.6,410.87,2.53,0.87,1
4240,Chennai,Kambar Nagar,1,BHK,525.0875146000001,Owner,0,1,1,27.0,25.22,16.41,37.91,1.78,6.59,1
10641,Pune,Manjari Khurd,2,BHK,890.0373241000001,Dealer,1,0,1,31.0,50.56,35.79,77.67,19.56,63.1,0
28320,Bhuj,Madhapar,1,BHK,499.0494297,Owner,0,1,1,10.5,16.18,12.98,25.61,5.68,54.1,0
23558,Bangalore,Thanisandra,2,BHK,1165.892099,Builder,1,0,0,57.7,63.41,48.41,80.51,5.71,9.9,1
14132,Pune,Baner,3,BHK,1584.576786,Dealer,1,1,0,120.0,128.53,86.77,165.84,8.53,7.11,1
2327,Gurgaon,Sector-95 Gurgaon,2,BHK,1096.950387,Dealer,1,0,1,24.1,57.78,39.51,96.27,33.68,139.75,0
14155,Surat,ambikani ketan,2,BHK,981.0333551,Owner,0,1,1,45.0,35.68,31.28,54.52,9.32,20.71,1
15156,Chandigarh,Zirakpur,3,BHK,1580.404096,Dealer,1,1,1,57.1,56.87,44.31,68.85,0.23,0.4,1
16661,Chennai,Saidapet,1,BHK,712.0058925,Dealer,0,1,1,58.0,54.5,27.87,66.14,3.5,6.03,1
15886,Bhubaneswar,Patia,2,BHK,1106.147628,Owner,0,1,1,52.0,42.43,33.2,62.27,9.57,18.4,1
24401,Faridabad,Sector 48 Faridabad,3,BHK,1700.1545600000002,Dealer,0,1,1,55.0,77.05,49.28,91.89,22.05,40.09,1
8050,Pune,Wakad,4,BHK,2883.922134,Dealer,0,0,1,240.0,251.67,200.35,401.46,11.67,4.86,1
11835,Pune,Rahatani,2,BHK,1172.103927,Owner,0,1,1,60.0,72.15,58.9,94.49,12.15,20.25,1
28594,Chennai,New perungalathur,2,BHK,1068.168576,Owner,0,1,1,55.0,51.37,37.85,66.56,3.63,6.6,1
2994,Kolkata,Maheshtala,3,BHK,1235.839341,Owner,0,1,1,36.0,57.82,38.77,77.02,21.82,60.61,0
8747,Jaipur,Ajmer Road,3,BHK,1763.307985,Dealer,1,1,1,37.1,73.8,46.47,101.24,36.7,98.92,0
1210,Noida,Sector-134 Noida,3,BHK,1424.4091939999998,Dealer,1,1,1,44.0,64.72,49.32,85.1,20.72,47.09,0
10364,Bangalore,Baba Nagar,2,BHK,700.0259269,Owner,0,1,1,27.0,36.71,18.81,45.93,9.71,35.96,1
484,Chennai,New perungalathur,1,BHK,502.6315789,Dealer,1,0,0,19.1,29.84,23.53,39.79,10.74,56.23,0
27084,Mumbai,Bhakti Park,2,BHK,920.0,Dealer,0,1,1,230.0,174.1,130.9,239.73,55.9,24.3,1
8967,Bhubaneswar,Patia,2,BHK,1176.124669,Dealer,0,1,1,40.0,50.88,36.98,66.24,10.88,27.2,1
9287,Chennai,Porur,3,BHK,1686.874012,Dealer,0,1,1,160.0,110.21,76.98,171.48,49.79,31.12,1
18747,Valsad,RM Park,2,BHK,1148.447469,Owner,0,1,1,27.0,18.12,14.68,52.15,8.88,32.89,1
6247,Goa,Arpora,1,BHK,380.0114003,Owner,0,1,1,40.0,25.95,12.28,34.71,14.05,35.12,0
1331,Pune,Moshi,1,BHK,470.0162075,Dealer,1,1,1,29.0,32.94,24.47,38.0,3.94,13.59,1
22835,Jaipur,Mansarovar,2,BHK,1059.907834,Owner,0,1,1,23.0,32.37,21.95,48.34,9.37,40.74,1
23350,Bangalore,Rajaji Nagar,4,BHK,2690.012716,Owner,0,1,1,550.0,242.26,131.01,372.65,307.74,55.95,0
2885,Mumbai,Bandra (West),2,BHK,1052.983024,Dealer,0,1,1,410.0,397.45,143.34,340.66,12.55,3.06,0
21690,Madurai,Subramaniapuram,8,BHK,1250.0,Owner,0,1,1,100.0,202.69,37.14,107.92,102.69,102.69,1
26699,Amravati,Joshi Colony,2,BHK,1480.086114,Owner,0,1,1,55.0,49.98,31.95,80.79,5.02,9.13,1
7015,Kanpur,MAHADEVAN Temple,4,BHK,999.0917348,Owner,0,1,1,22.0,58.98,26.19,67.16,36.98,168.09,0
13901,Ghaziabad,Crossing Republik,3,BHK,1695.378726,Owner,0,1,1,62.0,64.4,53.22,101.31,2.4,3.87,1
22855,Margao,Gogol,2,BHK,1102.071006,Builder,1,0,0,59.6,46.55,38.83,58.91,13.05,21.9,0
7751,Udaipur,Balicha,1,BHK,415.0943396,Owner,0,1,1,11.0,14.27,8.01,20.0,3.27,29.73,1
16976,Maharashtra,JK Gram,1,BHK,402.8461959,Dealer,1,0,0,73.6,68.29,34.95,88.58,5.31,7.21,1
13083,Kolkata,New Alipore,4,BHK,1660.377358,Dealer,0,0,0,220.0,186.98,65.35,202.96,33.02,15.01,0
11906,Faridabad,Sector 84 Faridabad,3,BHK,1400.055448,Dealer,0,1,1,50.5,47.51,39.6,54.26,2.99,5.92,1
8688,Bangalore,Rajaji Nagar,2,BHK,1197.60479,Dealer,1,1,1,100.0,102.29,50.88,110.07,2.29,2.29,1
15090,Nagpur,Manish Nagar,3,BHK,1400.0,Dealer,0,1,1,56.0,62.14,40.38,94.14,6.14,10.96,1
17802,Bangalore,Gubbalala,2,BHK,950.1689189,Owner,0,1,1,45.0,50.23,32.75,65.55,5.23,11.62,1
12526,Kolkata,Maheshtala,2,BHK,712.1057986000001,Owner,0,1,1,28.0,28.23,21.52,39.25,0.23,0.82,1
934,Ghaziabad,Raj Nagar Extension,2,BHK,1320.233344,Dealer,1,1,1,43.0,52.17,37.98,59.42,9.17,21.33,1
7391,Rewari,ARAVLI HEIGHTS,3,BHK,1555.693839,Dealer,0,1,1,25.0,46.31,31.43,68.3,21.31,85.24,0
14167,Mohali,Sector-66b Mohali,3,BHK,1400.0,Dealer,1,0,1,67.2,55.72,41.16,60.84,11.48,17.08,0
26521,Maharashtra,Ulwe,2,BHK,1190.121988,Dealer,0,1,1,80.0,119.22,85.71,153.97,39.22,49.02,0
12689,Bangalore,Thanisandra,2,BHK,1018.14059,Dealer,1,1,1,44.9,54.66,43.39,77.17,9.76,21.74,1
21826,Mumbai,Worli,3,BHK,1404.954807,Dealer,0,0,1,600.0,565.85,198.88,750.19,34.15,5.69,1
16305,Palghar,Virar East,1,BHK,600.0,Owner,0,1,1,18.0,40.97,13.08,29.7,22.97,127.61,1
14591,Pune,Hadapsar,2,BHK,905.0772627,Dealer,0,1,1,41.0,62.34,41.07,84.93,21.34,52.05,0
26080,Surat,PAL,2,BHK,1241.036955,Dealer,0,1,1,45.0,44.76,35.68,59.66,0.24,0.53,1
5284,Bangalore,Konanakunte,4,BHK,2710.0271,Dealer,1,0,1,230.0,241.17,154.53,336.06,11.17,4.86,1
15099,Dharuhera,Sector - 6 Dharuhera,2,BHK,1340.996169,Dealer,0,1,1,35.0,34.29,26.73,53.66,0.71,2.03,1
12273,Pune,Keshav Nagar,2,BHK,858.0523803,Dealer,0,1,1,59.3,53.63,17.2,71.11,5.67,9.56,1
26121,Maharashtra,DN Nagar,3,BHK,1350.048216,Dealer,1,1,1,280.0,240.06,45.14,270.52,39.94,14.26,0
19265,Ghaziabad,Bhopura,2,BHK,961.383749,Owner,1,1,1,23.9,34.45,23.98,49.04,10.55,44.14,0
15178,Pune,Dighi,1,BHK,639.0434962,Owner,0,1,1,31.0,33.39,15.21,36.43,2.39,7.71,1
6538,Mumbai,Sector-18 Ulwe,1,BHK,656.0603576000001,Dealer,1,1,1,40.0,52.88,43.57,87.94,12.88,32.2,0
9446,Indore,Bicholi Mardana,3,BHK,1434.375,Dealer,0,1,1,45.9,47.71,32.28,62.87,1.81,3.94,1
2237,Bangalore,yelahanka/Jakkur,3,BHK,1852.224683,Owner,0,1,1,92.0,119.3,88.43,173.97,27.3,29.67,1
12473,Mumbai,Virar West,2,BHK,950.0886749,Dealer,1,1,1,37.5,66.4,42.19,109.11,28.9,77.07,0
14954,Vadodara,Khodiyar Nagar,2,BHK,1120.0,Owner,1,1,1,35.0,32.3,23.51,38.83,2.7,7.71,1
3685,Bangalore,Whitefield,4,BHK,3386.2680990000003,Dealer,0,1,1,290.0,234.83,204.86,393.48,55.17,19.02,1
26146,Faridabad,Sector 88 Faridabad,2,BHK,1339.218159,Dealer,0,1,1,53.1,46.82,40.21,53.0,6.28,11.83,0
23116,Bangalore,Belathur,3,BHK,1584.933806,Owner,0,1,1,85.0,89.25,67.99,127.26,4.25,5.0,1
11677,Noida,Sector-70 Noida,3,BHK,1445.652174,Dealer,1,1,1,66.5,69.71,49.54,85.18,3.21,4.83,1
15400,Surat,Amroli,1,BHK,700.0736919999999,Owner,0,1,1,9.5,460.96,11.6,30.1,451.46,4752.21,0
9580,Noida,Sector-45 Noida,3,BHK,1803.551609,Dealer,0,1,1,130.0,103.04,72.98,133.91,26.96,20.74,1
12578,Bangalore,Harlur,2,BHK,1200.107875,Dealer,1,1,1,89.0,81.27,50.88,104.7,7.73,8.69,1
29234,Bangalore,Nagarbhavi,3,BHK,1369.911504,Owner,0,1,1,77.4,73.88,55.31,108.4,3.52,4.55,1
24058,Bangalore,JP Nagar,3,BHK,1689.5969100000002,Owner,1,0,1,140.0,113.64,84.13,148.5,26.36,18.83,1
516,Bhubaneswar,Shastri Nagar,2,BHK,1192.307692,Dealer,0,1,1,62.0,58.57,32.75,56.45,3.43,5.53,0
19421,Pune,NIBM,2,BHK,900.0620732000001,Dealer,0,1,1,58.0,55.09,36.26,74.88,2.91,5.02,1
25321,Lalitpur,Goregaon (East),4,BHK,2203.036618,Dealer,0,1,1,740.0,617.2,284.42,727.35,122.8,16.59,0
29335,Allahabad,Gadiwantola,3,BHK,1200.154859,Dealer,0,1,1,62.0,46.85,25.89,65.41,15.15,24.44,1
28534,Noida,Sector-107 Noida,4,BHK,4482.071713,Dealer,1,0,1,360.0,406.07,190.26,559.91,46.07,12.8,1
25243,Chennai,Kamakoti Nagar,2,BHK,1346.718903,Owner,0,1,1,55.0,73.14,53.04,144.26,18.14,32.98,1
23234,Bangalore,Kanakpura Road,3,BHK,1817.080557,Dealer,0,1,1,120.0,136.11,95.42,156.35,16.11,13.42,1
24719,Maharashtra,Powai,2,BHK,1033.004494,Owner,0,1,1,200.0,148.46,56.05,202.1,51.54,25.77,1
20409,Lalitpur,Gowalia Tank,2,BHK,700.7708478999999,Dealer,0,1,1,380.0,105.99,41.74,183.0,274.01,72.11,0
28113,Meerut,Modipuram,2,BHK,1082.334751,Owner,1,1,1,28.0,31.85,23.35,47.06,3.85,13.75,1
12311,Lalitpur,Mira Road,1,BHK,699.9351912000001,Dealer,0,1,1,54.0,64.99,51.07,64.53,10.99,20.35,1
1466,Noida,Sector-143 Noida,3,BHK,1340.146548,Dealer,1,1,1,69.5,57.98,45.2,82.53,11.52,16.58,1
22900,Lalitpur,Nalasopara (West),1,BHK,545.0185306,Dealer,1,1,1,25.0,56.31,26.99,80.22,31.31,125.24,0
22206,Kochi,Marine Drive,4,BHK,2615.3114600000004,Dealer,0,1,1,220.0,198.41,121.71,317.09,21.59,9.81,1
12249,Jaipur,Jagatpura,2,BHK,1155.042203,Dealer,0,1,1,26.0,35.35,24.39,55.8,9.35,35.96,1
22706,Guwahati,VIP Road,3,BHK,1163.027953,Dealer,0,0,1,57.0,36.83,23.28,55.64,20.17,35.39,0
29107,Visakhapatnam,Sujatha Nagar,2,BHK,1200.0,Dealer,0,0,1,44.4,48.7,30.36,59.84,4.3,9.68,1
11911,Jaipur,Tonk Road,2,BHK,1050.328228,Dealer,1,1,1,33.6,31.84,24.52,44.35,1.76,5.24,1
11534,Ghaziabad,Sector-4 Vaishali,3,BHK,1855.28757,Dealer,1,1,1,110.0,117.34,60.17,141.28,7.34,6.67,1
28081,Bangalore,Talaghattapura,3,BHK,1715.265866,Owner,0,1,1,110.0,104.44,76.61,138.13,5.56,5.05,1
19273,Lalitpur,Chembur (East),3,BHK,1468.109401,Dealer,1,1,1,270.0,311.7,214.23,423.37,41.7,15.44,1
28500,Lalitpur,Sector 5 Ulwe,3,BHK,1638.672675,Dealer,0,1,1,120.0,188.98,89.47,276.31,68.98,57.48,1
20610,Bangalore,Thanisandra Main Road,2,BHK,1020.176831,Dealer,0,1,1,45.0,54.49,39.29,77.63,9.49,21.09,1
7329,Maharashtra,Jacob Circle,5,BHK,3693.002846,Dealer,0,1,1,1700.0,1700.41,374.06,1984.1,0.41,0.02,1
22125,Kolhapur,Nagala Park,2,BHK,1070.854899,Owner,0,1,1,60.0,42.38,35.01,57.13,17.62,29.37,0
24949,Maharashtra,Powai,2,BHK,859.7147769999999,Dealer,0,1,1,170.0,184.89,132.72,253.87,14.89,8.76,1
5641,Chandigarh,Zirakpur,3,BHK,1400.386847,Owner,0,1,1,36.2,50.52,36.31,63.83,14.32,39.56,0
6314,Kolkata,Narendrapur,3,BHK,1247.030879,Dealer,0,1,1,52.5,57.36,40.11,83.12,4.86,9.26,1
22726,Bhiwadi,Alwar Bypass Road,2,BHK,1094.391245,Dealer,0,1,1,24.0,25.74,18.57,39.15,1.74,7.25,1
11171,Mumbai,Lower Parel,4,BHK,3887.908604,Dealer,0,1,1,1300.0,1191.34,368.93,1780.71,108.66,8.36,1
18374,Pune,Pimple Saudagar,2,BHK,1050.105011,Dealer,0,1,1,70.0,67.43,56.55,81.59,2.57,3.67,1
19622,Noida,Noida Extension,2,BHK,995.1586875,Owner,1,1,1,37.0,38.54,31.59,53.87,1.54,4.16,1
16522,Mumbai,Lokhandwala Kandivali East,4,BHK,2360.056051,Dealer,0,1,1,320.0,309.6,262.49,545.83,10.4,3.25,1
27757,Maharashtra,Thakur Village,3,BHK,1677.4685470000002,Dealer,1,0,1,220.0,270.2,87.88,302.7,50.2,22.82,1
17027,Panipat,Faridpur,3,BHK,2243.060765,Owner,1,1,1,29.9,100.04,49.68,120.98,70.14,234.58,0
10328,Ghaziabad,Sector-4C Vasundhara,2,BHK,1165.1816310000002,Owner,0,1,1,51.0,49.87,33.91,65.65,1.13,2.22,1
17760,Palghar,Virar East,1,BHK,450.02368550000006,Owner,0,1,1,19.0,4.51,11.46,30.01,14.49,76.26,1
2923,Dehradun,Kulhan,3,BHK,2350.094111,Dealer,1,1,1,87.4,105.77,64.05,133.29,18.37,21.02,1
11284,Chandigarh,Zirakpur,4,BHK,2250.512145,Dealer,1,0,1,76.9,87.16,73.3,117.07,10.26,13.34,1
232,Visakhapatnam,Venkojipalem,2,BHK,1000.0,Owner,0,1,1,50.0,33.97,20.84,51.45,16.03,32.06,1
26914,Thrissur,Mulagunnathukavu,2,BHK,800.0,Builder,0,1,0,24.0,28.19,22.91,39.7,4.19,17.46,1
27170,Coimbatore,Podanur,2,BHK,960.0,Owner,0,1,1,42.0,35.76,24.37,51.8,6.24,14.86,1
4990,Kolkata,New Town,3,BHK,866.0869564999999,Builder,0,1,0,24.9,30.27,24.67,59.7,5.37,21.57,1
15446,Ranchi,Oyna,3,BHK,1590.306702,Owner,0,1,1,42.0,58.83,39.41,74.95,16.83,40.07,1
3543,Bangalore,Konanakunte,2,BHK,1230.091933,Dealer,1,1,1,95.0,86.3,57.28,97.04,8.7,9.16,1
9831,Mohali,Sector-68 Mohali,3,BHK,1400.124456,Owner,0,1,1,45.0,74.86,40.15,89.55,29.86,66.36,1
23237,Pune,Hinjewadi,2,BHK,836.8580059999999,Dealer,1,0,1,55.4,49.84,38.23,75.8,5.56,10.04,1
16935,Mohali,Sector-104 Mohali,4,BHK,2147.523136,Dealer,1,1,1,78.9,104.08,65.77,123.51,25.18,31.91,1
17651,Chandigarh,Zirakpur,3,BHK,1798.839458,Dealer,1,0,1,65.1,62.77,54.3,79.39,2.33,3.58,1
22319,Jaipur,Murlipura,3,BHK,1200.120012,Owner,0,1,1,40.0,36.18,21.58,55.95,3.82,9.55,1
21460,Noida,Sector-100 Noida,4,BHK,2764.340014,Dealer,1,1,1,160.0,218.96,131.3,300.61,58.96,36.85,1
21133,Bangalore,Nagarbhavi,2,BHK,950.0777336,Owner,0,1,1,55.0,46.49,31.9,65.55,8.51,15.47,1
7345,Vijayawada,Ashok Nagar,2,BHK,917.0946442,Owner,0,1,1,50.0,32.17,21.77,48.0,17.83,35.66,0
5629,Pune,Chakan,1,BHK,637.1271357999999,Owner,1,1,1,22.0,32.72,24.33,41.41,10.72,48.73,0
1564,Chennai,Surapet,2,BHK,1038.062284,Owner,0,1,1,42.0,62.66,37.68,80.37,20.66,49.19,1
3905,Ghaziabad,Ramprastha Greens,3,BHK,1954.022989,Dealer,1,1,1,170.0,129.53,62.58,188.25,40.47,23.81,1
12622,Vadodara,Vasna-Bhayli-Road,3,BHK,1760.082023,Dealer,0,1,1,51.5,57.56,40.71,111.4,6.06,11.77,1
7976,Mohali,Sector-66A Mohali,2,BHK,1064.773736,Dealer,1,0,1,48.0,42.67,29.25,47.73,5.33,11.1,0
11859,Panaji,Caranzalem,2,BHK,1033.30902,Dealer,0,1,1,85.0,69.32,42.69,86.8,15.68,18.45,1
5351,Bhubaneswar,Ghatikia,3,BHK,1549.7011289999998,Owner,0,1,1,70.0,68.84,53.66,98.01,1.16,1.66,1
3687,Bangalore,Whitefield,3,BHK,1751.532591,Dealer,0,1,1,140.0,122.68,78.68,160.24,17.32,12.37,1
12684,Gurgaon,Sector-65 Gurgaon,4,BHK,4040.40404,Dealer,0,1,0,400.0,469.14,229.71,523.74,69.14,17.28,1
27631,Lalitpur,Sector-35D Kharghar,2,BHK,1150.0261369999998,Dealer,1,1,1,110.0,102.43,57.32,149.01,7.57,6.88,1
5255,Lalitpur,Badlapur (East),1,BHK,745.2093682999999,Dealer,0,1,1,21.0,63.01,26.28,105.59,42.01,200.05,0
24724,Ghaziabad,Bhopura,3,BHK,1347.8413480000002,Dealer,1,1,1,38.4,47.65,37.15,85.23,9.25,24.09,1
29236,Mumbai,Oshiwara,3,BHK,1550.021902,Dealer,0,1,1,460.0,247.05,120.93,657.51,212.95,46.29,1
7805,Pune,Undri,3,BHK,1718.75,Dealer,0,0,1,110.0,137.35,84.06,185.09,27.35,24.86,1
27720,Pune,Balewadi,2,BHK,1065.088757,Dealer,1,0,1,72.0,64.75,51.34,84.49,7.25,10.07,1
17568,Maharashtra,Hiranandani Estate,3,BHK,1241.050119,Dealer,0,1,0,130.0,170.15,127.59,207.3,40.15,30.88,1
18621,Pune,Eon Free Zone,4,BHK,5655.042413,Dealer,1,1,1,540.0,562.05,250.84,1088.84,22.05,4.08,1
18106,Bangalore,BSM Extension,2,BHK,900.090009,Owner,0,1,1,30.0,48.68,30.16,58.87,18.68,62.27,0
10708,Chennai,Nallambakkam,2,BHK,700.0391083,Dealer,0,1,1,17.9,29.68,23.57,41.9,11.78,65.81,0
1914,Mumbai,Bevarly Park,2,BHK,899.9653858999999,Dealer,0,1,1,78.0,99.95,73.02,139.35,21.95,28.14,1
11450,Bangalore,Kogilu,2,BHK,1008.517228,Dealer,1,0,0,52.1,59.17,43.17,79.78,7.07,13.57,1
11418,Sindhudurg,Oros,1,BHK,375.0375038,Owner,0,1,1,12.5,17.42,8.6,23.84,4.92,39.36,1
1346,Bangalore,Sadaramangala,2,BHK,1212.250106,Owner,1,1,1,57.0,73.04,52.25,86.55,16.04,28.14,1
21202,Lalitpur,Keshav Nagar,2,BHK,702.459216,Builder,1,0,0,57.7,78.95,25.68,137.26,21.25,36.83,1
21221,Mumbai,Dombivli (East),1,BHK,440.2920962,Dealer,0,1,0,41.0,45.04,29.84,75.0,4.04,9.85,1
5422,Bangalore,Koramangala,3,BHK,1900.070373,Dealer,0,1,1,270.0,149.08,89.25,194.46,120.92,44.79,0
22830,Lalitpur,Taloja Panchanand,1,BHK,700.0,Dealer,1,1,1,35.0,65.15,27.38,105.4,30.15,86.14,1
1481,Patna,Zero Mile,2,BHK,1081.481481,Dealer,0,0,1,29.2,28.54,24.47,44.72,0.66,2.26,1
21037,Bangalore,Bellandur,3,BHK,1767.3521850000002,Dealer,1,0,1,110.0,124.14,81.25,157.82,14.14,12.85,1
28697,Lucknow,Mubarakpur,2,BHK,727.9370432999999,Dealer,1,0,1,25.9,27.39,19.15,46.17,1.49,5.75,1
23458,Lalitpur,JK Gram,1,BHK,402.8461959,Dealer,1,0,0,73.6,83.98,30.96,72.04,10.38,14.1,0
5254,Jalandhar,Pholriwal,4,BHK,2049.446975,Dealer,1,1,1,63.0,60.7,54.25,166.8,2.3,3.65,1
1654,Pune,Wagholi,2,BHK,780.141844,Dealer,1,0,1,33.0,48.61,33.23,70.05,15.61,47.3,0
15111,Lalitpur,Eksar,1,RK,220.0014915,Dealer,0,1,1,59.0,53.03,18.21,67.91,5.97,10.12,1
27834,Bangalore,Konanakunte,4,BHK,2652.519894,Dealer,1,1,1,230.0,225.77,151.88,327.78,4.23,1.84,1
23264,Goa,Gogol,3,BHK,1280.878317,Dealer,0,1,1,56.0,72.09,35.44,95.35,16.09,28.73,1
4008,Jaipur,Patrakar Colony,3,BHK,1349.872309,Owner,0,1,1,37.0,52.15,30.8,83.12,15.15,40.95,1
23411,Bangalore,Harlur,3,BHK,1810.118563,Owner,1,1,1,200.0,130.1,84.3,172.76,69.9,34.95,0
18727,Lalitpur,Seawoods,1,BHK,1750.0,Dealer,0,1,1,210.0,109.83,30.04,418.99,100.17,47.7,1
26187,Noida,Noida Extension,2,BHK,1097.132826,Owner,1,1,1,37.5,44.96,40.75,58.8,7.46,19.89,0
26003,Kolkata,Action Area I,3,BHK,1238.244514,Dealer,0,0,1,63.2,63.44,39.79,104.79,0.24,0.38,1
19237,Bangalore,Kaikondrahalli,2,BHK,1081.18734,Owner,0,1,1,55.0,55.81,39.58,72.79,0.81,1.47,1
2902,Kolkata,Panchasayar,3,BHK,1585.014409,Owner,0,1,1,110.0,97.48,54.98,132.06,12.52,11.38,1
10505,Bhubaneswar,Patia,3,BHK,2007.083825,Owner,0,1,1,85.0,94.58,71.51,202.49,9.58,11.27,1
8169,Chandigarh,Sector-45 Chandigarh,2,BHK,1000.0,Owner,0,1,1,67.9,73.63,27.91,70.0,5.73,8.44,1
28653,Bangalore,Sarjapur Road,2,BHK,1158.860454,Dealer,1,0,1,72.0,61.61,44.87,81.81,10.39,14.43,1
18870,Bangalore,Jakkur,3,BHK,1485.249237,Owner,1,1,1,73.0,92.89,65.0,127.5,19.89,27.25,1
2147,Jamnagar,Gokul Nagar,1,BHK,675.3106429,Owner,0,1,1,12.5,18.63,11.43,28.68,6.13,49.04,1
11724,Bangalore,Hennur,2,BHK,1095.17601,Owner,0,1,1,42.0,58.69,39.44,75.72,16.69,39.74,1
25873,Faridabad,Sector 84 Faridabad,3,BHK,1250.0,Dealer,1,1,1,44.0,43.23,35.67,49.84,0.77,1.75,1
14017,Vadodara,Vasna-Bhayli-Road,3,BHK,1800.0765989999998,Dealer,0,1,1,47.0,54.0,41.66,111.4,7.0,14.89,1
15382,Bangalore,Suraksha Nagar,2,BHK,1214.936573,Dealer,0,1,1,68.0,61.52,37.3,83.01,6.48,9.53,1
7528,Jaipur,Keshopura,2,BHK,1255.049048,Owner,1,1,1,43.5,45.73,32.05,62.16,2.23,5.13,1
25217,Lalitpur,Hiranandani Estate,3,BHK,1925.13369,Dealer,1,1,1,270.0,247.66,196.23,374.55,22.34,8.27,1
1223,Bangalore,Ejipura,2,BHK,1419.920651,Dealer,0,1,1,68.0,92.96,60.79,114.27,24.96,36.71,1
24310,Noida,sector-121 Noida,4,BHK,4400.5867450000005,Dealer,0,0,1,330.0,325.95,154.8,387.14,4.05,1.23,1
3402,Bhopal,Sarvdharm Colony,3,BHK,900.2520706,Owner,0,1,1,25.0,32.13,19.42,50.11,7.13,28.52,1
20824,Bangalore,Whitefield,4,BHK,2500.0,Owner,0,1,1,160.0,216.71,104.94,297.55,56.71,35.44,1
15980,Kolkata,Bhadrakali,2,BHK,550.0550055,Owner,0,1,1,20.0,13.29,13.76,36.44,6.71,33.55,1
29109,Palwal,Alapur,3,BHK,1200.0,Owner,0,1,1,30.0,37.84,22.84,69.08,7.84,26.13,1
17208,Tirupati,Abhaya Kshethram,2,BHK,850.1259446,Owner,0,1,1,27.0,26.44,19.59,42.03,0.56,2.07,1
18240,Dhanbad,Gosaidi,3,BHK,1800.411523,Owner,0,1,1,35.0,65.68,44.49,88.47,30.68,87.66,0
14471,Noida,Sector-137 Noida,4,BHK,1967.720539,Dealer,1,1,1,89.0,108.46,74.88,160.77,19.46,21.87,1
10821,Lalitpur,Goregaon (East),2,BHK,1374.200872,Dealer,1,1,1,230.0,251.43,178.48,339.74,21.43,9.32,1
1727,Mumbai,kavesar,1,BHK,600.0,Dealer,0,1,1,54.0,49.47,20.62,98.98,4.53,8.39,1
26939,Vadodara,New Alkapuri,3,BHK,2177.554439,Dealer,1,1,1,52.0,77.33,52.38,168.31,25.33,48.71,0
11707,Lalitpur,Bhadra Nagar,3,BHK,907.65588,Dealer,1,0,0,92.0,137.25,59.58,259.37,45.25,49.18,1
7847,Mohali,Sector-70 Mohali,1,BHK,500.0,Owner,0,1,1,33.0,24.78,13.41,27.43,8.22,24.91,0
4481,Chennai,Pallikaranai,3,BHK,1921.250495,Dealer,0,1,0,97.1,130.09,86.84,196.5,32.99,33.98,1
14216,Kolkata,Jessore Road,3,BHK,1562.237527,Dealer,0,1,1,93.0,93.75,55.02,149.84,0.75,0.81,1
18634,Visakhapatnam,Sector-11 Mvp Colony,3,BHK,1571.428571,Dealer,0,1,1,110.0,79.34,49.31,98.61,30.66,27.87,0
17813,Maharashtra,Chandivali,2,BHK,1004.408236,Dealer,0,1,1,180.0,152.93,51.43,221.97,27.07,15.04,1
25272,Noida,Sector-75 Noida,3,BHK,1990.44586,Dealer,1,1,1,100.0,122.91,86.02,177.06,22.91,22.91,1
27603,Kolkata,Rajpur,2,BHK,893.9393938999999,Dealer,0,0,0,29.5,35.27,23.82,51.96,5.77,19.56,1
20692,Noida,Sector-150 Noida,3,BHK,1869.158879,Dealer,1,0,1,100.0,100.81,81.89,127.44,0.81,0.81,1
27169,Jamshedpur,Kadma,2,BHK,948.5787288,Owner,0,1,1,29.7,27.76,18.63,41.44,1.94,6.53,1
24937,Kolkata,New Town,3,BHK,1522.007404,Dealer,0,1,1,74.0,79.14,56.24,104.52,5.14,6.95,1
9717,Lalitpur,Tathawade,2,BHK,530.2378905,Dealer,1,0,0,55.5,82.68,43.3,132.14,27.18,48.97,1
5065,Bangalore,Anekal,2,BHK,657.6200418,Dealer,0,1,1,12.6,34.16,22.57,48.25,21.56,171.11,0
8178,Bangalore,Rajarajeshwari Nagar,2,BHK,1157.082749,Dealer,1,1,1,66.0,72.05,50.88,98.62,6.05,9.17,1
13690,Bangalore,Kudlu Gate,2,BHK,1110.03861,Dealer,0,1,1,46.0,57.63,41.79,75.92,11.63,25.28,1
14391,Maharashtra,Parel,2,BHK,1123.126785,Dealer,1,1,1,350.0,302.72,149.45,344.81,47.28,13.51,0
5057,Noida,Sector-128 Noida,4,BHK,4000.0,Dealer,1,0,0,300.0,341.13,194.28,477.04,41.13,13.71,1
11713,Mumbai,Balkum,3,BHK,930.8320206,Dealer,1,0,1,130.0,127.13,97.36,162.03,2.87,2.21,1
9750,Chennai,Medavakkam,3,BHK,1122.10568,Dealer,0,1,1,56.7,58.48,43.23,75.33,1.78,3.14,1
2869,Jaipur,Jagatpura,1,BHK,660.0660066,Dealer,0,1,1,20.0,16.39,13.78,31.49,3.61,18.05,1
1902,Chennai,Thaiyur,2,BHK,613.9489194,Owner,0,0,1,25.0,28.94,17.55,38.03,3.94,15.76,1
22430,Maharashtra,Kopri,2,BHK,649.0588646000001,Dealer,1,0,0,130.0,69.44,23.56,143.26,60.56,46.58,1
13679,Bahadurgarh,Sector-15 Bahadurgarh,1,BHK,594.1213257999999,Owner,0,1,1,19.0,18.26,10.56,32.32,0.74,3.89,1
8995,Bangalore,Akshaya Nagar,2,BHK,1097.560976,Owner,0,0,1,45.0,60.83,38.97,75.72,15.83,35.18,1
3127,Anand,Vyayam Shala,2,BHK,1159.725883,Owner,0,1,1,22.0,23.91,17.99,61.6,1.91,8.68,1
17410,Mohali,Guru Teg Bahadur Nagar,2,BHK,850.2673797,Dealer,0,1,1,15.9,21.18,14.93,45.24,5.28,33.21,1
27357,Meerut,Modipuram,2,BHK,888.23094,Owner,1,0,1,24.0,29.41,18.27,40.61,5.41,22.54,1
26207,Bangalore,Hebbal,4,BHK,3123.698459,Dealer,1,1,1,300.0,286.83,219.79,441.13,13.17,4.39,1
2886,Ghaziabad,Raj Nagar Extension,4,BHK,1695.364238,Dealer,0,1,1,64.0,87.43,51.0,115.32,23.43,36.61,1
16396,Gurgaon,Sector-84 Gurgaon,4,BHK,2595.508895,Dealer,0,1,1,89.0,176.74,123.87,226.15,87.74,98.58,0
24331,Lalitpur,Sanpada,5,BHK,3220.538873,Dealer,0,1,1,710.0,473.76,275.93,647.15,236.24,33.27,0
15039,Haldwani,Kusumkhera,3,BHK,1800.107469,Owner,0,1,1,67.0,61.69,43.03,97.32,5.31,7.93,1
13014,Pune,Sinhgad Road,1,BHK,630.0114547999999,Dealer,0,1,1,55.0,40.12,29.41,46.85,14.88,27.05,0
15324,Bangalore,Sarjapur Road,2,BHK,1114.112086,Dealer,1,0,0,66.0,56.63,41.47,75.6,9.37,14.2,1
27879,Gurgaon,Sector-84 Gurgaon,2,BHK,1270.186899,Dealer,0,1,1,70.0,64.08,51.64,114.4,5.92,8.46,1
13071,Pune,Bavdhan,3,BHK,1186.131387,Dealer,1,0,1,130.0,94.75,68.4,111.9,35.25,27.12,0
12683,Bangalore,Bohra Layout,2,BHK,1210.165389,Owner,0,1,1,60.0,74.8,47.97,90.68,14.8,24.67,1
943,Lalitpur,Mindspace,2,BHK,1129.943503,Dealer,0,1,1,190.0,110.87,61.32,170.41,79.13,41.65,0
28693,Bangalore,Hennur Road,3,BHK,1416.932341,Dealer,1,1,0,120.0,79.38,61.86,111.03,40.62,33.85,0
5956,Raigad,Revdanda,1,BHK,565.1105651,Owner,0,1,1,23.0,49.78,13.73,60.49,26.78,116.43,1
12823,Kolkata,Fartabad,3,BHK,1230.1715769999998,Dealer,0,0,1,38.0,63.44,39.79,105.53,25.44,66.95,0
759,Mumbai,Chembur,3,BHK,1336.784323,Dealer,1,1,1,470.0,299.14,199.56,381.15,170.86,36.35,0
13824,Surat,Vesu,3,BHK,1750.164078,Dealer,0,1,1,80.0,65.0,55.95,77.72,15.0,18.75,0
23514,Noida,Sector-107 Noida,2,BHK,1294.964029,Dealer,1,1,1,73.8,66.72,51.99,78.33,7.08,9.59,1
14586,Bangalore,Kanakpura Road,3,BHK,1665.07177,Owner,0,1,1,87.0,98.29,73.86,129.64,11.29,12.98,1
28466,Lalitpur,Dombivli (East),2,BHK,963.1728045,Dealer,0,1,1,51.0,78.4,49.24,146.32,27.4,53.73,1
13236,Lalitpur,Parel,3,BHK,1426.013658,Dealer,0,1,1,900.0,474.59,216.97,531.01,425.41,47.27,0
26436,Mumbai,Manpada,3,BHK,1200.0,Dealer,0,1,1,180.0,178.59,117.97,211.88,1.41,0.78,1
22637,Noida,Sector-77 Noida,2,BHK,1317.027281,Dealer,0,1,1,70.0,65.49,51.95,83.3,4.51,6.44,1
15383,Mumbai,Malad (East),3,BHK,1652.5023609999998,Dealer,1,1,1,280.0,244.5,198.47,352.48,35.5,12.68,1
4198,Noida,Noida Extension,3,BHK,1458.017581,Dealer,0,1,1,48.1,58.99,46.3,89.36,10.89,22.64,1
12363,Faridabad,Charmwood Village,3,BHK,1462.140992,Dealer,0,1,1,140.0,77.15,41.64,99.52,62.85,44.89,0
1155,Bangalore,Neeladri Nagar,1,BHK,697.0849176,Owner,0,1,1,22.0,33.93,25.28,52.3,11.93,54.23,0
9557,Ranchi,Bariatu,3,BHK,1830.0,Dealer,0,1,1,73.2,76.36,51.74,105.15,3.16,4.32,1
28739,Lalitpur,Kandivali (East),1,BHK,598.0503557999999,Dealer,1,1,1,100.0,79.4,76.4,103.24,20.6,20.6,1
8949,Bangalore,Akshaya Nagar,3,BHK,1429.93327,Dealer,0,1,1,75.0,87.15,59.6,125.17,12.15,16.2,1
24761,Chennai,Porur,2,BHK,829.1673849,Dealer,0,1,1,48.1,44.13,31.32,62.78,3.97,8.25,1
7611,Faridabad,Sector 82 Faridabad,2,BHK,475.035375,Dealer,1,1,1,23.5,21.34,18.91,27.88,2.16,9.19,1
18017,Jaipur,Mansarovar Extension,2,BHK,910.214168,Dealer,0,1,1,22.1,22.52,18.7,42.23,0.42,1.9,1
8943,Kolkata,Kasba,3,BHK,1400.1680199999998,Dealer,0,1,1,100.0,94.95,45.74,112.26,5.05,5.05,1
5589,Maharashtra,Sector 11 Kharghar,1,BHK,650.0426257,Dealer,0,1,1,61.0,55.59,46.84,86.58,5.41,8.87,1
5029,Noida,Sector-93 A Noida,3,BHK,1750.2917149999998,Owner,1,1,1,90.0,107.91,73.0,140.33,17.91,19.9,1
24781,Pune,Magarpatta,3,BHK,1448.225923,Dealer,0,0,1,140.0,104.21,66.19,145.35,35.79,25.56,1
12390,Vijayawada,Vaddeswaram,3,BHK,1460.11396,Owner,0,1,1,41.0,56.74,41.01,77.68,15.74,38.39,0
6479,Noida,Sector-75 Noida,2,BHK,1185.034705,Owner,1,1,1,70.0,58.75,48.63,72.19,11.25,16.07,1
12768,Panchkula,Sector-20 Panchkula,3,BHK,1699.544765,Dealer,0,1,1,56.0,73.85,44.45,103.33,17.85,31.88,1
5393,Indore,Vaibhav Nagar Extension,1,BHK,575.2636625,Owner,0,1,1,12.0,11.41,11.28,22.11,0.59,4.92,1
17593,Faridabad,Sector 89 Faridabad,2,BHK,668.9635372,Dealer,1,0,1,23.3,24.34,19.43,34.47,1.04,4.46,1
29364,Pune,Tathawade,2,BHK,675.0750751,Dealer,1,0,0,56.2,51.14,39.46,66.31,5.06,9.0,1
17623,Kolkata,City Centre 2,2,BHK,1195.151101,Dealer,0,1,1,70.0,55.15,35.16,82.04,14.85,21.21,1
8327,Bhubaneswar,Tamando,2,BHK,932.2625698,Builder,0,0,0,26.7,27.79,21.46,32.91,1.09,4.08,1
21934,Noida,Sector-75 Noida,3,BHK,1803.051318,Owner,1,1,1,130.0,94.9,73.5,114.29,35.1,27.0,0
5767,Pune,Katraj,1,BHK,595.0413222999999,Owner,0,1,1,36.0,27.33,20.67,41.22,8.67,24.08,1
21639,Ghaziabad,Indirapuram,2,BHK,760.0657353999999,Dealer,0,1,1,37.0,38.37,20.5,45.84,1.37,3.7,1
20542,Noida,Sector-82 Noida,2,BHK,930.1405106,Owner,0,1,1,47.0,45.19,33.23,54.3,1.81,3.85,1
25963,Pune,Punawale,2,BHK,856.1643836000001,Dealer,1,1,1,42.5,47.28,39.93,68.64,4.78,11.25,1
6176,Lalitpur,New Panvel,2,BHK,652.8417819,Builder,1,0,0,68.0,59.27,25.54,94.78,8.73,12.84,1
21695,Durgapur,Bidhannagar,2,BHK,688.372093,Dealer,0,0,1,14.8,35.37,12.84,37.29,20.57,138.99,1
23874,Pune,Digambar Nagar,2,BHK,1075.011945,Dealer,1,1,1,90.0,72.26,53.61,93.22,17.74,19.71,1
20506,Pune,Pimple Saudagar,2,BHK,1044.069802,Dealer,0,1,1,70.6,67.43,56.55,81.59,3.17,4.49,1
1053,Ghaziabad,Ahinsa Khand 1,2,BHK,1150.054765,Dealer,0,1,1,63.0,51.51,36.89,76.92,11.49,18.24,1
22710,Durgapur,Fuljhore,3,BHK,1097.959184,Dealer,0,0,1,26.9,34.16,22.01,47.83,7.26,26.99,1
16344,Pune,Kharadi,2,BHK,1004.049949,Dealer,1,0,1,59.5,68.56,48.97,88.69,9.06,15.23,1
10712,Bangalore,Konanakunte Cross,3,BHK,1497.142857,Dealer,0,1,1,52.4,88.08,60.57,122.3,35.68,68.09,0
16997,Noida,Sector-78 Noida,2,BHK,1010.10101,Owner,1,1,1,60.0,50.81,40.43,59.72,9.19,15.32,0
9676,Udupi,Ambalpady,1,BHK,758.4363515,Owner,0,1,1,22.7,25.59,20.77,36.39,2.89,12.73,1
15114,Ranchi,Lalpur,4,BHK,2823.363332,Dealer,0,0,1,160.0,203.28,85.6,254.38,43.28,27.05,1
3071,Mohali,Sector-115 Mohali,2,BHK,820.4334365,Dealer,1,1,1,15.9,18.11,15.46,40.34,2.21,13.9,1
23858,Vadodara,Subhanpura,1,BHK,675.1389992000001,Owner,0,1,1,17.0,12.61,12.22,29.28,4.39,25.82,1
29061,Lalitpur,Sector 42 Seawoods,3,BHK,1340.588282,Dealer,0,1,1,170.0,173.98,78.73,241.7,3.98,2.34,1
25785,Pune,Kharadi,3,BHK,2246.349682,Dealer,1,1,1,240.0,185.11,119.36,263.42,54.89,22.87,1
27091,Nagpur,Seminari Hill,3,BHK,1348.888889,Dealer,0,1,1,60.7,58.77,38.74,93.92,1.93,3.18,1
11804,Bangalore,Halasur,2,BHK,1455.074573,Owner,0,1,1,120.0,86.74,56.64,133.01,33.26,27.72,1
10342,Kochi,Cheranalloor,2,BHK,784.9293564,Owner,0,1,1,30.0,30.11,22.19,44.01,0.11,0.37,1
9218,Nellore,Chemudugunta,2,BHK,1150.086256,Owner,0,1,1,20.0,41.55,30.74,52.81,21.55,107.75,0
25171,Noida,Sector-75 Noida,3,BHK,1550.044287,Dealer,1,1,1,70.0,77.37,61.16,94.21,7.37,10.53,1
27768,Lalitpur,Koperkhairane,3,BHK,1466.781708,Dealer,1,1,1,170.0,185.54,77.13,283.68,15.54,9.14,1
23257,Jaipur,Nirman Nagar,2,BHK,1450.099517,Dealer,0,1,1,51.0,64.15,43.06,101.24,13.15,25.78,1
19238,Satna,Birla Vikas,5,BHK,1000.0,Owner,0,1,1,45.0,47.1,23.75,67.4,2.1,4.67,1
12455,Maharashtra,Bhadra Nagar,2,BHK,503.3432392,Dealer,1,0,0,54.2,59.02,22.75,148.45,4.82,8.89,1
17048,Lucknow,Paper mill colony,2,BHK,1050.144395,Owner,0,1,1,40.0,42.19,29.16,56.51,2.19,5.48,1
25004,Bangalore,Bannerghatta,3,BHK,1731.976618,Dealer,1,1,1,160.0,121.9,79.11,154.0,38.1,23.81,0
15904,Pune,Baner,2,BHK,810.0679878,Dealer,1,0,1,56.0,62.38,41.21,80.52,6.38,11.39,1
15664,Mumbai,Ghodbunder Road,2,BHK,886.0205643999999,Dealer,1,0,1,81.0,94.25,40.86,129.44,13.25,16.36,1
10632,Noida,Noida Extension,3,BHK,1200.0,Owner,0,1,1,45.0,49.82,39.12,74.28,4.82,10.71,1
9477,Pune,Dhayari,2,BHK,800.0,Owner,0,1,1,70.0,49.19,31.54,59.9,20.81,29.73,0
19801,Faridabad,Sector 77 Faridabad,3,BHK,1203.470473,Dealer,0,1,0,43.0,43.68,28.9,50.81,0.68,1.58,1
3523,Bangalore,Anjanapura,2,BHK,930.2325581,Owner,0,1,1,30.0,50.3,32.75,64.34,20.3,67.67,0
27807,Mysore,Vijaynagar,3,BHK,1870.286576,Owner,1,0,1,62.0,100.73,66.52,127.23,38.73,62.47,0
13539,Bangalore,Dasarahalli,2,BHK,1150.180743,Owner,0,1,1,70.0,59.67,44.94,73.55,10.33,14.76,1
21932,Chennai,Mogappair,2,BHK,1288.161793,Dealer,1,1,1,100.0,87.52,57.01,105.96,12.48,12.48,1
19935,Mumbai,Sector 5 Ulwe,2,BHK,1164.897748,Dealer,0,1,1,90.0,115.74,89.84,169.26,25.74,28.6,1
10096,Mumbai,Karade Khurd,1,BHK,947.5970676,Dealer,0,0,1,34.9,121.51,16.94,150.49,86.61,248.17,1
15282,Sonipat,Kundli,4,BHK,2160.410478,Dealer,0,1,1,80.0,83.76,50.22,134.74,3.76,4.7,1
23195,Faridabad,Sector 88 Faridabad,2,BHK,1339.069642,Dealer,0,1,1,49.8,46.82,40.21,53.0,2.98,5.98,1
11411,Gandhinagar,Sargasan,3,BHK,1728.472659,Dealer,0,1,1,55.0,69.96,46.91,84.48,14.96,27.2,1
5650,Bangalore,HSR Layout,3,BHK,1430.86582,Dealer,0,1,1,98.0,82.76,59.22,111.82,15.24,15.55,1
21993,Kolkata,Nayabad,3,BHK,1057.896332,Dealer,0,1,1,34.9,49.32,31.41,53.16,14.42,41.32,1
4639,Mohali,Guru Teg Bahadur Nagar,2,BHK,800.2013085,Dealer,0,1,1,15.9,22.07,14.13,45.67,6.17,38.81,1
8391,Mumbai,Kasar vadavali,1,BHK,600.0,Dealer,0,1,1,66.0,55.23,30.04,93.4,10.77,16.32,1
27096,Rajkot,Maruti Nagar,1,BHK,379.0028375,Owner,0,1,1,18.7,15.26,7.48,20.37,3.44,18.4,1
22903,Bangalore,Yelahanka,3,BHK,1440.144014,Owner,1,1,1,80.0,77.05,61.76,121.52,2.95,3.69,1
25216,Gurgaon,Sector-67 Gurgaon,3,BHK,1884.057971,Dealer,0,1,0,130.0,128.36,99.56,152.19,1.64,1.26,1
23681,Faridabad,Sector 82 Faridabad,1,BHK,392.7068724,Dealer,1,1,1,14.0,10.58,11.65,16.38,3.42,24.43,1
24487,Jhansi,Shidheswar Nagar,2,BHK,1000.0,Owner,0,1,1,28.0,33.89,21.95,47.38,5.89,21.04,1
11360,Siliguri,Champasari,2,BHK,888.4615385,Dealer,0,1,1,23.1,22.44,18.37,37.11,0.66,2.86,1
15629,Mohali,Sector-117 Mohali,2,BHK,1260.151218,Dealer,1,1,1,45.0,38.73,34.84,73.5,6.27,13.93,1
16749,Lalitpur,Ghodbunder Road,1,BHK,690.0212313999999,Dealer,1,0,1,65.0,60.49,27.44,88.89,4.51,6.94,1
15402,Lucknow,Sushant Golf City,2,BHK,1342.857143,Dealer,1,0,1,47.0,53.74,42.46,75.27,6.74,14.34,1
10504,Jaipur,Ajmer Road,2,BHK,1150.0,Builder,1,0,0,36.8,35.93,25.66,44.77,0.87,2.36,1
10439,Nagpur,Shivaji Nagar,2,BHK,1125.0,Owner,0,1,1,69.3,45.11,35.2,64.32,24.19,34.91,0
1960,Chandigarh,Zirakpur,3,BHK,1705.0819219999998,Dealer,1,1,1,61.4,64.59,51.05,78.39,3.19,5.2,1
11583,Kolkata,Jodhpur Park,3,BHK,1306.076093,Dealer,0,1,1,92.0,87.24,42.46,131.28,4.76,5.17,1
536,Jaipur,Kalwar Road,2,BHK,800.0,Dealer,0,1,1,13.0,18.48,12.59,41.11,5.48,42.15,1
18337,Lalitpur,Kalyan (West),3,BHK,1331.892251,Dealer,1,1,1,80.1,150.72,89.64,224.37,70.62,88.16,0
14164,Gandhinagar,Sargasan,2,BHK,1116.1387630000002,Owner,0,1,1,37.0,30.28,24.85,50.12,6.72,18.16,1
4260,Pune,Kharadi,2,BHK,1049.868766,Dealer,0,1,1,48.0,68.98,49.5,89.33,20.98,43.71,0
22597,Goa,Dona Paula,3,BHK,1829.826167,Dealer,0,1,1,140.0,133.8,71.84,185.42,6.2,4.43,1
9400,Kolkata,New Garia,2,BHK,890.2077151000001,Dealer,0,1,1,30.0,36.77,25.4,53.11,6.77,22.57,1
26805,Bangalore,Whitefield,3,BHK,1608.422284,Dealer,1,1,1,110.0,103.23,73.08,141.5,6.77,6.15,1
22998,Faridabad,Sector 86 Faridabad,2,BHK,572.6872247,Dealer,1,1,1,19.5,21.49,20.05,27.22,1.99,10.21,0
24665,Bangalore,2nd Phase Judicial Layout,3,BHK,1698.054955,Owner,0,1,1,110.0,105.51,80.34,156.11,4.49,4.08,1
7415,Jaipur,Mansarovar Extension,3,BHK,1530.343008,Builder,0,1,0,58.0,51.27,35.18,70.81,6.73,11.6,1
11064,Noida,Sector-77 Noida,4,BHK,2666.666667,Dealer,0,1,1,120.0,179.75,113.52,222.2,59.75,49.79,1
1972,Vadodara,Kareli Bagh,2,BHK,850.2024291000001,Owner,0,1,1,21.0,22.41,17.13,34.59,1.41,6.71,1
23887,Dharuhera,NH-8,3,BHK,1800.411523,Owner,0,1,1,70.0,83.08,46.69,127.04,13.08,18.69,1
20048,Noida,Sector-137 Noida,2,BHK,1045.068583,Dealer,0,1,1,48.0,41.84,31.83,59.76,6.16,12.83,1
27120,Bangalore,Hebbal,4,BHK,3939.393939,Dealer,1,0,0,390.0,478.74,256.86,568.16,88.74,22.75,1
15652,Bangalore,Electronic City Phase II,3,BHK,1395.132538,Owner,1,1,1,90.0,67.42,55.28,89.76,22.58,25.09,0
25531,Mohali,Sector-91 Mohali,3,BHK,1754.086363,Dealer,0,1,1,71.9,84.81,48.24,116.54,12.91,17.96,1
6989,Ghaziabad,Ahinsa Khand 1,4,BHK,2948.652771,Owner,0,1,1,290.0,171.29,103.28,217.88,118.71,40.93,0
11050,Kolkata,Kalikapur,2,BHK,831.0249307,Dealer,0,1,1,33.0,30.41,23.81,48.87,2.59,7.85,1
24831,Lalitpur,Ambernath West,1,BHK,750.0,Dealer,1,0,1,36.9,63.52,27.89,104.76,26.62,72.14,1
23841,Bangalore,Kaggalipura,2,BHK,949.9307342,Dealer,0,1,1,48.0,48.5,34.45,66.53,0.5,1.04,1
10295,Durgapur,Muchipara,2,BHK,797.9468035,Owner,0,1,1,17.1,24.49,16.17,29.39,7.39,43.22,1
23828,Bangalore,Electronic City,2,BHK,1000.0,Owner,0,1,1,26.0,43.43,30.5,62.09,17.43,67.04,0
21393,Mumbai,Hiranandani Estate,4,BHK,3430.0156460000003,Dealer,1,1,1,570.0,715.83,311.17,646.77,145.83,25.58,1
11805,Panchkula,Sector-20 Panchkula,3,BHK,1875.779496,Dealer,1,1,1,75.2,73.4,48.51,99.9,1.8,2.39,1
15883,Pune,Marunji,3,BHK,873.7380032,Dealer,1,0,0,70.1,67.03,49.97,90.93,3.07,4.38,1
1121,Bangalore,Mahadevpura,2,BHK,1125.082727,Owner,0,1,1,85.0,65.52,42.34,82.49,19.48,22.92,0
36,Chennai,Thalambur,3,BHK,1174.210077,Owner,0,1,1,55.0,54.47,39.93,75.02,0.53,0.96,1
1742,Valsad,Tithal,2,BHK,1308.818947,Owner,0,1,1,42.0,24.3,18.1,58.67,17.7,42.14,1
8215,Rajkot,Millpara,1,BHK,408.589323,Owner,0,1,1,13.7,19.43,10.14,26.97,5.73,41.82,1
1482,Ghaziabad,Crossing Republik,2,BHK,1200.092315,Owner,0,1,1,52.0,41.08,33.18,66.12,10.92,21.0,1
24966,Bangalore,Sarjapur,3,BHK,2024.584237,Dealer,0,1,1,140.0,128.1,86.21,199.83,11.9,8.5,1
8502,Ghaziabad,Shalimar garden,2,BHK,900.1058947999999,Dealer,0,1,1,25.5,31.28,22.28,49.82,5.78,22.67,1
13682,Mohali,Sector-88 Mohali,2,BHK,1094.6985029999998,Dealer,1,1,1,54.1,43.53,29.23,53.72,10.57,19.54,0
25124,Bhopal,Katara Hills,2,BHK,850.2598016000001,Owner,1,1,1,18.0,22.6,15.99,36.23,4.6,25.56,1
10001,Lucknow,Jankipuram,2,BHK,1205.545509,Owner,1,1,1,40.0,56.57,35.26,71.06,16.57,41.42,1
1432,Bangalore,Balagere,1,BHK,650.0,Owner,1,1,1,52.0,34.27,26.98,48.64,17.73,34.1,0
24318,Indore,Niranjanpur,2,BHK,1000.0,Owner,0,1,1,28.0,27.72,19.57,39.44,0.28,1.0,1
22662,Lalitpur,Chikan Ghar,1,BHK,790.0487477,Dealer,0,1,1,47.0,99.08,31.56,112.1,52.08,110.81,1
15894,Faridabad,Sector 81 Faridabad,4,BHK,3890.489914,Dealer,1,1,1,270.0,229.56,175.6,420.95,40.44,14.98,1
2068,Mumbai,Hiranandani Estate,3,BHK,2098.408104,Dealer,1,1,1,290.0,314.18,202.48,500.2,24.18,8.34,1
25364,Gurgaon,Sector-83 Gurgaon,3,BHK,1720.0796670000002,Dealer,1,1,1,95.0,97.35,79.26,140.24,2.35,2.47,1
16841,Pune,Talegaon Dabhade,3,BHK,1355.01355,Owner,0,1,1,70.0,77.16,61.37,138.22,7.16,10.23,1
12956,Maharashtra,Balkum,1,BHK,369.5966576,Dealer,1,0,0,69.0,63.73,49.56,65.13,5.27,7.64,0
25621,Lalitpur,Punawale,1,BHK,479.8405642,Builder,1,0,0,31.3,29.81,16.4,86.73,1.49,4.76,1
25865,Indore,Mahalakshmi Nagar,3,BHK,1449.704142,Dealer,0,1,1,49.0,46.98,31.94,62.87,2.02,4.12,1
27321,Lalitpur,Khalapur,3,BHK,1500.150015,Dealer,0,1,1,100.0,163.61,100.67,268.48,63.61,63.61,0
21418,Noida,Sector-118 Noida,2,BHK,1260.0094210000002,Dealer,1,0,1,53.5,58.54,50.15,74.84,5.04,9.42,1
4928,Kolkata,Behala Chowrasta,2,BHK,780.5486284,Dealer,0,0,1,31.3,30.55,22.39,45.2,0.75,2.4,1
14236,Panchkula,Peer Muchalla,3,BHK,1320.035201,Owner,0,1,1,45.0,50.97,30.21,73.7,5.97,13.27,1
3603,Indore,Mahalakshmi Nagar,2,BHK,900.0321439999999,Dealer,0,1,1,28.0,27.61,17.72,38.08,0.39,1.39,1
1647,Bangalore,Rachenahalli,3,BHK,1509.718499,Dealer,0,1,1,90.1,92.05,61.35,137.37,1.95,2.16,1
11416,Mumbai,Ghodbunder Road,2,BHK,887.862914,Dealer,1,0,1,100.0,94.25,40.86,129.44,5.75,5.75,1
24991,Pune,Hadapsar,2,BHK,850.0772798,Dealer,0,1,1,33.0,54.02,33.62,83.88,21.02,63.7,0
4743,Lalitpur,Kanjur Marg (East),2,BHK,567.8131084,Dealer,1,1,0,140.0,94.15,43.5,136.72,45.85,32.75,0
17193,Pune,Kondhwa Budruk,1,BHK,595.0234403,Owner,0,1,1,33.0,27.92,20.74,41.22,5.08,15.39,1
12129,Pune,Kaspate Vasti,3,BHK,1650.1094460000002,Dealer,0,1,1,98.0,133.08,86.15,189.93,35.08,35.8,1
29194,Mohali,Kharar,3,BHK,1200.225925,Owner,0,1,1,42.5,35.23,22.59,70.41,7.27,17.11,1
8288,Mumbai,Ghodbunder Road,3,BHK,1605.605021,Dealer,1,1,1,110.0,197.98,69.06,361.17,87.98,79.98,1
16669,Visakhapatnam,Revenue Layout,2,BHK,850.2772643,Owner,0,1,1,23.0,31.14,20.04,44.57,8.14,35.39,1
27136,Jaipur,Mansarovar Extension,2,BHK,900.2520706,Dealer,0,1,1,25.0,22.12,16.98,41.75,2.88,11.52,1
10059,Bangalore,Nelamangala,2,BHK,814.000814,Dealer,0,1,1,40.0,47.33,29.68,69.4,7.33,18.32,1
386,Chennai,Mangadu,2,BHK,829.8850575,Dealer,1,0,0,36.1,42.51,31.27,64.34,6.41,17.76,1
19811,Noida,Noida Extension,3,BHK,1559.575795,Owner,0,0,1,50.0,72.51,59.19,96.34,22.51,45.02,0
16475,Maharashtra,Andheri (West),2,BHK,953.5413466,Dealer,1,0,1,180.0,287.78,128.22,340.67,107.78,59.88,1
4195,Surat,Katargam,1,BHK,650.026001,Owner,0,1,1,25.0,20.57,12.7,27.13,4.43,17.72,1
13258,Nagpur,Mihan,2,BHK,1190.0714039999998,Owner,0,1,1,35.0,49.82,35.18,71.47,14.82,42.34,0
8395,Noida,Sector-110 Noida,3,BHK,1414.913958,Owner,0,0,1,74.0,73.07,54.28,83.66,0.93,1.26,1
24549,Wardha,Alodi,2,BHK,1000.0,Owner,1,1,1,21.0,29.78,20.08,43.34,8.78,41.81,1
23536,Jajpur,Chorda Bypass Square,3,BHK,1695.2488050000002,Owner,0,1,1,60.3,61.33,44.37,93.32,1.03,1.71,1
9575,Lalitpur,Usarli Khurd,1,BHK,600.0375022999999,Dealer,0,0,1,32.0,54.94,23.71,82.24,22.94,71.69,1
3761,Surat,PAL,2,BHK,1252.8216699999998,Dealer,0,0,1,44.4,38.93,35.0,59.66,5.47,12.32,1
10270,Thrissur,Ollur,3,BHK,1499.892865,Owner,0,1,1,70.0,64.93,46.67,84.53,5.07,7.24,1
17122,Kolkata,Kestopur,3,BHK,2200.0,Dealer,0,1,1,88.0,163.73,93.75,246.49,75.73,86.06,0
24074,Tirunelveli,Perumalpuram,2,BHK,906.0315817,Owner,0,1,1,35.0,31.68,23.06,42.19,3.32,9.49,1
28254,Bangalore,HSR Layout,3,BHK,1552.967277,Owner,0,1,1,140.0,93.64,68.1,128.16,46.36,33.11,0
26068,Lalitpur,Vile Parle (West),2,BHK,1199.971765,Dealer,1,1,1,340.0,331.62,154.24,433.03,8.38,2.46,1
2022,Pune,Moshi,3,BHK,1390.076989,Dealer,1,1,1,65.0,83.75,62.23,135.97,18.75,28.85,1
12479,Noida,Sector-75 Noida,2,BHK,950.0113097,Owner,1,1,1,42.0,44.7,33.56,52.8,2.7,6.43,1
18323,Maharashtra,Kanjur marg (west),2,BHK,900.0276932,Dealer,1,0,1,130.0,119.38,53.92,224.97,10.62,8.17,1
19215,Bardhaman,Chhotonilpur,3,BHK,987.6923077,Builder,0,0,0,32.1,27.44,20.32,38.61,4.66,14.52,1
18742,Kanpur,Suther Ganj,3,BHK,1280.081925,Dealer,0,1,1,50.0,48.06,30.22,64.41,1.94,3.88,1
10907,Jaipur,Mansarovar Extension,4,BHK,2135.12723,Dealer,1,1,1,73.0,90.08,66.81,155.52,17.08,23.4,1
29370,Bangalore,Jakkur,4,BHK,2174.908425,Dealer,1,0,1,190.0,185.75,116.11,249.38,4.25,2.24,1
11344,Varanasi,Sigra,2,BHK,1000.0,Dealer,0,1,1,60.0,35.88,21.92,49.22,24.12,40.2,0
11333,Kolkata,New Town,3,BHK,1845.01845,Dealer,0,1,1,80.0,102.86,79.41,136.36,22.86,28.58,1
20020,Palghar,Boisar,3,BHK,1200.192031,Owner,0,1,1,50.0,38.47,32.85,124.83,11.53,23.06,1
15133,Raigad,Khopoli,1,BHK,688.954145,Owner,0,1,1,30.5,20.77,18.49,30.52,9.73,31.9,1
5574,Bangalore,6th Phase JP Nagar,3,BHK,3018.298434,Dealer,1,1,1,320.0,294.09,108.37,368.43,25.91,8.1,1
25290,Rajkot,Dharam Nagar,2,BHK,650.0784577000001,Owner,1,1,1,29.0,29.4,16.83,35.08,0.4,1.38,1
7881,Kanpur,GT Road,3,BHK,1722.158439,Dealer,0,1,1,90.0,50.94,39.7,91.01,39.06,43.4,1
725,Chandigarh,Zirakpur,2,BHK,1118.864852,Dealer,1,0,1,48.1,37.26,33.87,45.98,10.84,22.54,0
1783,Pune,Kunj Colony,2,BHK,1050.094932,Dealer,0,1,1,71.9,71.84,52.29,94.41,0.06,0.08,1
6836,Bangalore,Electronics City Phase 1,1,BHK,785.0320555,Owner,0,1,1,60.0,23.31,24.89,57.88,36.69,61.15,0
26403,Mumbai,Sector-15 Ghansoli,2,BHK,1009.693053,Dealer,0,1,1,100.0,114.97,82.84,151.54,14.97,14.97,1
2421,Kolkata,Kalikapur,2,BHK,813.1241084,Dealer,0,1,1,34.2,30.41,23.6,48.87,3.79,11.08,1
23880,Lalitpur,Chembur,3,BHK,2132.082512,Dealer,0,1,1,400.0,449.67,260.2,648.76,49.67,12.42,1
27429,Noida,Sector-118 Noida,2,BHK,1255.230126,Owner,1,1,1,60.0,66.4,52.27,72.44,6.4,10.67,1
25895,Nanded,Vivek Nagar,2,BHK,750.0,Owner,0,1,1,30.0,30.28,18.81,42.75,0.28,0.93,1
26120,Bangalore,Akshaya Nagar,2,BHK,1170.005318,Dealer,0,1,1,66.0,71.11,46.95,102.38,5.11,7.74,1
20141,Mumbai,Ghodbunder Road,2,BHK,1205.386325,Dealer,1,1,1,92.2,117.85,55.07,130.77,25.65,27.82,1
26122,Lalitpur,Sector-25 Khandeshhwar,1,BHK,685.0048164,Dealer,1,1,1,64.0,59.75,34.46,72.88,4.25,6.64,1
16552,Chandigarh,Zirakpur,3,BHK,1799.729364,Dealer,1,0,1,66.5,62.84,53.57,79.39,3.66,5.5,1
23267,Noida,Sector-137 Noida,3,BHK,1294.820717,Dealer,1,1,1,65.0,55.89,43.23,77.95,9.11,14.02,1
6928,Siliguri,Dooars,2,BHK,720.0,Builder,0,0,0,18.0,16.95,14.71,25.48,1.05,5.83,1
17949,Noida,Sector-73 Noida,2,BHK,650.0541712,Owner,0,1,1,30.0,36.81,21.88,46.39,6.81,22.7,1
13613,Lalitpur,Hiranandani Estate,3,BHK,1279.263144,Dealer,0,1,1,200.0,194.54,139.37,258.38,5.46,2.73,1
2425,Bangalore,Varthur,2,BHK,1139.864449,Owner,0,1,1,74.0,61.09,42.93,77.23,12.91,17.45,1
8771,Lalitpur,Hiranandani Estate,2,BHK,924.4773147,Dealer,0,1,1,130.0,114.3,87.43,146.04,15.7,12.08,1
2156,Kochi,Palarivattom,2,BHK,881.151945,Owner,0,1,1,41.0,35.32,28.2,46.11,5.68,13.85,1
26223,Bhubaneswar,Malipada,2,BHK,1100.244499,Owner,0,1,1,36.0,43.14,29.41,51.21,7.14,19.83,1
28508,Mumbai,Nilje Gaon,1,BHK,693.0693069,Dealer,0,1,1,35.0,53.2,41.64,83.63,18.2,52.0,0
15680,Bangalore,Horamavu Agara,2,BHK,1067.242443,Owner,0,1,1,34.6,52.47,37.36,72.03,17.87,51.65,0
8994,Kolkata,New Town,3,BHK,760.4562738,Dealer,0,0,1,66.0,37.24,21.19,69.66,28.76,43.58,1
21081,Faridabad,Sector 29 Faridabad,2,BHK,750.0750075,Owner,0,1,1,50.0,30.46,21.64,42.31,19.54,39.08,0
12487,Mumbai,Andheri (West),2,BHK,1230.0123,Dealer,1,1,1,250.0,303.81,156.23,423.23,53.81,21.52,1
20655,Bangalore,Nrupathunga Nagar,3,BHK,1326.203209,Owner,0,1,1,62.0,77.38,52.01,104.89,15.38,24.81,1
21285,Bangalore,Yelahanka,3,BHK,1935.341984,Dealer,1,1,1,88.0,134.73,97.63,197.6,46.73,53.1,0
17195,Kolkata,Serampore,3,BHK,1562.5,Owner,0,1,1,40.0,82.07,52.2,116.72,42.07,105.18,0
5900,Jaipur,Mangyawas,2,BHK,1000.0,Owner,0,1,1,29.0,28.24,18.73,44.29,0.76,2.62,1
7595,Kanpur,Keshav Nagar,2,BHK,1000.0,Owner,0,1,1,30.0,35.62,22.39,47.78,5.62,18.73,1
22845,Gwalior,Morar,3,BHK,2059.569075,Owner,0,1,1,65.0,91.61,52.44,137.07,26.61,40.94,1
24028,Bangalore,Hebbal Kempapura,2,BHK,1343.201754,Owner,0,1,1,49.0,82.58,53.88,107.76,33.58,68.53,0
22072,Haldwani,Charyal Nayawad,6,BHK,4000.0,Owner,0,1,1,150.0,77.08,80.85,365.45,72.92,48.61,1
22050,Noida,Sector-75 Noida,2,BHK,1149.94363,Dealer,1,1,1,51.0,53.25,45.93,69.8,2.25,4.41,1
26690,Lalitpur,Sector 15 Kharghar,2,BHK,1209.9213550000002,Dealer,0,1,1,120.0,121.82,89.77,176.81,1.82,1.52,1
6437,Goa,Arpora,2,BHK,1168.809484,Owner,0,1,1,70.0,59.05,40.17,88.45,10.95,15.64,1
28815,Kochi,Vytilla,3,BHK,1750.198886,Owner,0,1,1,88.0,109.82,71.37,123.76,21.82,24.8,1
2967,Lalitpur,kavesar,2,BHK,1100.025582,Dealer,1,1,1,86.0,109.58,54.98,164.16,23.58,27.42,1
3449,Bangalore,4th Block Jayanagar,3,BHK,1420.4545449999998,Owner,0,1,1,110.0,87.25,58.96,108.4,22.75,20.68,0
15962,Bangalore,Yeshwanthpur,3,BHK,1798.941799,Dealer,0,1,1,170.0,129.9,82.44,189.76,40.1,23.59,1
22119,Karjat,Deulwadi,1,BHK,615.1142355000001,Owner,0,1,1,21.0,26.37,14.27,33.04,5.37,25.57,1
11901,Ghaziabad,Raj Nagar Extension,2,BHK,1035.263669,Dealer,1,1,1,32.0,33.73,27.22,43.25,1.73,5.41,1
16309,Maharashtra,Sector 17 Ulwe,1,BHK,620.0770907000001,Dealer,0,0,1,37.0,51.41,31.84,83.82,14.41,38.95,1
27245,Ratnagiri,Hindu Colony,2,BHK,930.13642,Owner,1,1,1,45.0,35.9,29.07,54.92,9.1,20.22,1
7539,Bangalore,Benson Town,3,BHK,3449.975357,Dealer,0,1,1,350.0,554.36,213.09,591.64,204.36,58.39,1
10166,Varanasi,vinayaka,2,BHK,998.003992,Owner,0,1,1,40.0,36.82,22.17,51.72,3.18,7.95,1
6773,Kolkata,Jadubabur Bazar,3,BHK,1661.291899,Dealer,0,1,1,170.0,115.55,64.92,160.73,54.45,32.03,0
14911,Kolkata,Sodepur,2,BHK,757.2570467,Owner,0,1,1,18.0,21.66,17.57,30.47,3.66,20.33,1
6134,Vapi,Chharwada,2,BHK,1156.260324,Owner,0,1,1,35.0,20.24,15.37,58.2,14.76,42.17,1
26367,Bangalore,Kanakpura Road,3,BHK,1106.050748,Dealer,1,0,1,85.0,72.16,43.96,88.57,12.84,15.11,1
7260,Faridabad,Sector 70 Faridabad,2,BHK,899.58159,Dealer,1,0,1,21.5,25.85,19.73,34.53,4.35,20.23,1
22938,Pune,St Tukaram Nagar,1,BHK,555.1969012,Dealer,0,1,1,43.0,31.07,25.18,36.65,11.93,27.74,0
10262,Noida,Sector-22 Noida,2,BHK,1205.479452,Dealer,0,1,1,66.0,64.8,44.42,79.42,1.2,1.82,1
4123,Noida,Sector-75 Noida,3,BHK,1656.244719,Dealer,1,1,1,98.0,85.19,69.18,110.16,12.81,13.07,1
5540,Chennai,Saligramam,2,BHK,700.0,Builder,0,0,0,66.5,42.52,23.48,56.34,23.98,36.06,0
27225,Aurangabad,Waluj,2,BHK,860.3031543999999,Owner,0,1,1,21.0,30.19,18.0,39.87,9.19,43.76,1
5382,Lalitpur,Mira Road East,2,BHK,799.0747554999999,Dealer,1,1,1,76.0,85.71,66.28,103.65,9.71,12.78,1
2770,Bangalore,BEML Layout,3,BHK,2285.278994,Owner,0,1,1,120.0,168.17,92.44,253.08,48.17,40.14,1
4494,Lalitpur,Kandivali (East),3,BHK,1344.164572,Dealer,1,0,1,230.0,235.09,180.46,324.38,5.09,2.21,1
24232,Bangalore,Nagappa Reddy Layout,3,BHK,1637.692114,Owner,0,0,1,65.0,94.65,71.67,142.16,29.65,45.62,0
22993,Mumbai,Ghodbunder Road,2,BHK,1000.0,Dealer,0,1,1,95.0,86.46,42.31,132.11,8.54,8.99,1
20310,Noida,Sector-76 Noida,2,BHK,875.1458575999999,Owner,1,1,1,45.0,42.8,30.96,52.19,2.2,4.89,1
7879,Coimbatore,Race Course,3,BHK,3000.0,Dealer,0,0,1,390.0,211.42,124.39,232.33,178.58,45.79,0
1678,Chennai,Medavakkam,3,BHK,1489.212008,Dealer,0,1,1,63.5,85.29,61.4,116.79,21.79,34.31,1
6659,Pune,Punawale,2,BHK,1076.084841,Dealer,1,1,1,55.3,57.49,56.03,78.81,2.19,3.96,0
4788,Surat,Adajan,2,BHK,990.0990099,Owner,0,1,1,30.0,33.08,21.94,44.24,3.08,10.27,1
21992,Mohali,Zirakpur,3,BHK,990.2772776,Owner,0,1,1,27.5,31.63,19.77,42.76,4.13,15.02,1
23074,Bangalore,Whitefield,3,BHK,1623.137081,Dealer,1,1,1,110.0,103.69,77.05,141.5,6.31,5.74,1
17792,Bangalore,Shanthala Nagar,4,BHK,4500.112503,Dealer,0,1,1,1200.0,1146.33,253.92,1004.31,53.67,4.47,0
21428,Noida,Sector-144 Noida,2,BHK,1024.89019,Dealer,1,0,1,49.0,40.66,33.23,59.3,8.34,17.02,1
21407,Bangalore,8th Phase JP Nagar,2,BHK,1040.897682,Dealer,1,1,1,70.5,62.31,43.25,77.67,8.19,11.62,1
27574,Chandigarh,Sector-44A Chandigarh,2,BHK,600.0247433,Owner,0,1,1,48.5,51.92,18.23,57.59,3.42,7.05,1
1000,Chennai,Tansi Nagar,2,BHK,960.0180709,Owner,0,1,1,85.0,50.17,33.58,70.27,34.83,40.98,0
18228,Kolkata,Rajpur,3,BHK,1092.760181,Owner,0,1,1,48.3,49.2,32.53,58.23,0.9,1.86,1
9120,Guntur,Pedakakani,3,BHK,1744.186047,Owner,0,1,1,60.0,77.4,53.48,100.94,17.4,29.0,1
19152,Pune,Kharadi,2,BHK,1050.112987,Dealer,0,1,1,79.0,68.98,49.5,89.33,10.02,12.68,1
22658,Vadodara,Gotri Road,4,BHK,2800.0,Dealer,0,1,1,75.6,146.86,76.06,203.98,71.26,94.26,0
17383,Jaipur,Jhotwara,3,BHK,1662.561576,Dealer,1,0,1,54.0,66.53,49.11,89.92,12.53,23.2,1
10011,Visakhapatnam,Pothinamallayya Palem,2,BHK,1000.0,Owner,0,1,1,34.5,33.97,21.31,47.84,0.53,1.54,1
6280,Maharashtra,Kolshet Road,1,BHK,450.0121625,Dealer,1,0,1,74.0,62.96,57.41,74.94,11.04,14.92,1
13084,Pune,Magarpatta,3,BHK,1568.545436,Dealer,0,1,1,150.0,123.96,76.2,162.47,26.04,17.36,1
28059,Maharashtra,Pokhran-2,1,BHK,454.9751832,Dealer,1,0,0,77.0,65.79,26.26,70.6,11.21,14.56,0
18760,Jaipur,Shyam Nagar,3,BHK,1833.180568,Owner,0,0,1,100.0,73.35,48.44,95.11,26.65,26.65,0
16619,Noida,Sector-93 B Noida,4,BHK,3850.050659000001,Dealer,0,1,1,380.0,306.67,174.76,424.7,73.33,19.3,1
12404,Chennai,Periyapanicheri,2,BHK,874.2857142999999,Owner,0,1,1,30.6,42.76,31.12,60.54,12.16,39.74,0
22329,Jamnagar,Hawai Chowk,3,BHK,1575.0,Owner,0,1,1,37.8,51.89,33.93,71.32,14.09,37.28,1
23046,Lalitpur,Badlapur,1,BHK,347.0368393,Dealer,1,1,1,26.0,56.88,21.24,71.48,30.88,118.77,1
809,Mumbai,Manpada,2,BHK,900.0090001,Dealer,0,1,1,100.0,120.27,86.67,131.39,20.27,20.27,1
12859,Noida,Sector-93 Noida,3,BHK,1549.755302,Owner,0,1,1,95.0,84.57,64.04,96.4,10.43,10.98,1
26958,Mumbai,Sector 20 Kharghar,3,BHK,1749.883341,Dealer,0,1,1,150.0,175.72,125.91,214.42,25.72,17.15,1
24164,Gurgaon,Sector-68 Gurgaon,2,BHK,1191.913096,Dealer,0,0,0,79.0,72.56,52.33,111.05,6.44,8.15,1
25512,Chennai,Madhavaram,4,BHK,2105.263158,Dealer,1,0,0,100.0,185.94,99.21,319.41,85.94,85.94,1
4614,Secunderabad,Kompally,3,BHK,1440.126258,Owner,0,1,1,73.0,56.61,41.12,70.01,16.39,22.45,0
28477,Mumbai,Parel,3,BHK,1024.06554,Dealer,1,0,0,440.0,441.37,42.18,315.34,1.37,0.31,0
17815,Kolkata,E M Bypass,3,BHK,1646.213708,Dealer,0,1,1,110.0,102.58,60.47,160.05,7.42,6.75,1
22462,Maharashtra,Sector-9 Ulwe,1,BHK,635.0792065,Dealer,0,1,1,44.5,58.19,43.27,83.82,13.69,30.76,1
11698,Jaipur,Jagatpura,2,BHK,1250.0,Owner,0,1,1,32.0,43.77,29.28,61.65,11.77,36.78,1
14993,Lalitpur,Louis Wadi,2,BHK,810.0272851,Dealer,0,1,1,95.0,108.91,47.48,174.5,13.91,14.64,1
7720,Kolkata,Sarsuna,2,BHK,850.1335924000001,Owner,0,1,1,35.0,28.55,22.93,41.25,6.45,18.43,1
18813,Faridabad,Sector 88 Faridabad,2,BHK,587.0841487,Dealer,1,1,1,27.0,22.24,20.93,29.62,4.76,17.63,1
25196,Bangalore,Hebbal,2,BHK,1279.978442,Owner,0,1,1,95.0,78.91,49.49,99.42,16.09,16.94,1
12093,Bhopal,Patel Nagar,2,BHK,805.1784022999999,Builder,1,0,0,25.5,20.14,15.36,34.98,5.36,21.02,1
23469,Bangalore,Gopalapura,3,BHK,1950.078003,Dealer,1,1,1,250.0,175.94,97.42,233.06,74.06,29.62,0
4237,Asansol,Chelidanga,2,BHK,884.0,Dealer,0,1,1,22.1,26.58,16.29,36.17,4.48,20.27,1
24609,Jabalpur,Tilhari,3,BHK,1400.437637,Owner,1,1,1,32.0,52.82,32.28,82.9,20.82,65.06,0
8100,Chennai,Chitlapakkam,2,BHK,806.1224490000001,Dealer,0,1,1,39.5,41.96,31.74,59.12,2.46,6.23,1
743,Raipur,Hirapur,2,BHK,816.1044614,Dealer,1,1,1,22.5,24.52,16.62,37.53,2.02,8.98,1
11207,Kolkata,Garia,2,BHK,850.043592,Dealer,0,1,1,19.5,30.52,23.18,48.87,11.02,56.51,0
28899,Chennai,Kovur,2,BHK,1338.613861,Dealer,1,1,1,67.6,79.83,61.05,102.82,12.23,18.09,1
5028,Mumbai,Roadpali,2,BHK,1100.029334,Dealer,0,1,1,75.0,82.92,61.05,118.28,7.92,10.56,1
285,Bangalore,Mysore Road,2,BHK,942.1518749,Dealer,1,1,1,50.0,57.62,37.57,76.1,7.62,15.24,1
15586,Jaipur,Govindpura Kardhani Scheme,2,BHK,1085.141903,Owner,0,1,1,52.0,32.98,20.57,48.93,19.02,36.58,0
12031,Noida,Sector-76 Noida,3,BHK,1445.141662,Dealer,0,1,1,76.0,67.6,49.67,85.64,8.4,11.05,1
22742,Noida,Sector-137 Noida,3,BHK,1724.853746,Dealer,1,1,1,91.4,90.02,70.38,122.77,1.38,1.51,1
26032,Nagpur,Manish Nagar,2,BHK,949.8680739,Owner,0,1,1,36.0,35.86,23.62,50.39,0.14,0.39,1
2266,Gurgaon,Sector-106 Gurgaon,4,BHK,2355.072464,Dealer,1,1,1,130.0,153.67,115.14,205.41,23.67,18.21,1
2275,Jaipur,Ajmer Road,2,BHK,781.0413884999999,Owner,1,1,1,23.4,21.72,15.08,38.58,1.68,7.18,1
9612,Maharashtra,Balkum,2,BHK,476.3990801,Dealer,1,0,0,87.0,80.05,77.06,104.57,6.95,7.99,1
28184,Lalitpur,Kolshet Road,3,BHK,1474.542458,Dealer,1,0,1,170.0,185.17,79.61,284.0,15.17,8.92,1
5516,Maharashtra,I C Colony,1,BHK,600.0,Dealer,0,1,1,93.0,75.88,34.03,115.84,17.12,18.41,1
21969,Ahmednagar,Gulmohor Road,2,BHK,1000.0,Owner,0,1,1,32.0,37.52,22.43,50.61,5.52,17.25,1
10557,Noida,Sector-50 Noida,3,BHK,2162.941601,Dealer,0,1,1,150.0,146.88,91.73,214.36,3.12,2.08,1
6568,Lalitpur,Malad (West),2,BHK,1127.57732,Dealer,1,1,1,140.0,159.87,153.9,206.47,19.87,14.19,0
13299,Mumbai,Taloja,2,BHK,1004.155125,Dealer,1,1,1,58.0,72.59,50.9,116.31,14.59,25.16,1
10494,Pune,Moshi,2,BHK,1036.184211,Dealer,1,0,1,50.4,55.87,48.98,78.08,5.47,10.85,1
25511,Chennai,Kathirvedu,1,BHK,534.061239,Owner,0,1,1,22.5,25.75,16.88,38.74,3.25,14.44,1
27086,Ghaziabad,Moti Residency,2,BHK,1151.960784,Owner,0,1,1,47.0,46.57,33.46,65.87,0.43,0.91,1
17134,Chandigarh,Zirakpur,2,BHK,1120.162933,Dealer,0,0,1,44.0,31.26,29.28,46.43,12.74,28.95,1
22933,Noida,Noida Extension,3,BHK,2089.0668,Dealer,0,1,1,83.5,118.96,81.98,195.78,35.46,42.47,1
5371,Kolkata,Rekjuani,2,BHK,817.2605427,Dealer,0,1,1,25.0,33.43,23.26,49.88,8.43,33.72,1
19663,Bangalore,9th Block Jayanagar,3,BHK,2030.044661,Owner,0,1,1,250.0,148.39,81.28,252.08,101.61,40.64,1
18879,Raipur,Bhatagaon,3,BHK,1930.147059,Owner,1,1,1,63.0,67.91,52.2,102.3,4.91,7.79,1
10031,Noida,Sector-107 Noida,3,BHK,2432.432432,Dealer,1,1,1,180.0,160.09,98.49,225.97,19.91,11.06,1
14815,Pune,Kalyani Nagar,4,BHK,3410.5329950000005,Dealer,0,1,1,430.0,313.37,217.26,523.78,116.63,27.12,1
18287,Pune,Kondhwa,3,BHK,1500.170474,Dealer,0,1,1,88.0,117.05,72.61,169.55,29.05,33.01,1
16832,Bangalore,Konanakunte,4,BHK,2633.311389,Dealer,1,1,1,240.0,226.11,151.88,328.08,13.89,5.79,1
19693,Bangalore,Hebbal,4,BHK,3859.435304,Dealer,1,1,1,380.0,373.39,256.62,546.23,6.61,1.74,1
14934,Bangalore,M C Layout,3,BHK,1500.068185,Dealer,0,0,1,110.0,95.6,62.04,144.68,14.4,13.09,1
26586,Pune,Shivraj Nagar,3,BHK,1590.974834,Dealer,1,1,1,110.0,117.82,54.86,162.89,7.82,7.11,1
9116,Kochi,Thiruvankulam,1,BHK,630.0866369,Owner,0,1,1,24.0,29.77,21.72,36.77,5.77,24.04,1
7598,Jaipur,Vaishali Nagar,2,BHK,1210.09806,Owner,0,1,1,58.0,45.6,24.67,60.55,12.4,21.38,1
28216,Maharashtra,Shilphata,1,BHK,585.0528435,Dealer,1,1,1,46.5,49.68,29.02,95.67,3.18,6.84,1
1817,Bhilai,Smriti Nagar,2,BHK,1016.463851,Owner,0,1,1,14.2,33.35,19.81,45.32,19.15,134.86,0
12018,Kolkata,New Town,4,BHK,3260.160835,Dealer,0,1,1,150.0,241.74,153.38,391.68,91.74,61.16,0
17621,Chandigarh,Zirakpur,2,BHK,1300.510915,Owner,0,1,1,28.0,49.71,33.65,58.43,21.71,77.54,0
13866,Bangalore,Thanisandra,3,BHK,1596.027664,Dealer,1,1,1,90.0,101.68,74.24,141.92,11.68,12.98,1
25810,Chandigarh,Zirakpur,3,BHK,1730.1038059999998,Dealer,1,1,1,60.0,61.06,51.05,78.4,1.06,1.77,1
12974,Lalitpur,Colaba,1,BHK,585.3772757,Dealer,0,1,1,200.0,261.56,32.7,188.06,61.56,30.78,0
2333,Maharashtra,Chembur (East),3,BHK,1300.020313,Dealer,0,1,1,320.0,282.04,192.33,383.37,37.96,11.86,1
7605,Mumbai,Mulund (West),1,BHK,559.9800896,Dealer,0,1,1,90.0,82.86,73.35,107.1,7.14,7.93,1
23102,Lalitpur,Panvel,1,BHK,450.4504505,Dealer,1,1,0,47.0,38.63,28.78,74.45,8.37,17.81,1
10290,Valsad,Umargam,1,BHK,475.0593824,Owner,1,1,1,20.0,17.61,11.62,33.1,2.39,11.95,1
5240,Chennai,Kathirvedu,2,BHK,935.2037408,Owner,0,1,1,42.0,48.74,33.58,69.06,6.74,16.05,1
3825,Kolkata,New Alipore,3,BHK,1292.824822,Dealer,0,1,1,100.0,95.35,41.77,98.68,4.65,4.65,0
18758,Lalitpur,Goregaon (East),4,BHK,3230.0565260000003,Dealer,1,1,1,760.0,664.3,316.13,796.54,95.7,12.59,1
14398,Bangalore,Whitefield,3,BHK,1635.896237,Owner,0,1,1,70.0,97.04,72.25,135.41,27.04,38.63,0
28751,Faridabad,Sector 43 Faridabad,3,BHK,2600.404507,Dealer,0,1,1,90.0,172.67,97.29,211.42,82.67,91.86,0
14870,Mumbai,Mulund (West),3,BHK,1729.462631,Dealer,1,0,1,420.0,271.66,190.04,381.67,148.34,35.32,0
2098,Bhubaneswar,Palasuni,2,BHK,1373.913043,Dealer,1,1,1,63.2,70.99,47.04,99.33,7.79,12.33,1
25471,Vadodara,Sama Savli Road,3,BHK,1699.39577,Dealer,1,0,0,45.0,59.16,45.69,111.38,14.16,31.47,0
26214,Palakkad,Ambikapuram,2,BHK,842.0718144,Owner,0,1,1,26.5,29.23,23.5,40.63,2.73,10.3,1
29076,Jaipur,Mansarovar Extension,3,BHK,1322.751323,Dealer,0,1,1,30.0,41.18,29.01,61.7,11.18,37.27,1
27378,Lalitpur,Thane West,2,BHK,899.9427309,Dealer,1,0,1,110.0,119.98,81.74,156.39,9.98,9.07,1
13621,Chandigarh,New Chandigarh,3,BHK,1395.089286,Dealer,1,0,1,50.0,65.93,42.29,107.5,15.93,31.86,1
20007,Lalitpur,Sector 36 Kharghar,2,BHK,1050.0,Dealer,0,1,1,84.0,96.61,78.04,148.36,12.61,15.01,1
2892,Lalitpur,Majiwada,1,BHK,650.0,Dealer,1,0,1,65.0,61.41,53.35,78.74,3.59,5.52,1
20131,Vadodara,New Sama Road SAMA CHANAKYAPURI,2,BHK,1250.0,Owner,0,1,1,45.0,48.53,38.47,67.24,3.53,7.84,1
12423,Jaipur,Jagatpura,2,BHK,1230.0123,Dealer,0,1,1,30.0,42.52,29.04,61.45,12.52,41.73,1
16734,Kochi,Tripunithura,2,BHK,1030.126336,Owner,0,1,1,53.0,47.25,34.63,60.24,5.75,10.85,1
5416,Jaipur,Ajmer Road,2,BHK,992.192583,Owner,0,1,1,30.5,27.53,18.41,43.9,2.97,9.74,1
22476,Lalitpur,Hiranandani Estate,1,BHK,630.0023774,Dealer,0,1,1,79.5,66.98,58.3,85.84,12.52,15.75,1
17584,Secunderabad,Kompally,3,BHK,1745.2402539999998,Owner,0,0,1,77.0,74.45,53.57,99.01,2.55,3.31,1
4909,Pune,Kondhwa,2,BHK,960.0614439,Dealer,0,1,1,50.0,67.2,43.86,91.41,17.2,34.4,1
20354,Maharashtra,Kolshet Road,3,BHK,1064.5848119999998,Dealer,0,1,1,150.0,153.3,114.28,187.79,3.3,2.2,1
24276,Mohali,Sector-65 Mohali,2,BHK,295.033601,Owner,0,1,1,18.0,14.32,9.65,30.58,3.68,20.44,1
16114,Bangalore,Neeladri Nagar,2,BHK,1100.110011,Owner,0,1,1,40.0,55.14,39.44,72.79,15.14,37.85,1
8519,Vadodara,Saiyed Vasna,2,BHK,1110.053917,Owner,0,1,1,35.0,36.53,24.23,50.36,1.53,4.37,1
20612,Bangalore,Frazer Town,3,BHK,2371.882412,Dealer,1,1,1,330.0,254.95,126.32,365.01,75.05,22.74,1
19452,Mumbai,Powai,2,BHK,1033.004494,Owner,0,1,1,200.0,146.43,58.13,199.85,53.57,26.78,0
4580,Bangalore,Malleshwaram,1,BHK,580.0464037,Owner,0,1,1,45.0,35.46,20.71,46.58,9.54,21.2,1
12691,Palghar,Shirgaon,1,BHK,560.0497822000001,Owner,0,1,1,18.0,17.99,12.73,26.46,0.01,0.06,1
21604,Bangalore,Hegde Nagar,3,BHK,1569.055211,Owner,0,1,1,93.5,95.77,67.54,131.4,2.27,2.43,1
4993,Noida,Sector-93 A Noida,3,BHK,1439.884809,Dealer,0,1,1,120.0,84.7,47.37,109.29,35.3,29.42,0
14944,Bangalore,Abbigere,3,BHK,1205.141939,Owner,0,1,1,45.0,69.18,45.1,92.53,24.18,53.73,0
18352,Chennai,West Tambaram,1,BHK,580.0214823,Owner,0,1,1,27.0,26.22,20.5,34.37,0.78,2.89,1
25479,Mumbai,Kharghar,1,BHK,675.0441375,Dealer,0,1,1,65.0,56.79,46.43,82.79,8.21,12.63,1
19401,Pune,Chitanya Nagar,1,BHK,700.0,Owner,0,1,1,28.0,35.51,16.35,36.43,7.51,26.82,1
23447,Vadodara,Channi,1,BHK,1089.9182560000002,Owner,0,1,1,8.0,21.35,8.54,49.92,13.35,166.88,0
7893,Maharashtra,Goregaon (East),3,BHK,2169.854166,Dealer,1,1,1,430.0,432.13,263.75,676.76,2.13,0.5,1
14907,Jaipur,Swaje Farm Sodala,3,BHK,1975.574713,Owner,0,1,1,55.0,86.24,49.65,143.12,31.24,56.8,1
6092,Lalitpur,Kolshet Road,2,BHK,1080.0579,Dealer,1,1,1,97.0,108.4,54.91,164.16,11.4,11.75,1
15952,Lalitpur,JVLR,4,BHK,2488.038278,Dealer,0,1,1,650.0,424.79,117.78,792.04,225.21,34.65,1
28237,Faridabad,Sector 88 Faridabad,2,BHK,1273.335191,Dealer,0,1,1,45.7,46.06,38.44,47.79,0.36,0.79,1
16386,Noida,Sector-78 Noida,2,BHK,915.1265028,Owner,1,1,1,51.0,44.34,33.62,54.41,6.66,13.06,1
12504,Lalitpur,Sector 35I Kharghar,1,BHK,636.0078278,Dealer,0,1,1,52.0,58.7,25.68,89.72,6.7,12.88,1
10129,Chandigarh,Sector-47 Chandigarh,4,BHK,2399.725746,Dealer,0,1,1,140.0,110.87,77.11,160.51,29.13,20.81,1
11162,Ujjain,Subhash Nagar,1,BHK,330.0765778,Owner,0,1,1,12.5,12.69,6.55,17.6,0.19,1.52,1
6746,Bangalore,Kalkere,2,BHK,1177.226027,Dealer,0,1,1,55.0,59.86,44.41,87.17,4.86,8.84,1
18735,Kolkata,Garia,2,BHK,853.3293341,Dealer,0,0,1,56.9,31.63,22.75,48.64,25.27,44.41,0
14845,Chennai,Mogappair,2,BHK,1190.028811,Dealer,1,1,1,95.0,81.47,48.7,101.0,13.53,14.24,1
25710,Jaipur,Bani Park,3,BHK,1599.865275,Owner,0,1,1,95.0,56.18,33.08,76.17,38.82,40.86,0
11194,Indore,Scheme No 103,3,BHK,1827.777778,Dealer,0,0,1,65.8,65.78,47.9,97.69,0.02,0.03,1
23825,Maharashtra,Sector 11 Belapur,3,BHK,1563.11059,Dealer,0,1,1,200.0,165.87,112.44,237.71,34.13,17.07,1
12027,Mumbai,Kharghar,3,BHK,873.1717966,Dealer,1,0,0,120.0,115.37,91.03,134.51,4.63,3.86,1
22089,Nagpur,raju nagar,2,BHK,818.3306056,Owner,0,1,1,20.0,31.96,21.16,46.66,11.96,59.8,0
19182,Maharashtra,Mulund (West),1,BHK,602.6051082,Dealer,1,1,0,130.0,88.29,80.16,109.68,41.71,32.08,0
8731,Chennai,Ayappakkam,2,BHK,905.1724138,Dealer,0,1,1,42.0,46.91,36.35,61.97,4.91,11.69,1
26251,Faridabad,Sector 82 Faridabad,2,BHK,475.0103263,Dealer,1,1,1,23.0,21.34,18.91,27.88,1.66,7.22,1
3422,Nagpur,Narendra Nagar,3,BHK,1451.144792,Owner,0,1,1,90.0,61.29,41.89,97.32,28.71,31.9,1
1187,Noida,Sector-151 Noida,3,BHK,1430.103683,Dealer,1,1,1,40.0,59.57,45.29,85.1,19.57,48.92,0
29359,Allahabad,Civil Lines,2,BHK,1350.007105,Dealer,1,1,1,95.0,52.06,33.49,68.73,42.94,45.2,0
4559,Surat,Trikamnagar,3,BHK,1550.387597,Owner,0,1,1,30.0,57.75,41.94,84.85,27.75,92.5,0
15730,Bangalore,Chandapura Anekel Road,2,BHK,620.0177147999999,Owner,0,1,1,35.0,27.77,16.75,39.77,7.23,20.66,1
8930,Ahmednagar,Kopargaon,1,BHK,548.5479613,Owner,0,1,1,18.7,20.55,10.6,26.3,1.85,9.89,1
16580,Mumbai,Jeejamata Nagar,3,BHK,1014.507457,Dealer,1,1,1,200.0,176.03,48.52,174.99,23.97,11.98,0
24272,Goa,Calangute,1,BHK,625.0,Owner,0,1,1,35.0,34.46,19.17,43.11,0.54,1.54,1
9315,Bangalore,Harlur,3,BHK,1719.804207,Dealer,0,1,1,130.0,130.46,82.55,168.53,0.46,0.35,1
27767,Kolkata,Picnic Garden,3,BHK,1232.067511,Dealer,0,1,1,73.0,64.28,40.42,98.63,8.72,11.95,1
16403,Guntur,Ratnagiri Nagar,2,BHK,1205.369894,Dealer,0,1,1,42.2,52.66,31.0,61.33,10.46,24.79,1
18887,Bangalore,Kanakapura,3,BHK,1287.634409,Dealer,0,1,1,47.9,67.81,43.66,95.7,19.91,41.57,1
20117,Maharashtra,Sector-34A Kharghar,2,BHK,1180.869907,Dealer,0,1,1,120.0,109.64,87.33,138.08,10.36,8.63,1
26741,Pune,Wakad,2,BHK,957.0765661,Dealer,0,0,1,49.5,61.68,45.44,77.29,12.18,24.61,1
13661,Mumbai,Kamothe,1,BHK,520.0,Owner,0,1,1,39.0,36.62,20.59,61.34,2.38,6.1,1
18039,Faridabad,Sector 75 Faridabad,1,BHK,312.1852971,Dealer,1,0,1,12.4,5.92,9.39,14.04,6.48,52.26,1
23725,Jabalpur,Ganga Nagar,3,BHK,1664.926931,Builder,0,1,0,31.9,55.25,43.42,85.37,23.35,73.2,0
8093,Lalitpur,Borivali (West),2,BHK,550.3577325,Dealer,1,1,1,140.0,122.97,98.44,140.22,17.03,12.16,1
5045,Chandigarh,Kharar,2,BHK,1260.02291,Owner,1,1,1,22.0,168.25,34.77,92.78,146.25,664.77,0
1129,Noida,Sector-44 Noida,2,BHK,1050.295858,Dealer,0,0,1,35.5,43.31,30.95,68.83,7.81,22.0,1
4603,Gurgaon,Sector-106 Gurgaon,4,BHK,1628.075253,Dealer,1,0,0,270.0,195.14,69.76,153.61,74.86,27.73,0
9164,Indore,Khandwa Road,3,BHK,1280.367695,Owner,0,1,1,39.0,39.14,29.42,45.56,0.14,0.36,1
22827,Gurgaon,Sector-48 Gurgaon,5,BHK,3375.0,Dealer,0,1,0,270.0,329.04,198.06,366.28,59.04,21.87,1
966,Lalitpur,Manish Nagar,2,BHK,1250.0,Dealer,0,1,1,52.0,300.08,160.46,405.48,248.08,477.08,0
2379,Vijayawada,Undavalli,2,BHK,1005.137369,Owner,0,1,1,45.0,38.11,27.8,49.24,6.89,15.31,1
14875,Vadodara,Gotri,3,BHK,1399.090591,Owner,0,1,1,40.0,37.94,32.06,54.42,2.06,5.15,1
16864,Chennai,Sholinganallur,2,BHK,1102.362205,Dealer,1,0,1,51.8,57.92,43.34,76.63,6.12,11.81,1
18269,Lalitpur,Ambernath,1,BHK,680.0286328,Dealer,1,1,1,28.5,59.7,27.38,89.54,31.2,109.47,1
24651,Chennai,Karapakkam,3,BHK,1450.0,Dealer,0,1,1,87.0,84.54,59.65,146.47,2.46,2.83,1
4504,Jalandhar,Pholriwal,2,BHK,820.2099738,Dealer,1,1,1,25.0,41.49,19.87,47.84,16.49,65.96,1
9797,Mumbai,Kalyan (West),3,BHK,1199.887069,Dealer,0,1,1,85.0,104.67,71.32,143.55,19.67,23.14,1
21557,Lalitpur,Jogeshwari (West),2,BHK,1223.491028,Dealer,0,1,1,180.0,231.26,160.02,349.67,51.26,28.48,1
8501,Bangalore,Peenya,2,BHK,854.0795929,Owner,0,1,1,47.0,41.18,24.06,58.57,5.82,12.38,1
5694,Noida,Sector-118 Noida,2,BHK,1260.178364,Owner,1,1,1,65.0,66.4,52.27,73.92,1.4,2.15,1
13156,Mohali,Sector-105 Mohali,3,BHK,1550.0,Dealer,0,1,1,46.5,61.21,40.71,71.87,14.71,31.63,1
28287,Lucknow,Sushant Golf City,3,BHK,1900.057002,Owner,0,1,1,100.0,89.76,66.15,107.57,10.24,10.24,1
4446,Mumbai,Andheri (West),3,BHK,1574.438527,Dealer,1,0,1,680.0,461.53,197.24,546.57,218.47,32.13,0
23379,Vadodara,Manjalpur,2,BHK,1100.110011,Owner,0,1,1,40.0,30.48,21.85,38.29,9.52,23.8,0
28163,Chandigarh,Zirakpur,3,BHK,1690.507152,Dealer,0,1,1,52.0,63.83,46.85,78.84,11.83,22.75,1
25188,Guwahati,R.G.Baruah Road,3,BHK,1810.10367,Dealer,0,1,1,110.0,90.63,59.7,144.61,19.37,17.61,1
20030,Bangalore,Whitefield,3,BHK,1979.152923,Owner,0,1,1,150.0,136.72,81.71,214.08,13.28,8.85,1
13515,Mumbai,Sector-27 Kharghar,3,BHK,1392.88699,Dealer,0,1,1,150.0,126.93,107.75,177.46,23.07,15.38,1
5803,Chennai,Pammal,3,BHK,1120.0,Dealer,0,1,1,44.8,57.22,42.98,74.79,12.42,27.72,1
15936,Maharashtra,Kalyan (West),1,BHK,460.5319059,Dealer,1,0,0,54.2,49.64,31.12,78.77,4.56,8.41,1
23262,Lalitpur,Manpada,2,BHK,1087.885617,Dealer,1,1,1,140.0,109.58,54.98,164.16,30.42,21.73,1
16565,Chennai,Perungudi,3,BHK,1518.159524,Dealer,1,1,1,130.0,113.92,72.96,166.4,16.08,12.37,1
16004,Lalitpur,Wanadongri,3,BHK,1449.82831,Builder,0,0,0,38.0,100.44,62.87,259.64,62.44,164.32,0
29322,Chandigarh,Zirakpur,1,BHK,649.6415771000001,Dealer,1,1,1,14.5,15.78,14.51,33.93,1.28,8.83,0
7001,Bhubaneswar,Ghatikia,3,BHK,1756.0512579999995,Dealer,1,1,1,74.0,97.93,64.59,130.21,23.93,32.34,1
3731,Lucknow,Hazrat ganj,2,BHK,750.0,Dealer,0,1,1,30.0,31.24,18.45,44.8,1.24,4.13,1
20773,Mohali,Aerocity,3,BHK,1407.407407,Dealer,1,0,1,47.5,59.06,42.88,80.33,11.56,24.34,1
26502,Bangalore,Electronic City Phase II,2,BHK,1203.548711,Dealer,1,1,1,71.9,69.29,50.11,84.23,2.61,3.63,1
1171,Mumbai,Goregaon (East),2,BHK,580.9040980000001,Dealer,1,0,0,110.0,163.39,128.89,203.18,53.39,48.54,0
1183,Kolkata,New Town,2,BHK,831.1564949,Dealer,0,1,1,35.0,29.38,23.49,50.21,5.62,16.06,1
8139,Jamshedpur,Mango,2,BHK,819.9121522999999,Owner,0,1,1,28.0,24.32,17.16,32.27,3.68,13.14,1
16212,Pune,Bhatewara Nagar,2,BHK,1100.016923,Owner,0,1,1,65.0,72.24,48.77,83.36,7.24,11.14,1
3870,Lalitpur,Powai,2,BHK,972.972973,Dealer,0,1,1,180.0,186.04,140.41,253.86,6.04,3.36,1
27765,Bangalore,Vijaya Bank Layout,2,BHK,838.1839348,Owner,0,1,1,36.0,39.4,24.14,46.52,3.4,9.44,1
19325,Maharashtra,Undri,2,BHK,767.522994,Builder,1,1,0,48.4,65.21,28.79,117.62,16.81,34.73,1
8336,Chandigarh,Zirakpur,3,BHK,1825.201825,Dealer,0,1,1,52.0,63.43,47.51,79.45,11.43,21.98,1
14053,Lalitpur,Vasant Vihar,4,BHK,2648.104714,Dealer,0,1,1,350.0,275.91,124.58,830.57,74.09,21.17,1
28326,Pune,Pimple Saudagar,2,BHK,966.053938,Owner,0,1,1,72.0,60.03,41.62,67.04,11.97,16.62,0
2293,Jaipur,Sector-10 Pratap Nagar Jaipur,2,BHK,1291.711518,Owner,0,1,1,48.0,45.95,31.08,63.45,2.05,4.27,1
3212,Kolkata,BataNagar,2,BHK,712.1057986000001,Owner,0,1,1,35.0,32.15,21.52,39.82,2.85,8.14,1
16775,Maharashtra,Andheri (East),1,BHK,321.0058182,Dealer,1,0,1,96.0,103.22,59.42,111.55,7.22,7.52,1
14896,Pune,Kharalwadi,3,BHK,1200.0,Owner,0,1,1,120.0,78.84,59.49,108.08,41.16,34.3,0
4695,Kakinada,Suresh nagar,2,BHK,1150.22656,Owner,0,1,1,33.0,43.1,30.51,51.21,10.1,30.61,1
22502,Bangalore,Doddakallasandra,2,BHK,1146.411483,Dealer,1,0,1,59.9,72.8,47.52,86.67,12.9,21.54,1
20745,Noida,Noida Extension,3,BHK,1290.322581,Owner,1,0,1,50.0,61.19,44.14,75.4,11.19,22.38,1
20648,Bangalore,Siddapura,4,BHK,2492.130115,Dealer,0,1,1,190.0,161.68,119.25,290.25,28.32,14.91,1
24805,Chandigarh,Sector-45 Chandigarh,2,BHK,599.2385367,Owner,0,1,1,36.2,53.23,18.23,48.14,17.03,47.04,1
4742,Bangalore,Whitefield,3,BHK,2072.109407,Dealer,0,1,1,150.0,167.14,103.38,228.65,17.14,11.43,1
13332,Bangalore,Rachenahalli,2,BHK,1200.138145,Owner,0,1,1,69.5,63.18,45.06,90.13,6.32,9.09,1
14916,Haridwar,Kankhal,2,BHK,1296.043656,Owner,0,1,1,38.0,41.59,28.2,60.59,3.59,9.45,1
7300,Mumbai,Ghodbunder Road,2,BHK,635.6886627,Dealer,1,0,0,76.2,90.56,40.9,129.02,14.36,18.85,1
24540,Jaipur,Shri Gopal Nagar,2,BHK,1250.0,Owner,0,1,1,70.0,52.01,29.1,73.38,17.99,25.7,1
149,Jaipur,Gopalpura Bypass,2,BHK,1355.01355,Owner,0,1,1,85.0,52.25,32.48,75.86,32.75,38.53,0
20116,Mumbai,Kasar vadavali,2,BHK,666.3004238,Dealer,1,0,0,84.9,80.5,49.7,119.44,4.4,5.18,1
10335,Pune,Baner,2,BHK,977.0889488,Dealer,0,1,1,58.0,72.29,52.02,87.69,14.29,24.64,1
4786,Jabalpur,Wright Town,3,BHK,1250.0,Owner,0,1,1,60.0,44.38,25.82,64.31,15.62,26.03,1
26993,Bangalore,Bannerghatta,3,BHK,2305.918524,Dealer,1,1,1,180.0,201.23,111.27,235.71,21.23,11.79,1
8051,Bangalore,Rajaji Nagar,2,BHK,1762.92222,Dealer,1,1,1,250.0,252.58,79.0,235.7,2.58,1.03,0
18042,Mohali,Sector-121 Mohali,3,BHK,2398.0815350000003,Dealer,1,1,1,100.0,125.66,83.08,147.31,25.66,25.66,1
7709,Bangalore,Electronics City Phase 1,2,BHK,1128.069011,Owner,0,1,1,85.0,50.86,38.67,69.4,34.14,40.16,0
45,Lalitpur,Wadala East,2,BHK,1026.694045,Dealer,0,1,1,220.0,188.66,144.82,249.82,31.34,14.25,1
14699,Pune,Wakad,2,BHK,1000.0,Dealer,1,1,1,70.0,62.13,51.02,79.66,7.87,11.24,1
15795,Jaipur,Jhotwara,3,BHK,1000.0,Owner,0,1,1,30.0,29.15,17.65,46.92,0.85,2.83,1
11161,Maharashtra,Karade Khurd,2,BHK,1008.14378,Dealer,0,0,1,35.9,81.69,48.54,177.01,45.79,127.55,0
15144,Kolkata,Sonarpur,2,BHK,1016.138673,Owner,0,1,1,34.0,46.83,32.05,54.31,12.83,37.74,1
12573,Indore,Race Course Road,4,BHK,2800.33604,Dealer,0,1,1,200.0,192.95,129.98,320.33,7.05,3.52,1
14615,Lalitpur,Mulund (West),2,BHK,1474.926254,Dealer,1,1,1,230.0,207.96,151.01,253.19,22.04,9.58,1
15997,Pune,Shivramnagar,1,BHK,560.0,Owner,0,1,1,35.0,32.54,20.67,45.0,2.46,7.03,1
23772,Bangalore,Amruthnagar,3,BHK,1700.0,Owner,0,1,1,85.0,111.18,78.6,159.98,26.18,30.8,1
9064,Gurgaon,Sector-60 Gurgaon,2,BHK,1489.629884,Dealer,1,1,1,130.0,105.52,69.56,124.69,24.48,18.83,0
12039,Bangalore,Akshaya Nagar,3,BHK,1410.146174,Dealer,0,1,1,82.0,85.98,59.6,122.19,3.98,4.85,1
11779,Kolkata,Pratapgarh,2,BHK,1000.0,Dealer,0,1,1,33.0,50.9,28.84,70.37,17.9,54.24,1
10653,Bangalore,Avalahalli,2,BHK,1261.083744,Dealer,0,1,1,64.0,70.81,49.52,101.89,6.81,10.64,1
6192,Ghaziabad,Shakti Khand 1,1,BHK,405.0073638,Dealer,0,1,1,22.0,22.71,14.46,22.82,0.71,3.23,1
28635,Pune,Tathawade,2,BHK,925.1471825,Dealer,1,0,1,55.0,55.43,44.73,72.58,0.43,0.78,1
22893,Kochi,Infopark,3,BHK,1650.456823,Dealer,0,1,1,56.0,101.06,70.04,136.7,45.06,80.46,0
11876,Pune,Tathawade,2,BHK,995.0248756,Dealer,1,0,1,62.0,56.03,48.08,77.63,5.97,9.63,1
21900,Jaipur,Mansarovar Extension,2,BHK,1099.776857,Dealer,0,1,1,34.5,30.72,21.77,48.59,3.78,10.96,1
19154,Ghaziabad,Raj Nagar Extension,3,BHK,1450.326323,Owner,1,1,1,60.0,49.75,39.22,64.22,10.25,17.08,1
20799,Lalitpur,Roadpali,3,BHK,1680.2016239999998,Dealer,0,1,1,120.0,223.57,92.49,275.71,103.57,86.31,1
12234,Bangalore,Nagarbhavi,2,BHK,986.9565217,Dealer,1,1,1,45.4,55.62,41.68,79.94,10.22,22.51,1
3340,Lalitpur,Kanjur Marg (East),2,BHK,1212.95222,Dealer,1,0,1,230.0,126.71,58.62,200.7,103.29,44.91,0
9105,Bangalore,Uttarahalli,3,BHK,1589.371981,Dealer,1,1,1,65.8,105.21,74.1,139.28,39.41,59.89,0
17889,Chennai,Tambaram,2,BHK,935.1620948,Owner,0,1,1,45.0,45.38,33.57,60.07,0.38,0.84,1
3735,Maharashtra,Sector-3 Ulwe,3,BHK,2333.333333,Dealer,1,1,1,210.0,229.62,142.22,391.58,19.62,9.34,1
26595,Visakhapatnam,Pendurthi Mandal,2,BHK,1150.0,Owner,0,0,1,34.5,42.3,29.22,50.09,7.8,22.61,1
5260,Pune,Kondhwa,3,BHK,1566.059226,Owner,0,1,1,110.0,122.94,75.29,179.8,12.94,11.76,1
8818,Ghaziabad,Crossing Relublik Nh-24,3,BHK,1698.911729,Dealer,1,1,1,56.2,76.77,53.64,102.1,20.57,36.6,1
12530,Bangalore,Magadi Road,3,BHK,1664.239651,Dealer,0,1,1,160.0,122.42,76.69,160.33,37.58,23.49,1
14790,Bhilai,Smriti Nagar,4,BHK,2250.88518,Owner,0,1,1,44.5,82.15,51.55,148.66,37.65,84.61,0
24997,Faridabad,Sector 86 Faridabad,2,BHK,592.0041004999999,Dealer,1,1,1,23.1,21.31,20.82,27.72,1.79,7.75,1
23594,Kolkata,Mahamayatala,3,BHK,1295.336788,Owner,0,1,1,40.0,71.68,41.76,88.13,31.68,79.2,0
27530,Pune,Pimple Nilakh,4,BHK,4441.846873,Dealer,1,1,1,380.0,309.96,249.26,885.78,70.04,18.43,1
6021,Noida,Sector-78 Noida,3,BHK,2104.820038,Owner,1,1,1,100.0,138.21,85.4,194.3,38.21,38.21,1
7556,Noida,Sector-75 Noida,3,BHK,1746.253746,Owner,1,1,1,87.4,96.41,75.28,110.87,9.01,10.31,1
6390,Ghaziabad,Bhopura,2,BHK,700.1166861,Owner,0,1,1,30.0,27.31,18.05,43.64,2.69,8.97,1
23391,Mumbai,Malad (East),2,BHK,930.0162752999998,Dealer,1,0,1,120.0,147.44,131.3,181.75,27.44,22.87,0
2712,Lucknow,Chinhat,3,BHK,1280.097531,Owner,0,1,1,42.0,56.93,38.17,75.57,14.93,35.55,1
1003,Bangalore,Konanakunte,3,BHK,1764.446405,Dealer,1,0,1,160.0,136.29,86.59,162.5,23.71,14.82,1
3233,Pune,Koregaon Park Annexe,3,BHK,1650.165017,Dealer,0,1,1,150.0,131.63,78.67,183.37,18.37,12.25,1
4822,Pune,Hinjewadi,2,BHK,1232.0328539999998,Owner,1,1,1,90.0,73.56,62.58,102.99,16.44,18.27,1
25122,Lalitpur,Khadakpada,2,BHK,1059.92662,Dealer,0,1,1,78.0,107.45,54.58,163.6,29.45,37.76,1
13275,Chennai,R K Salai,3,BHK,1920.529801,Owner,0,1,1,290.0,127.28,77.04,240.62,162.72,56.11,0
25643,Bhiwadi,Alwar Bhiwadi Road,2,BHK,850.2024291000001,Owner,0,1,1,21.0,21.37,15.37,39.41,0.37,1.76,1
7629,Lucknow,Sector-6 Jankipuram Vistar,2,BHK,678.109769,Owner,0,1,1,32.0,27.72,16.34,42.2,4.28,13.38,1
17706,Noida,Noida Extension,3,BHK,1339.848676,Dealer,1,1,1,42.5,54.09,42.86,82.53,11.59,27.27,0
27159,Chandigarh,Zirakpur,2,BHK,1120.224982,Dealer,1,0,1,47.8,37.26,34.08,45.98,10.54,22.05,0
22011,Chennai,Triplicane,2,BHK,1100.0,Dealer,0,1,1,110.0,81.52,39.89,103.29,28.48,25.89,0
23167,Kolkata,Kestopur,2,BHK,650.1182033,Dealer,0,1,1,22.0,27.89,16.69,42.0,5.89,26.77,1
20952,Bangalore,Poorna Pragna Layout,3,BHK,1400.0,Dealer,0,1,1,78.4,86.02,57.05,122.19,7.62,9.72,1
28826,Kolkata,Madhyamgram,2,BHK,903.024911,Dealer,0,0,1,20.3,30.8,23.5,39.71,10.5,51.72,0
4335,Indore,Nipania,2,BHK,1360.0,Dealer,1,1,1,47.6,49.5,39.47,59.62,1.9,3.99,1
14608,Rohtak,Sampla,3,BHK,1125.175809,Owner,0,1,1,32.0,29.05,21.62,45.73,2.95,9.22,1
21720,Chandigarh,Sector-49 Chandigarh,2,BHK,1100.029334,Dealer,0,1,1,75.0,66.29,31.07,82.45,8.71,11.61,1
10309,Jaipur,Mansarovar,3,BHK,1349.872309,Dealer,0,1,1,37.0,41.61,29.47,61.7,4.61,12.46,1
13269,Pune,Balewadi,2,BHK,1095.100865,Owner,1,1,1,95.0,62.36,51.07,75.3,32.64,34.36,0
27630,Pune,Ravet,1,BHK,607.028754,Dealer,1,1,1,38.0,34.24,27.56,42.26,3.76,9.89,1
17330,Jaipur,Nirman Nagar,3,BHK,1733.102253,Dealer,0,0,1,60.0,99.79,59.86,157.17,39.79,66.32,1
1493,Ranchi,Kokar,3,BHK,1400.0,Dealer,0,1,1,56.0,52.51,33.66,69.14,3.49,6.23,1
2462,Pune,Hinjewadi Phase 1,2,BHK,939.0773565,Dealer,1,0,1,80.0,55.43,46.23,80.02,24.57,30.71,1
19391,Noida,Sector-151 Noida,3,BHK,2250.463331,Owner,1,1,1,85.0,126.23,76.42,200.67,41.23,48.51,1
19442,Gurgaon,Sector-82 Gurgaon,3,BHK,2036.245164,Dealer,0,1,1,100.0,131.94,100.51,192.36,31.94,31.94,0
28909,Faridabad,Sector 88 Faridabad,2,BHK,1273.3748890000002,Dealer,0,1,1,42.9,46.06,38.44,47.79,3.16,7.37,1
15315,Kota,Prem Nagar,1,BHK,425.0797024,Owner,0,1,1,4.0,21.24,11.3,34.96,17.24,431.0,0
11188,Bangalore,Thubarahalli,3,BHK,1740.038281,Owner,0,1,1,100.0,110.5,75.28,149.87,10.5,10.5,1
3124,Noida,Sector-107 Noida,3,BHK,1700.1020059999998,Dealer,1,1,1,100.0,91.51,74.98,121.09,8.49,8.49,1
21667,Bangalore,Hennur Bande,2,BHK,1100.076394,Owner,0,1,1,72.0,58.28,39.44,73.66,13.72,19.06,1
28722,Visakhapatnam,Kancharapalem,3,BHK,1380.0205970000002,Owner,0,1,1,67.0,53.92,37.88,70.32,13.08,19.52,1
9647,Mumbai,Ghodbunder Road,2,BHK,750.0421372000001,Dealer,1,1,1,89.0,90.28,39.27,134.5,1.28,1.44,1
903,Faridabad,Sector 82 Faridabad,2,BHK,473.8302934,Dealer,1,1,1,23.9,21.34,18.91,27.88,2.56,10.71,1
23576,Bhiwadi,Alwar Bypass Road,3,BHK,1596.715328,Dealer,0,1,1,35.0,50.71,31.5,68.44,15.71,44.89,1
7357,Lalitpur,Mira Bhayandar,1,BHK,559.7222222,Dealer,1,0,1,40.3,43.42,25.59,61.72,3.12,7.74,1
9352,Pune,Hinjewadi,2,BHK,1372.212693,Dealer,1,1,1,80.0,86.84,73.57,135.89,6.84,8.55,1
3804,Lalitpur,Sector 35I Kharghar,1,BHK,700.0622278,Dealer,0,1,1,45.0,64.84,26.22,105.59,19.84,44.09,1
24454,Mohali,Sector-66b Mohali,3,BHK,1649.824706,Dealer,1,1,1,80.0,67.63,46.71,78.75,12.37,15.46,0
25427,Lucknow,Husainganj,3,BHK,1300.020313,Owner,0,1,1,64.0,60.85,38.29,77.4,3.15,4.92,1
20420,Kanpur,Ratan Lal Nagar,2,BHK,1200.0,Owner,0,1,1,36.0,43.09,26.05,60.21,7.09,19.69,1
26519,Jaipur,Narayan Vihar,3,BHK,1250.0,Dealer,0,1,1,27.0,37.73,26.72,56.97,10.73,39.74,1
24845,Kolkata,New Town,2,BHK,779.8791187,Dealer,0,1,1,40.0,28.81,22.66,49.95,11.19,27.98,1
16435,Valsad,pramukh darsan,3,BHK,1849.948613,Owner,0,1,1,54.0,52.29,50.07,84.62,1.71,3.17,1
27100,Chennai,Padi Pudur Nagar,2,BHK,1000.0,Dealer,0,1,1,67.2,45.81,30.4,68.42,21.39,31.83,1
27532,Indore,Mig Colony,2,BHK,1300.148588,Owner,0,1,1,70.0,43.93,31.6,47.94,26.07,37.24,0
25324,Bangalore,Vijayanagar,2,BHK,1283.932502,Dealer,0,1,1,70.0,82.83,51.48,112.04,12.83,18.33,1
12807,Panchkula,Sector-20 Panchkula,3,BHK,1750.0,Dealer,0,1,1,56.0,72.98,44.45,105.67,16.98,30.32,1
16474,Lalitpur,Kalamboli,1,BHK,645.0645065,Dealer,0,1,1,43.0,58.7,25.78,89.72,15.7,36.51,1
24391,Chandigarh,Zirakpur,3,BHK,1530.328325,Owner,1,1,1,55.0,58.6,43.64,76.48,3.6,6.55,1
25647,Rajnandgaon,B C ROAD,2,BHK,1000.0,Owner,0,1,1,33.0,30.05,18.85,43.82,2.95,8.94,1
14874,Goa,Mapusa,3,BHK,1291.557044,Dealer,0,0,1,54.0,74.72,46.75,116.43,20.72,38.37,1
1830,Noida,Sector-45 Noida,3,BHK,1383.3448039999998,Dealer,0,1,1,40.2,67.91,44.37,86.39,27.71,68.93,0
8339,Vadodara,Waghodia Road,2,BHK,820.2099738,Owner,0,1,1,25.0,22.94,16.56,31.67,2.06,8.24,1
3450,Mumbai,Malad-w,3,BHK,1525.087693,Dealer,0,1,1,200.0,302.26,194.28,370.73,102.26,51.13,1
14905,Mumbai,Goregaon (East),2,BHK,1191.895113,Dealer,0,1,1,180.0,228.42,148.37,293.98,48.42,26.9,1
10168,Vadodara,Tandalja,1,BHK,499.6690933,Owner,0,1,1,15.1,8.14,9.89,23.07,6.96,46.09,1
24148,Ghaziabad,Bhopura,2,BHK,1072.386059,Dealer,1,1,1,28.0,37.42,30.08,60.65,9.42,33.64,0
23192,Bangalore,Muthurayya Swamy Layout,3,BHK,1784.917448,Owner,0,1,1,120.0,119.96,78.6,178.73,0.04,0.03,1
14578,Bangalore,Electronics City Phase 1,2,BHK,1050.052503,Owner,0,0,1,60.0,49.34,33.95,66.97,10.66,17.77,1
13593,Bangalore,Kenchenahalli,3,BHK,1534.874684,Dealer,0,1,1,79.0,103.43,69.19,143.34,24.43,30.92,1
18065,Mumbai,Majiwada,2,BHK,1055.037806,Dealer,0,1,1,120.0,113.91,86.61,143.71,6.09,5.07,1
4777,Pune,Nageshwar Nagar,1,BHK,705.0378157,Owner,0,1,1,55.0,42.28,16.02,49.16,12.72,23.13,0
29004,Bangalore,Kanakpura Road,3,BHK,1510.093785,Dealer,1,0,1,95.0,97.24,66.6,125.54,2.24,2.36,1
16675,Vadodara,Sevasi,4,BHK,3200.0,Dealer,0,1,1,100.0,157.97,103.17,224.02,57.97,57.97,0
18847,Lalitpur,Chembur,3,BHK,1140.0114,Dealer,0,1,1,380.0,267.56,189.03,344.64,112.44,29.59,0
17393,Mumbai,Sector 17 Ulwe,1,BHK,620.0770907000001,Dealer,0,0,1,37.0,45.58,26.72,88.12,8.58,23.19,1
21942,Noida,Sector-150 Noida,4,BHK,1591.451631,Dealer,1,0,0,140.0,113.6,60.24,111.27,26.4,18.86,0
27680,Bangalore,Koramangala,2,BHK,1410.012674,Owner,0,1,1,89.0,90.17,57.42,121.34,1.17,1.31,1
17545,Maharashtra,Bandra Kurla Complex,2,BHK,1300.040346,Dealer,1,1,1,290.0,477.76,160.49,500.62,187.76,64.74,1
17615,Bangalore,Ambalipura,2,BHK,1173.738653,Owner,0,1,1,55.6,63.11,45.35,85.95,7.51,13.51,1
13581,Bangalore,Whitefield,3,BHK,2485.089463,Dealer,1,1,1,150.0,176.95,123.45,313.49,26.95,17.97,1
6230,Madurai,K.Pudur,2,BHK,850.1118567999999,Owner,0,1,1,38.0,27.62,23.38,41.12,10.38,27.32,1
22488,Ghaziabad,Indirapuram,2,BHK,1250.0,Owner,0,1,1,72.0,62.83,37.45,77.71,9.17,12.74,1
28568,Vadodara,Gotri,2,BHK,1032.098765,Owner,1,1,1,20.9,27.73,23.19,38.07,6.83,32.68,0
28294,Indore,Dewas Naka(Panchvati),2,BHK,1150.527325,Owner,0,1,1,24.0,36.06,25.79,37.47,12.06,50.25,0
15500,Bangalore,Lottegolla Halli,4,BHK,3750.170462,Owner,0,1,1,550.0,803.51,227.64,428.66,253.51,46.09,0
19310,Bahadurgarh,Sector-15 Bahadurgarh,1,BHK,536.0333532,Dealer,0,1,1,18.0,14.28,10.12,32.61,3.72,20.67,1
17386,Panchkula,Sector-20 Panchkula,3,BHK,2000.0,Dealer,0,1,1,59.9,78.61,50.54,125.79,18.71,31.24,1
5087,Bangalore,Electronic City,3,BHK,1156.069364,Owner,0,1,1,44.0,53.1,39.22,78.28,9.1,20.68,1
12854,Ghaziabad,Shalimar garden,3,BHK,999.8591748,Owner,0,1,1,71.0,39.0,27.11,61.69,32.0,45.07,0
542,Vadodara,Ajwa Road,2,BHK,1150.0,Dealer,0,1,1,23.0,36.31,25.12,52.55,13.31,57.87,0
16958,Lalitpur,Thane West,3,BHK,1266.015091,Dealer,1,1,1,250.0,189.1,140.56,262.29,60.9,24.36,1
24234,Bilaspur,Shrikant Verma Road,2,BHK,899.820036,Owner,0,1,1,30.0,30.83,17.26,42.0,0.83,2.77,1
5882,Lalitpur,Virar West,1,BHK,389.6443515,Dealer,1,0,1,29.8,20.01,26.73,62.75,9.79,32.85,1
14968,Bangalore,Sarjapur Road,2,BHK,1320.132013,Owner,1,1,1,80.0,71.53,59.46,95.44,8.47,10.59,1
16085,Anantapur,Anantapur,2,BHK,620.1550387999999,Owner,0,1,1,20.0,26.4,13.54,44.96,6.4,32.0,1
8375,Kolkata,New Town,3,BHK,2255.3782100000003,Dealer,0,1,1,130.0,130.65,93.45,251.56,0.65,0.5,1
23107,Maharashtra,Borivali (East),2,BHK,965.5172414,Dealer,0,1,1,140.0,149.11,96.18,169.14,9.11,6.51,1
18422,Bangalore,Bommasandra,2,BHK,900.2770082999999,Owner,0,1,1,26.0,39.08,27.43,49.51,13.08,50.31,0
11709,Kolkata,Dum Dum,2,BHK,830.0506472,Owner,0,1,1,29.5,23.42,20.42,40.77,6.08,20.61,1
24363,Bhavnagar,Fulsar Road,1,BHK,520.0308166,Owner,0,1,1,13.5,16.02,8.79,24.14,2.52,18.67,1
25874,Solan,parwanoo,3,BHK,944.8818898,Owner,0,1,1,30.0,38.34,21.08,59.93,8.34,27.8,1
1332,Goa,Sangolda,2,BHK,1464.002756,Owner,0,1,1,85.0,76.56,41.27,131.29,8.44,9.93,1
9473,Bangalore,Thanisandra,3,BHK,1573.200074,Dealer,0,1,1,85.0,100.95,69.53,142.38,15.95,18.76,1
2903,Kolkata,Sodepur,3,BHK,1500.0,Owner,0,1,1,30.0,65.94,45.6,98.66,35.94,119.8,0
28574,Jaipur,Sikar Road,2,BHK,750.1071582000001,Dealer,0,1,1,17.5,19.65,11.45,40.49,2.15,12.29,1
10795,Maharashtra,Sector-30 Belapur,3,BHK,1760.0,Dealer,0,1,1,220.0,201.85,127.78,264.38,18.15,8.25,1
14880,Bangalore,Rayasandra,3,BHK,1708.17721,Owner,0,1,1,77.5,99.78,71.47,134.06,22.28,28.75,1
28045,Kanpur,Keshav Nagar,2,BHK,1250.0,Dealer,0,1,1,36.0,42.81,28.4,59.46,6.81,18.92,1
8136,Secunderabad,Shri Jagadamba Enclave,3,BHK,1672.104405,Owner,0,1,1,82.0,73.69,52.84,89.06,8.31,10.13,1
5253,Lalitpur,Sector 10 Kharghar,1,BHK,665.0480312000001,Dealer,0,1,1,63.0,47.62,46.49,70.35,15.38,24.41,1
19247,Bangalore,JP Nagar,2,BHK,1320.132013,Dealer,0,1,1,92.0,82.74,55.7,112.99,9.26,10.07,1
5298,Ranchi,Ratu Road,3,BHK,1445.177505,Dealer,0,1,1,46.0,51.64,35.54,64.19,5.64,12.26,1
16033,Noida,Sector-168 Noida,2,BHK,956.857074,Dealer,1,1,1,39.7,37.91,26.76,53.33,1.79,4.51,1
5376,Nagpur,Trimurti Nagar,2,BHK,1000.0,Owner,0,1,1,42.0,38.1,26.4,55.76,3.9,9.29,1
15512,Panchkula,Sector-20 Panchkula,3,BHK,1839.926403,Dealer,0,1,1,60.0,74.87,45.12,106.09,14.87,24.78,1
7853,Noida,Sector-34 Noida,2,BHK,1075.082365,Dealer,0,1,1,62.0,51.39,39.18,63.91,10.61,17.11,1
5432,Pune,Tathawade,2,BHK,910.1040119,Dealer,1,0,1,49.0,54.2,44.73,72.58,5.2,10.61,1
24600,Vadodara,Nizampura,3,BHK,1450.025893,Dealer,0,1,1,56.0,45.93,33.82,73.73,10.07,17.98,1
8305,Visakhapatnam,Gajuwaka,2,BHK,1100.0,Builder,1,1,0,36.3,34.85,31.67,47.03,1.45,3.99,1
11618,Pune,Yewalewadi,2,BHK,1072.041166,Owner,1,1,1,50.0,58.97,50.13,74.15,8.97,17.94,0
4953,Pune,Kondhwa,3,BHK,1465.144972,Dealer,0,1,1,95.0,117.27,72.41,169.49,22.27,23.44,1
21767,Dehradun,Kulhan,3,BHK,2302.867384,Dealer,1,1,1,77.1,94.83,64.05,133.29,17.73,23.0,1
23276,Hubli,New hubli,2,BHK,990.0990099,Owner,0,1,1,28.0,39.56,24.16,54.35,11.56,41.29,1
507,Pune,Baner,1,BHK,739.9817851,Dealer,0,1,1,65.0,58.36,35.5,57.97,6.64,10.22,0
6825,Jaipur,Royal City,2,BHK,775.1937984,Owner,0,1,1,13.0,26.08,19.82,44.49,13.08,100.62,0
14675,Lalitpur,Sector 40 Seawoods,1,BHK,800.0,Dealer,0,1,1,87.0,97.56,37.37,88.38,10.56,12.14,1
18764,Bangalore,Jakkur,2,BHK,1100.020371,Dealer,0,1,1,54.0,64.6,41.6,85.0,10.6,19.63,1
6488,Lalitpur,Vichumbe,2,BHK,1200.0,Dealer,0,1,1,60.0,122.98,59.84,172.33,62.98,104.97,1
3914,Lalitpur,Sector 17 Ulwe,1,BHK,640.0,Dealer,0,1,1,44.0,46.91,33.57,81.06,2.91,6.61,1
28961,Lucknow,Chak mallhauri chinhat,1,BHK,700.0350017999999,Owner,0,1,1,20.0,33.12,15.3,41.42,13.12,65.6,1
26670,Chennai,Purasalwalkam,2,BHK,750.0220595,Owner,0,0,1,85.0,52.89,24.9,54.04,32.11,37.78,0
9266,Chennai,ECR,3,BHK,1500.0,Dealer,1,0,0,69.0,91.0,66.25,156.14,22.0,31.88,1
29361,Lucknow,Sarojini Nagar,2,BHK,1090.1591039999998,Owner,1,0,1,37.0,38.37,32.8,55.78,1.37,3.7,1
17007,Maharashtra,Mira Road,1,BHK,768.8448513999999,Dealer,1,0,1,61.3,62.98,55.11,71.56,1.68,2.74,1
7700,Bhopal,Bawadia Kalan,3,BHK,1800.411523,Owner,0,0,1,70.0,55.77,39.7,93.55,14.23,20.33,1
20931,Nagpur,Mankapur,2,BHK,1100.0,Owner,0,1,1,33.0,42.01,28.42,59.79,9.01,27.3,1
23127,Lalitpur,Sector-23 Taloja,2,BHK,1141.476111,Dealer,1,0,1,61.4,109.74,61.48,151.64,48.34,78.73,0
23473,Chandrapur,ATHARV COLONY CIVIL LINE,2,BHK,950.0805153,Owner,0,1,1,29.5,29.32,18.21,43.28,0.18,0.61,1
12938,Mohali,Sector-126 Mohali,2,BHK,1075.006108,Dealer,1,0,1,44.0,35.93,24.75,58.23,8.07,18.34,1
19075,Indore,Talawali Chanda,3,BHK,1352.459016,Dealer,1,1,1,33.0,37.89,31.32,49.79,4.89,14.82,1
26627,Mumbai,Thakur Village,2,BHK,1116.4867880000002,Dealer,1,0,1,180.0,163.8,73.44,238.7,16.2,9.0,1
24958,Bangalore,Konanakunte,4,BHK,2594.95164,Dealer,1,0,1,220.0,240.96,152.1,320.97,20.96,9.53,1
27581,Lucknow,Faizabad Road,3,BHK,1224.246044,Dealer,1,1,1,41.0,51.82,36.85,75.1,10.82,26.39,1
7954,Jaipur,Ajmer Road,2,BHK,1070.154578,Owner,0,1,1,27.0,31.66,19.99,47.94,4.66,17.26,1
19008,Jaipur,Jagatpura,1,BHK,600.0,Dealer,0,1,1,18.0,15.32,13.6,27.75,2.68,14.89,1
15546,Bangalore,ITPL,3,BHK,4303.388919,Dealer,1,0,1,240.0,237.64,138.7,510.44,2.36,0.98,1
11356,Noida,Sector-62 Noida,3,BHK,1600.0,Owner,0,1,1,80.0,92.58,63.77,111.15,12.58,15.72,1
5250,Kolkata,Garia,3,BHK,1155.187446,Owner,0,1,1,53.0,50.8,37.42,71.65,2.2,4.15,1
4179,Mohali,Sector-121 Mohali,4,BHK,3134.040501,Dealer,1,1,1,130.0,149.76,101.97,181.05,19.76,15.2,1
12707,Noida,Sector-108 Noida,3,BHK,2666.666667,Dealer,1,1,1,200.0,186.09,116.39,238.0,13.91,6.96,1
5885,Bangalore,Horamavu Agara,3,BHK,1211.973716,Dealer,0,1,1,49.8,71.45,43.96,95.28,21.65,43.47,1
18836,Dharuhera,NH-8,2,BHK,975.0152346,Dealer,0,1,1,32.0,33.25,22.07,56.43,1.25,3.91,1
16585,Noida,Sector-134 Noida,3,BHK,1220.220802,Dealer,1,1,1,42.0,56.93,41.79,78.62,14.93,35.55,1
23590,Coimbatore,Ramnagar,3,BHK,1700.060716,Dealer,0,1,1,84.0,88.99,59.6,123.69,4.99,5.94,1
21924,Jaipur,Ajmer Road,4,BHK,3000.0,Owner,0,1,1,90.0,137.38,74.81,241.22,47.38,52.64,1
10379,Lalitpur,Kandivali (East),3,BHK,1800.0,Dealer,1,0,1,360.0,272.98,194.56,343.41,87.02,24.17,0
26812,Lalitpur,Samata Nagar,2,BHK,1042.83054,Dealer,0,1,1,140.0,118.22,96.94,150.24,21.78,15.56,1
25906,Noida,Sector-137 Noida,3,BHK,1715.265866,Dealer,0,1,1,110.0,89.42,69.22,123.23,20.58,18.71,1
21463,Faridabad,Sector 80 Faridabad,3,BHK,1380.068393,Dealer,1,1,1,56.5,47.24,39.49,54.72,9.26,16.39,0
10453,Guwahati,Ganeshguri,3,BHK,1200.192031,Owner,0,1,1,50.0,44.83,34.97,68.97,5.17,10.34,1
6499,Bangalore,Begur Road,3,BHK,1358.134042,Dealer,1,1,1,92.0,81.84,55.01,101.68,10.16,11.04,1
28062,Chandigarh,Zirakpur,3,BHK,1600.108666,Dealer,0,0,1,58.9,58.33,41.93,75.78,0.57,0.97,1
16422,Pune,Wagholi,1,BHK,613.0653265999999,Dealer,1,1,1,30.5,35.16,27.22,46.79,4.66,15.28,1
27820,Bhubaneswar,Gudiapokhari,2,BHK,1260.504202,Owner,0,1,1,30.0,52.77,38.31,70.72,22.77,75.9,0
7781,Chandigarh,Zirakpur,3,BHK,1578.753228,Dealer,1,1,1,42.8,56.87,44.31,68.85,14.07,32.87,0
9511,Lalitpur,Seven Bunglow,2,BHK,1223.404255,Dealer,0,1,1,230.0,134.85,61.04,203.51,95.15,41.37,0
13591,Bangalore,Whitefield,3,BHK,1578.418711,Dealer,1,1,1,110.0,101.33,72.89,135.8,8.67,7.88,1
15716,Visakhapatnam,Madhurawada,2,BHK,1000.0,Dealer,0,0,1,36.0,35.3,22.89,50.71,0.7,1.94,1
17786,Maharashtra,Malad (East),2,BHK,1168.861529,Dealer,1,0,1,150.0,165.89,148.77,194.92,15.89,10.59,1
6994,Lalitpur,Kanchpada,2,BHK,1090.012048,Dealer,1,0,1,190.0,109.04,54.89,164.16,80.96,42.61,0
15833,Bangalore,Doddathoguru,2,BHK,1020.942408,Owner,0,1,1,39.0,47.06,34.4,64.68,8.06,20.67,1
16224,Mumbai,Dhokali,3,BHK,1146.851619,Dealer,1,0,1,210.0,227.08,98.21,431.13,17.08,8.13,1
22268,Mangalore,Attavara,2,BHK,1275.0,Dealer,0,0,1,66.3,55.67,39.42,70.32,10.63,16.03,1
28781,Chandigarh,Zirakpur,2,BHK,1308.571429,Dealer,1,0,1,45.8,48.2,39.99,57.14,2.4,5.24,1
28948,Chennai,Vadapalani,2,BHK,570.0072546,Owner,0,1,1,55.0,49.37,20.69,50.99,5.63,10.24,0
21635,Faridabad,Sector 84 Faridabad,3,BHK,1300.156915,Owner,0,1,1,58.0,47.46,36.9,52.82,10.54,18.17,0
24870,Lalitpur,Malad (West),2,BHK,1125.990268,Dealer,0,1,1,280.0,165.38,156.32,206.78,114.62,40.94,0
7990,Jaipur,Dadi Ka Phatak,2,BHK,750.1875468999999,Owner,0,1,1,20.0,21.14,13.85,40.31,1.14,5.7,1
22944,Bhubaneswar,Patia,2,BHK,920.0283086,Owner,0,1,1,65.0,33.36,23.82,40.16,31.64,48.68,0
1541,Kolkata,Salt Lake,3,BHK,1209.628644,Dealer,0,0,1,100.0,62.84,35.9,101.86,37.16,37.16,1
9264,Noida,Sector-78 Noida,1,BHK,585.0585058999999,Owner,1,1,1,32.5,30.25,21.1,39.15,2.25,6.92,1
26083,Bangalore,Gottigere,3,BHK,1298.850575,Builder,1,0,0,56.5,70.13,44.54,91.8,13.63,24.12,1
15063,Chennai,Kallikuppam,1,BHK,552.0654864,Owner,0,1,1,29.0,25.9,17.36,39.13,3.1,10.69,1
8368,Maharashtra,Hiranandani Estate,2,BHK,800.0,Dealer,0,1,1,95.0,109.86,83.36,132.69,14.86,15.64,1
15006,Mumbai,Chembur,2,BHK,701.9185774,Dealer,0,1,1,180.0,171.48,131.08,217.74,8.52,4.73,1
16277,Bhopal,GOVINDGARDEN,2,BHK,1000.0,Owner,0,1,1,25.0,28.56,19.13,46.04,3.56,14.24,1
15213,Bangalore,Malleshwaram,4,BHK,4265.565875,Dealer,0,0,1,620.0,641.51,258.65,614.09,21.51,3.47,0
29035,Maharashtra,Chandivali,3,BHK,1381.2949640000002,Dealer,0,1,1,240.0,195.63,75.19,281.75,44.37,18.49,1
21984,Faridabad,Sector 84 Faridabad,3,BHK,1400.107701,Dealer,0,1,1,52.0,47.47,39.6,54.26,4.53,8.71,1
3265,Bangalore,Electronics City Phase 1,2,BHK,1335.23233,Owner,1,1,1,75.0,71.59,60.04,93.61,3.41,4.55,1
14292,Noida,Sector-150 Noida,4,BHK,3157.894737,Dealer,1,0,0,150.0,212.64,143.85,343.86,62.64,41.76,1
3840,Lalitpur,Kasar vadavali,2,BHK,730.0042319,Dealer,0,1,1,69.0,108.46,43.11,183.0,39.46,57.19,1
8390,Kharagpur,Inda,2,BHK,687.732342,Owner,0,0,1,18.5,19.47,13.48,28.74,0.97,5.24,1
8786,Kolkata,Sodepur,2,BHK,1100.478469,Owner,0,1,1,23.0,42.63,31.47,58.05,19.63,85.35,0
1975,Maharashtra,Bhayandarpada,1,BHK,661.0439936,Dealer,0,1,1,58.0,65.7,36.31,121.56,7.7,13.28,1
3945,Vadodara,Subhanpura,2,BHK,1020.10201,Dealer,0,1,1,34.0,28.29,22.53,45.9,5.71,16.79,1
13187,Bangalore,7th Phase JP Nagar,3,BHK,1781.825381,Owner,0,1,1,90.0,118.84,71.39,184.15,28.84,32.04,1
25955,Pune,Balewadi,2,BHK,1094.159347,Dealer,1,0,1,71.0,67.64,53.42,86.06,3.36,4.73,1
10021,Pune,Hinjewadi,3,BHK,1687.194196,Dealer,1,1,1,100.0,118.62,94.35,183.59,18.62,18.62,1
7786,Nagpur,Jafar Nagar,3,BHK,1400.203666,Dealer,0,1,1,55.0,60.62,40.23,92.21,5.62,10.22,1
18666,Maharashtra,Breach Candy,3,BHK,1821.103374,Dealer,0,1,1,1020.0,1081.37,216.7,1399.08,61.37,6.02,1
24203,Faridabad,Sector 80 Faridabad,2,BHK,1250.0,Dealer,1,1,1,44.0,45.2,38.6,48.34,1.2,2.73,1
27724,Anand,100 Feet Road,2,BHK,2250.984806,Dealer,0,1,1,40.0,93.25,45.04,203.77,53.25,133.12,0
21594,Mumbai,Sector-11 Ghansoli,2,BHK,1393.048687,Dealer,0,1,1,200.0,164.92,113.56,192.04,35.08,17.54,0
24686,Lalitpur,Malad (West),1,BHK,630.3030302999999,Dealer,0,1,1,130.0,88.79,81.42,108.88,41.21,31.7,0
26634,Mysore,Vishweshwara Nagar,3,BHK,1250.0,Owner,1,1,1,56.0,59.84,38.24,78.43,3.84,6.86,1
14154,Lalitpur,Maratha Colony,2,BHK,868.9715100999999,Dealer,0,1,1,140.0,242.37,44.56,189.69,102.37,73.12,1
27184,Kolkata,Bhawanipore,4,BHK,3348.50176,Dealer,0,1,1,390.0,327.66,155.69,407.08,62.34,15.98,1
3626,Noida,Sector-150 Noida,3,BHK,1698.989899,Dealer,1,0,1,84.1,86.68,75.55,125.38,2.58,3.07,1
13704,Haridwar,Patanjali Yogpeeth,2,BHK,1280.0,Owner,0,1,1,40.0,41.48,28.37,60.59,1.48,3.7,1
25090,Surat,Athwalines,4,BHK,3400.204012,Owner,0,1,1,300.0,216.56,111.44,271.25,83.44,27.81,0
4830,Noida,Sector-120 Noida,3,BHK,1385.041551,Owner,0,1,1,75.0,71.75,51.05,80.98,3.25,4.33,1
14280,Maharashtra,Kasar vadavali,1,BHK,545.0,Dealer,0,1,1,54.5,49.45,18.52,64.4,5.05,9.27,1
27394,Mumbai,Dahisar (East),2,BHK,970.6167828,Dealer,0,1,1,110.0,125.32,86.8,121.25,15.32,13.93,1
14179,Lalitpur,Panvel,2,BHK,1246.105919,Dealer,1,1,1,68.0,110.05,74.85,178.26,42.05,61.84,0
25046,Lalitpur,Marol,2,BHK,1018.200331,Dealer,1,1,1,160.0,106.87,51.92,160.18,53.13,33.21,1
7937,Mumbai,Kharghar,2,BHK,1149.409116,Dealer,0,1,1,81.7,106.34,87.8,128.5,24.64,30.16,0
12676,Mumbai,Malad (West),3,BHK,886.9572929999999,Dealer,1,1,1,200.0,207.03,164.41,267.54,7.03,3.52,1
11040,Chandigarh,Sector-49 Chandigarh,3,BHK,1350.088275,Dealer,0,1,1,130.0,95.79,41.08,118.05,34.21,26.32,0
24149,Lalitpur,Chikhal Dongari,1,BHK,410.0161078,Dealer,0,1,1,28.0,54.22,24.37,77.82,26.22,93.64,1
19473,Lalitpur,Kandivali (East),2,BHK,704.721635,Dealer,1,0,1,140.0,156.09,120.35,170.89,16.09,11.49,1
1191,Kolkata,Picnic Garden,3,BHK,1316.261816,Dealer,0,0,1,110.0,68.55,43.11,112.78,41.45,37.68,1
24204,Bangalore,Chikkakannalli,3,BHK,1384.083045,Dealer,0,1,1,52.0,86.08,57.05,122.19,34.08,65.54,0
28946,Bangalore,Sarjapur Road,3,BHK,1850.007115,Dealer,0,1,1,130.0,127.4,81.7,148.26,2.6,2.0,1
29206,Chennai,Pallavaram,2,BHK,857.8873522,Dealer,0,1,1,42.8,43.3,33.22,61.2,0.5,1.17,1
28572,Lalitpur,Dabha,2,BHK,857.7555397,Builder,0,1,0,24.0,62.88,30.89,132.94,38.88,162.0,0
20754,Jaipur,Ajmer Road,2,BHK,1090.47619,Dealer,0,0,1,22.9,28.5,19.6,48.59,5.6,24.45,1
10755,Noida,Sector-44 Noida,1,BHK,600.0600059999999,Dealer,0,1,1,20.0,26.9,16.98,39.94,6.9,34.5,1
5811,Maharashtra,Andheri (West),3,BHK,1600.0,Dealer,1,1,1,310.0,439.41,193.91,546.46,129.41,41.75,1
20074,Noida,Sector-75 Noida,3,BHK,1600.0,Dealer,1,1,1,78.0,80.34,63.34,97.21,2.34,3.0,1
21617,Maharashtra,Kharghar,4,BHK,3200.0,Dealer,0,1,1,320.0,495.92,255.43,722.21,175.92,54.97,1
26358,Udupi,State Highway 37,2,BHK,1159.745604,Owner,0,1,1,31.0,48.83,32.84,67.38,17.83,57.52,0
24783,Bangalore,Gattahalli,3,BHK,1285.288042,Owner,1,1,1,56.0,64.53,46.41,82.73,8.53,15.23,1
1357,Chennai,Kazhipattur,2,BHK,1456.071076,Dealer,0,1,1,59.0,100.57,58.6,195.47,41.57,70.46,1
21305,Noida,Sector-150 Noida,3,BHK,1625.256865,Owner,1,0,1,87.0,82.37,67.71,104.67,4.63,5.32,1
10968,Chennai,Vengaivasal,2,BHK,904.9773756,Dealer,0,1,1,38.0,44.23,35.88,54.61,6.23,16.39,1
9781,Vadodara,Waghodia,2,BHK,1100.0,Owner,0,1,1,22.0,32.93,20.99,35.38,10.93,49.68,1
25107,Bangalore,Bommasandra Industrial Area,3,BHK,1450.511945,Owner,0,1,1,34.0,68.01,54.45,98.49,34.01,100.03,0
14990,Noida,Sector-168 Noida,3,BHK,1527.973672,Owner,1,1,1,65.0,77.52,63.84,95.98,12.52,19.26,1
1846,Chennai,Navalur,2,BHK,762.1339751,Dealer,0,0,1,38.0,36.26,25.45,58.14,1.74,4.58,1
23966,Lalitpur,Juhu Scheme,4,BHK,4000.0,Dealer,0,1,1,1400.0,1952.59,365.57,1796.15,552.59,39.47,1
17612,Maharashtra,Majiwada,1,BHK,650.0171057,Dealer,0,0,1,57.0,63.58,54.08,84.65,6.58,11.54,1
265,Lalitpur,Mulund (West),2,BHK,680.0,Dealer,0,1,1,170.0,154.04,112.86,181.76,15.96,9.39,1
21190,Bardhaman,Goda,3,BHK,1237.964237,Owner,0,1,1,45.0,41.53,25.35,55.45,3.47,7.71,1
26833,Pune,Ravet,2,BHK,1022.025036,Dealer,1,1,1,64.5,54.75,52.77,77.71,9.75,15.12,1
23437,Lalitpur,Sector-35 Kamothe,2,BHK,1000.0,Dealer,0,1,1,80.0,102.69,56.26,146.03,22.69,28.36,1
13218,Bangalore,Kariyammana Agrahara,2,BHK,1281.13879,Owner,0,1,1,90.0,71.99,49.59,94.56,18.01,20.01,1
21021,Kanpur,Shuklaganj,5,BHK,2025.111381,Owner,0,1,1,50.0,103.63,50.08,131.11,53.63,107.26,0
10202,Maharashtra,Sector-18 Ulwe,1,BHK,640.0,Dealer,0,1,1,56.0,63.95,34.13,102.57,7.95,14.2,1
24350,Noida,Sector-151 Noida,3,BHK,1430.123099,Owner,1,1,1,39.5,63.93,46.56,85.85,24.43,61.85,0
19069,Mumbai,Thane West,2,BHK,989.9969063,Dealer,0,1,1,96.0,121.82,85.28,155.77,25.82,26.9,1
11666,Noida,Sector-50 Noida,3,BHK,1350.024546,Dealer,0,1,1,110.0,64.22,44.46,87.32,45.78,41.62,0
22702,Lalitpur,Mulund (West),3,BHK,842.4226301000001,Dealer,1,0,0,190.0,193.55,148.54,234.8,3.55,1.87,1
16854,Noida,Sector-78 Noida,4,BHK,3141.566856,Dealer,0,1,1,160.0,245.93,165.28,315.84,85.93,53.71,0
24633,Ranchi,New Housing Colony,3,BHK,1574.80315,Owner,0,0,1,70.0,59.98,39.44,78.93,10.02,14.31,1
21273,Pune,Hadapsar,2,BHK,1100.038825,Dealer,0,1,1,85.0,72.5,51.9,95.67,12.5,14.71,1
11633,Bhubaneswar,Pahala,3,BHK,1503.436426,Dealer,0,1,1,70.0,69.24,46.03,91.99,0.76,1.09,1
4517,Kolkata,Barrackpore,3,BHK,1134.215501,Dealer,0,0,1,30.0,46.51,33.18,88.14,16.51,55.03,0
11918,Kolkata,Rajarhat,3,BHK,2181.241325,Owner,0,1,1,110.0,153.73,85.17,261.41,43.73,39.75,1
11479,Jabalpur,Tilhari,2,BHK,699.844479,Owner,0,1,1,27.0,25.81,13.13,51.97,1.19,4.41,1
8982,Lalitpur,Vasant Vihar,3,BHK,2064.135643,Dealer,0,1,1,280.0,289.8,101.7,482.4,9.8,3.5,1
5476,Bhiwadi,Tapukara,2,BHK,799.7311827999999,Dealer,0,1,1,11.9,18.83,13.89,32.68,6.93,58.24,0
22354,Bangalore,Whitefield,3,BHK,1468.189233,Owner,1,1,1,90.0,84.46,62.99,120.47,5.54,6.16,1
10690,Bangalore,Bommanahalli,2,BHK,1049.868766,Owner,0,1,1,36.0,53.07,37.06,74.48,17.07,47.42,0
4674,Noida,Sector-100 Noida,3,BHK,1779.007709,Dealer,1,1,1,90.0,100.45,75.92,133.22,10.45,11.61,1
152,Bangalore,Budigere,3,BHK,1636.296021,Dealer,0,1,1,88.0,102.67,73.72,140.8,14.67,16.67,1
2733,Noida,Sector-150 Noida,3,BHK,1623.6559140000002,Dealer,1,0,1,75.5,79.89,69.79,107.2,4.39,5.81,1
3252,Mumbai,Borivali (West),3,BHK,1325.478645,Dealer,0,1,1,270.0,266.97,133.93,263.6,3.03,1.12,0
8895,Maharashtra,Kharadi,1,BHK,412.979351,Dealer,1,1,0,35.0,77.13,27.57,104.68,42.13,120.37,1
12198,Pune,Shankar Kalat Nagar,2,BHK,1270.098635,Dealer,0,1,1,94.0,78.55,50.9,87.07,15.45,16.44,0
26097,Kolkata,Sarsuna,2,BHK,779.1017415,Owner,0,1,1,34.0,27.31,22.69,40.43,6.69,19.68,1
19873,Lalitpur,Chembur,3,BHK,1752.444198,Dealer,0,1,1,380.0,341.52,225.25,446.43,38.48,10.13,1
21569,Kolkata,Basunagar,2,BHK,890.3467666000001,Owner,0,1,1,19.0,27.47,21.93,38.49,8.47,44.58,0
11613,Bangalore,Doddathoguru,2,BHK,1054.1447050000002,Owner,0,1,1,44.0,47.7,34.4,64.84,3.7,8.41,1
6171,Bangalore,Byadarahalli,4,BHK,3499.766682,Dealer,0,1,1,450.0,334.39,225.47,546.69,115.61,25.69,1
8002,Srinagar,Govt housing colony ompora,4,BHK,1500.0,Owner,0,1,1,90.0,60.76,32.51,96.81,29.24,32.49,1
28762,Maharashtra,Subhash Nagar,1,BHK,621.7499435,Dealer,0,1,1,110.0,80.83,18.4,100.23,29.17,26.52,0
27382,Pune,Bhosale Nagar,5,BHK,5460.268517,Dealer,0,1,1,850.0,796.55,279.92,1453.75,53.45,6.29,1
18715,Bhubaneswar,Gudiapokhari,2,BHK,1316.61442,Owner,0,1,0,33.6,57.89,42.58,79.61,24.29,72.29,0
1702,Dhanbad,Hirapur,2,BHK,938.4057971,Owner,0,1,1,25.9,27.77,18.24,37.63,1.87,7.22,1
14704,Pune,Eon Free Zone,2,BHK,1120.134416,Dealer,0,1,1,80.0,76.94,52.91,99.18,3.06,3.82,1
12406,Maharashtra,Mulund (West),2,BHK,1160.513527,Dealer,0,0,1,160.0,168.16,125.46,185.19,8.16,5.1,1
15054,Maharashtra,Wadala East,3,BHK,1639.240905,Dealer,1,1,1,520.0,333.59,200.32,423.51,186.41,35.85,0
27366,Bangalore,Banaswadi,3,BHK,1460.12046,Owner,0,1,1,80.0,77.8,58.25,128.87,2.2,2.75,1
25922,Bangalore,Budigere,2,BHK,1139.060275,Dealer,0,1,1,72.0,61.63,42.54,84.07,10.37,14.4,1
27119,Noida,Sector-99 Noida,3,BHK,1750.051472,Dealer,0,1,1,85.0,101.4,72.78,130.13,16.4,19.29,1
26250,Mangalore,Padil,2,BHK,1160.220994,Owner,0,1,1,42.0,47.01,35.23,62.97,5.01,11.93,1
11355,Kolkata,Behala Manton,3,BHK,1078.2608699999998,Dealer,0,1,1,49.6,48.95,32.43,73.06,0.65,1.31,1
24460,Kolkata,Tollygunge,2,BHK,1250.0,Dealer,0,1,1,75.0,78.71,43.55,99.72,3.71,4.95,1
21781,Noida,Sector-137 Noida,3,BHK,1685.1705,Owner,0,1,1,85.0,84.53,71.07,111.66,0.47,0.55,1
19102,Mumbai,Mira Road East,1,BHK,409.015025,Dealer,1,0,0,49.0,42.98,41.72,56.39,6.02,12.29,1
20854,Dharuhera,NH-8,2,BHK,975.0812568,Dealer,0,1,1,27.0,33.44,22.07,56.43,6.44,23.85,1
11792,Chandigarh,Zirakpur,3,BHK,1705.069124,Dealer,1,0,1,62.9,66.91,55.03,78.54,4.01,6.38,1
17930,Maharashtra,Sector 20 Ulwe,2,BHK,1134.044001,Dealer,1,1,1,100.0,88.79,78.61,148.56,11.21,11.21,1
25952,Pune,Pandhari Nagar,2,BHK,860.0469116,Owner,0,1,1,44.0,52.77,31.11,69.02,8.77,19.93,1
10313,Pune,Manjari Khurd,2,BHK,980.0822004,Dealer,1,1,1,31.0,55.43,45.04,83.37,24.43,78.81,0
28794,Chandigarh,Zirakpur,4,BHK,2420.203437,Dealer,1,1,1,69.0,94.27,75.74,126.68,25.27,36.62,0
17909,Pune,Narhe,2,BHK,929.9442033,Owner,0,1,1,45.0,58.4,37.37,66.67,13.4,29.78,1
21869,Bangalore,Vishwapriya Layout,2,BHK,910.0101112,Owner,0,1,1,36.0,48.87,32.75,64.34,12.87,35.75,1
13836,Jaipur,New Sanganer Road,3,BHK,1091.165083,Dealer,0,1,1,31.0,32.15,18.82,51.15,1.15,3.71,1
14736,Chennai,Paruthipet,2,BHK,700.0840101,Dealer,0,0,1,25.0,40.72,27.97,57.45,15.72,62.88,0
26720,Haridwar,Sidcul NH 73,2,BHK,776.2211284,Owner,0,0,1,20.5,25.87,17.3,39.71,5.37,26.2,1
8999,Bangalore,Rajapura,2,BHK,912.0569479,Owner,0,1,1,61.5,39.83,30.16,54.61,21.67,35.24,0
13691,Lalitpur,Kolshet Road,2,BHK,813.0682237999999,Dealer,0,1,1,110.0,108.91,47.48,174.5,1.09,0.99,1
16777,Noida,Sector-50 Noida,3,BHK,1350.21097,Dealer,0,1,1,80.0,64.22,44.46,87.32,15.78,19.72,1
24645,Jalandhar,Pholriwal,3,BHK,1879.579484,Dealer,1,1,1,59.0,72.95,48.39,145.01,13.95,23.64,1
7416,Bangalore,Electronic City Phase II,3,BHK,900.0,Owner,1,1,1,45.0,43.87,33.98,56.15,1.13,2.51,1
6444,Lalitpur,Kanjur Marg (East),3,BHK,1367.989056,Dealer,0,1,1,210.0,196.6,77.94,290.14,13.4,6.38,1
10094,Bangalore,Chandapura,3,BHK,1036.26943,Owner,0,0,1,38.0,50.31,34.16,67.31,12.31,32.39,1
28088,Bangalore,Begur Road,2,BHK,1235.0035289999998,Dealer,1,0,1,87.5,79.73,56.98,90.28,7.77,8.88,1
2653,Maharashtra,Balkum,2,BHK,898.1058132000002,Dealer,1,0,0,110.0,97.83,80.89,130.3,12.17,11.06,1
8078,Kolkata,Picnic Garden,2,BHK,1008.130081,Dealer,0,1,1,62.0,54.54,32.41,71.55,7.46,12.03,1
10178,Ghaziabad,Sanjay Colony,1,BHK,700.280112,Owner,0,1,1,5.0,30.51,16.15,34.29,25.51,510.2,0
25623,Vadodara,Bhayli,3,BHK,903.0612245,Builder,1,0,0,35.4,23.74,25.94,39.96,11.66,32.94,1
21827,Mumbai,Sector-1 Kalamboli,2,BHK,693.0327111,Dealer,0,1,1,75.0,69.93,43.37,112.35,5.07,6.76,1
17613,Maharashtra,Parel,4,BHK,3979.977023,Dealer,1,1,1,970.0,1391.52,361.54,1502.71,421.52,43.46,1
15551,Noida,Sector-119 Noida,3,BHK,1495.2841039999998,Owner,0,1,1,65.0,74.03,55.08,89.19,9.03,13.89,1
29271,Maharashtra,Roha,2,BHK,896.1038961000002,Builder,1,0,0,27.6,64.32,29.87,118.33,36.72,133.04,0
6530,Noida,Sector-137 Noida,1,BHK,495.049505,Owner,0,1,1,25.0,22.13,17.04,35.7,2.87,11.48,1
18745,Secunderabad,Kompally,3,BHK,1910.341314,Owner,0,1,1,75.0,77.56,57.82,110.12,2.56,3.41,1
11127,Bangalore,Whitefield,3,BHK,2117.852249,Dealer,0,1,1,170.0,163.25,103.38,228.65,6.75,3.97,1
4922,Lalitpur,Mihan,3,BHK,1380.5220880000002,Dealer,1,1,0,110.0,181.78,75.61,290.95,71.78,65.25,1
12417,Haridwar,Shantikunj,1,BHK,450.0818331,Owner,0,1,1,22.0,14.54,10.34,25.32,7.46,33.91,1
5752,Mumbai,Malad (West),2,BHK,718.0361711,Dealer,1,1,1,160.0,155.02,131.53,185.41,4.98,3.11,1
12483,Bangalore,Rajarajeshwari Nagar,2,BHK,1160.128225,Dealer,1,1,1,76.0,72.05,50.88,98.78,3.95,5.2,1
24841,Noida,Sector-137 Noida,2,BHK,825.0825083,Owner,0,1,1,35.0,34.83,28.21,49.64,0.17,0.49,1
22371,Visakhapatnam,Chinna Waltair,3,BHK,2375.0,Owner,0,0,1,190.0,156.95,64.58,190.69,33.05,17.39,1
25592,Noida,Sector-150 Noida,2,BHK,1084.444444,Dealer,1,0,0,48.8,49.16,43.38,63.66,0.36,0.74,1
10111,Maharashtra,Mira Road,2,BHK,1019.989047,Dealer,1,1,1,74.5,89.3,75.94,114.82,14.8,19.87,0
9224,Solapur,Majrewadi,1,BHK,720.2095155000001,Dealer,0,1,1,16.5,30.37,19.73,39.3,13.87,84.06,0
7874,Thrissur,Villadam,3,BHK,1199.904008,Owner,0,1,1,50.0,48.69,36.22,71.74,1.31,2.62,1
15944,Jaipur,Ajmer Road,2,BHK,1267.135976,Dealer,1,1,1,34.2,41.03,30.61,62.68,6.83,19.97,1
4417,Ghaziabad,Ankur Vihar,3,BHK,800.0,Owner,0,1,1,20.0,31.47,21.3,47.09,11.47,57.35,0
17969,Pune,Baner,3,BHK,1480.019734,Dealer,0,1,1,120.0,117.19,77.68,158.23,2.81,2.34,1
24372,Lalitpur,Ghatkopar West,4,BHK,3596.146017,Dealer,1,1,1,530.0,1217.61,340.93,1332.2,687.61,129.74,1
17436,Chennai,Poonamallee,3,BHK,1385.207354,Dealer,1,1,0,64.8,79.71,59.8,115.32,14.91,23.01,1
23797,Bhubaneswar,Sundarpada,2,BHK,1055.011304,Owner,0,1,1,28.0,39.31,26.97,43.9,11.31,40.39,1
23082,Chennai,Pallikaranai,2,BHK,1243.232404,Dealer,0,1,1,62.0,77.47,51.3,107.26,15.47,24.95,1
14659,Gandhinagar,Sughad,3,BHK,1431.127013,Owner,0,1,1,56.0,47.1,34.57,71.33,8.9,15.89,1
12069,Kolkata,Baguihati,2,BHK,750.0986972000001,Owner,0,1,1,38.0,24.26,19.48,36.42,13.74,36.16,0
9032,Lalitpur,Pali Hill,1,BHK,699.9860003,Dealer,0,1,1,300.0,59.8,26.22,104.23,240.2,80.07,0
13718,Noida,Sector-45 Noida,3,BHK,1776.684434,Dealer,0,1,1,130.0,101.4,72.78,133.68,28.6,22.0,1
28983,Lalitpur,Sinnar,2,BHK,1031.111111,Builder,1,1,0,23.2,58.43,37.67,118.79,35.23,151.85,0
27786,Noida,Sector-137 Noida,3,BHK,1714.998441,Owner,0,1,1,110.0,90.12,71.07,111.84,19.88,18.07,1
3001,Chandigarh,Kharar,3,BHK,1850.582591,Dealer,0,1,1,54.0,123.86,44.32,123.24,69.86,129.37,1
27024,Chennai,Surya Nagar,3,BHK,1523.151909,Dealer,0,1,1,75.0,88.21,53.88,131.26,13.21,17.61,1
25074,Kolkata,Uniworld City,3,BHK,1225.231176,Dealer,0,1,1,74.2,61.37,42.62,100.09,12.83,17.29,1
1928,Lalitpur,Tawri Pada,1,BHK,630.0204757,Dealer,0,1,1,40.0,59.03,25.68,89.72,19.03,47.58,1
9486,Kolkata,Kamalgazi,2,BHK,945.1795841,Owner,0,1,1,40.0,58.76,27.22,52.72,18.76,46.9,1
17994,Bangalore,Thanisandra,2,BHK,1265.05209,Owner,1,1,1,93.5,69.78,55.49,91.93,23.72,25.37,0
24830,Nanded,Farande Nagar,2,BHK,1199.517782,Owner,0,1,1,19.9,46.77,28.83,64.1,26.87,135.03,0
1676,Pune,Wanwadi,4,BHK,2249.028828,Dealer,0,1,1,220.0,200.95,115.65,263.52,19.05,8.66,1
22163,Panchkula,Sector-20 Panchkula,3,BHK,1849.796522,Dealer,0,1,1,100.0,75.3,45.31,106.09,24.7,24.7,1
16587,Pune,Sopan Baug,4,BHK,3167.779161,Dealer,0,1,1,280.0,255.07,209.67,397.28,24.93,8.9,1
4114,Mumbai,Pokhran-2,3,BHK,1083.619288,Dealer,1,1,0,240.0,196.5,84.36,393.53,43.5,18.12,1
3495,Ghaziabad,Kaushambi,2,BHK,1030.07144,Owner,0,1,1,62.0,49.89,30.11,65.23,12.11,19.53,1
6581,Mohali,Sector-70 Mohali,4,BHK,2408.9935760000003,Dealer,0,1,1,180.0,137.49,80.67,168.39,42.51,23.62,0
1030,Vijayawada,Undavalli,2,BHK,1075.268817,Owner,1,1,1,34.0,38.98,31.96,50.01,4.98,14.65,1
2282,Ghaziabad,Raj Nagar Extension,2,BHK,1230.2138289999998,Dealer,1,1,1,44.3,47.85,34.26,54.08,3.55,8.01,1
9193,Lalitpur,Marol,3,BHK,1378.043179,Dealer,1,1,1,300.0,196.21,75.88,289.68,103.79,34.6,0
21682,Jaipur,Sector-7 Vidhyadhar Nagar,3,BHK,1500.0,Owner,0,1,1,75.0,51.3,31.4,69.06,23.7,31.6,0
22110,Palghar,Dahanu,2,BHK,1850.424056,Owner,0,1,1,48.0,41.9,35.94,123.95,6.1,12.71,1
6325,Maharashtra,kavesar,1,BHK,462.7862595,Dealer,1,0,0,87.3,70.38,34.35,100.35,16.92,19.38,1
7977,Bangalore,Electronics City Phase 1,3,BHK,1213.139231,Dealer,0,1,1,65.0,63.7,39.67,87.98,1.3,2.0,1
7550,Indore,Labham Residency Piplayahan Agarwal Public School,2,BHK,960.1181684,Owner,0,0,1,26.0,31.46,20.47,41.19,5.46,21.0,1
15442,Jaipur,Jagatpura,3,BHK,1250.0,Dealer,0,1,1,30.0,38.15,27.35,56.97,8.15,27.17,1
3826,Chennai,Noombal Icon,2,BHK,834.2022941,Owner,0,1,1,32.0,37.1,26.3,53.55,5.1,15.94,1
22455,Lalitpur,Sector-8 Sanpada,2,BHK,1155.306156,Dealer,0,0,1,140.0,94.76,109.51,205.21,45.24,32.31,1
8533,Mohali,Sector-88 Mohali,3,BHK,1481.158789,Dealer,1,1,1,68.0,62.07,42.91,70.1,5.93,8.72,1
7608,Nagpur,Manish Nagar,2,BHK,1095.140315,Owner,0,1,1,48.0,43.19,29.11,59.79,4.81,10.02,1
2131,Mumbai,Chembur,3,BHK,1150.0069,Dealer,0,1,1,250.0,271.54,173.54,338.44,21.54,8.62,1
9978,Chennai,MKB Nagar,2,BHK,907.1117562,Owner,0,1,1,50.0,47.58,33.58,61.07,2.42,4.84,1
13733,Bangalore,8th Block Jayanagar,3,BHK,2376.708259,Dealer,1,1,1,320.0,227.4,126.32,284.44,92.6,28.94,0
6789,Lalitpur,Ulwe,1,BHK,385.0473287,Dealer,0,0,1,24.0,51.95,20.45,74.52,27.95,116.46,1
2969,Maharashtra,Karade Khurd,1,BHK,615.1468315000001,Dealer,0,0,1,19.9,56.97,16.09,93.14,37.07,186.28,1
2613,Pune,Kharadi,3,BHK,1660.068957,Dealer,1,1,1,130.0,125.48,82.31,165.88,4.52,3.48,1
6806,Chennai,Nolambur,2,BHK,609.127363,Dealer,1,0,0,31.9,39.81,29.9,57.98,7.91,24.8,1
16358,Mumbai,Chembur,2,BHK,1191.211506,Dealer,1,1,1,270.0,215.68,148.28,279.77,54.32,20.12,1
22511,Chandigarh,Zirakpur,4,BHK,2265.5298420000004,Dealer,1,0,0,93.0,88.87,82.66,118.92,4.13,4.44,1
14630,Surat,PAL,3,BHK,2758.62069,Dealer,1,1,1,72.0,98.34,98.01,397.84,26.34,36.58,0
8039,Mohali,Sector-127 Mohali,3,BHK,2150.265621,Owner,1,1,1,85.0,67.94,55.29,140.5,17.06,20.07,1
22959,Vadodara,Ajwa Road,3,BHK,1550.108147,Owner,0,1,1,43.0,48.91,33.36,73.03,5.91,13.74,1
7894,Mohali,Sector-70 Mohali,3,BHK,1908.67714,Dealer,0,1,1,130.0,110.76,59.53,131.01,19.24,14.8,1
19893,Noida,sector-121 Noida,2,BHK,1075.149634,Dealer,0,1,1,48.5,53.36,38.17,61.5,4.86,10.02,1
15285,Bangalore,Sarjapur Road,3,BHK,1576.044129,Dealer,1,1,1,100.0,94.7,69.83,120.21,5.3,5.3,1
2744,Bangalore,Immadihalli,2,BHK,1177.212529,Owner,0,1,1,56.0,62.74,45.24,86.53,6.74,12.04,1
11446,Kolkata,Uniworld City,2,BHK,956.120881,Dealer,0,1,1,56.0,45.45,29.18,59.09,10.55,18.84,1
1614,Chennai,Chromepet,3,BHK,1335.667834,Dealer,0,1,1,80.1,78.21,54.45,96.29,1.89,2.36,1
15844,Bangalore,Whitefield,4,BHK,3410.159925,Dealer,0,1,1,290.0,226.35,211.88,494.61,63.65,21.95,1
23158,Chennai,Ayanambakkam,2,BHK,846.3165992999999,Builder,1,0,0,44.0,36.28,27.11,53.48,7.72,17.55,1
27712,Chennai,Saidapet,2,BHK,884.0075007000002,Owner,0,1,1,66.0,63.72,31.42,66.15,2.28,3.45,1
2230,Tirupati,Timminaidu Pallam,3,BHK,2485.34285,Owner,0,0,1,97.5,102.89,70.64,181.96,5.39,5.53,1
8082,Bangalore,Gunjur Palya,2,BHK,850.1335924000001,Owner,0,1,1,35.0,39.92,25.21,52.57,4.92,14.06,1
22820,Bangalore,Akshaya Nagar,3,BHK,1782.8200969999998,Dealer,0,1,1,110.0,131.77,82.44,189.76,21.77,19.79,1
20263,Goa,Candolim,2,BHK,1244.128475,Dealer,0,1,1,98.0,69.84,45.13,105.64,28.16,28.73,1
17124,Lucknow,Gomti Nagar Extension,1,BHK,800.0,Owner,0,1,1,26.0,35.09,18.37,36.94,9.09,34.96,1
23909,Maharashtra,Sector 12 Kharghar,3,BHK,1300.027858,Dealer,0,1,1,140.0,133.82,108.09,157.89,6.18,4.41,1
882,Pune,Shankar Kalat Nagar,2,BHK,1096.057239,Dealer,0,1,1,72.0,64.23,43.91,70.92,7.77,10.79,0
8193,Lalitpur,Bhandup Central Mumbai,1,BHK,637.2673973999999,Dealer,0,1,1,100.0,92.62,85.85,115.05,7.38,7.38,1
19983,Noida,Sector-120 Noida,2,BHK,1135.0737800000002,Owner,0,1,1,70.0,57.68,46.57,65.63,12.32,17.6,0
17366,Mangalore,Pumpwell,3,BHK,1587.301587,Owner,1,1,1,72.0,78.43,55.75,95.58,6.43,8.93,1
12520,Lalitpur,Dombivli (West),1,BHK,625.0,Dealer,0,1,1,43.0,38.85,32.07,71.11,4.15,9.65,1
16868,Chennai,Thalambur,2,BHK,851.1443162,Owner,0,1,1,45.0,34.55,23.61,48.71,10.45,23.22,1
26260,Madurai,Bank Colony,2,BHK,728.041334,Owner,0,1,1,31.0,26.3,21.59,37.25,4.7,15.16,1
22290,Vadodara,New Alkapuri,2,BHK,1418.216199,Owner,1,1,1,45.0,39.31,31.65,53.97,5.69,12.64,1
16176,Mumbai,Virar West,2,BHK,979.280688,Dealer,0,1,1,50.1,87.64,45.18,113.43,37.54,74.93,1
14802,Lalitpur,Jankalyan Nagar,2,BHK,1093.613298,Dealer,1,1,1,150.0,109.58,54.98,164.16,40.42,26.95,1
2550,Chennai,Nesamani Nagar,2,BHK,886.9179601,Owner,0,1,1,36.0,45.54,31.12,60.54,9.54,26.5,1
27071,Bangalore,Sarjapura - Attibele Road,2,BHK,1000.0,Owner,0,1,1,40.0,43.99,30.24,63.82,3.99,9.98,1
19709,Visakhapatnam,Sujatha Nagar,2,BHK,1120.283019,Owner,0,0,1,38.0,37.52,28.98,49.79,0.48,1.26,1
14529,Noida,Sector-168 Noida,3,BHK,1554.290718,Dealer,1,1,1,71.0,73.94,59.6,98.12,2.94,4.14,1
23226,Kolkata,Behala Thana,2,BHK,700.1166861,Owner,0,1,1,30.0,27.78,19.13,40.92,2.22,7.4,1
27693,Mangalore,Yeyyadi,2,BHK,1080.084299,Dealer,0,1,1,41.0,41.85,31.72,62.26,0.85,2.07,1
13212,Pune,Sinhgad Road,2,BHK,1150.0473550000002,Dealer,0,1,1,85.0,79.21,59.59,101.02,5.79,6.81,1
23513,Tirunelveli,Mona street,2,BHK,899.8875141000001,Owner,0,1,1,32.0,30.55,21.83,42.19,1.45,4.53,1
11505,Lalitpur,Goregaon (East),4,BHK,2211.554021,Dealer,1,1,1,820.0,636.25,282.48,713.67,183.75,22.41,0
22283,Mumbai,Sector-9 Ulwe,2,BHK,1095.290252,Dealer,0,1,1,100.0,100.26,76.2,138.15,0.26,0.26,1
10019,Lalitpur,Chembur (East),1,BHK,457.14285710000007,Dealer,0,1,1,100.0,110.02,76.8,136.0,10.02,10.02,1
17903,Mathura,Krishna Vihar,5,BHK,981.0333551,Owner,0,1,1,45.0,40.93,22.1,59.94,4.07,9.04,1
19353,Pune,Punawale,3,BHK,1739.747914,Dealer,1,1,1,98.0,129.39,93.79,183.14,31.39,32.03,1
9545,Kolhapur,Uchgaon,2,BHK,700.1166861,Owner,0,1,1,24.0,28.91,15.92,39.0,4.91,20.46,1
25030,Bangalore,Magadi Road,2,BHK,998.9142237,Dealer,0,0,1,46.0,65.69,37.13,80.39,19.69,42.8,1
23196,Bangalore,KR Puram,2,BHK,1278.887924,Dealer,1,0,1,73.6,76.13,58.17,100.44,2.53,3.44,1
2606,Bangalore,Yelahanka,3,BHK,1562.757032,Dealer,0,1,1,95.0,101.78,69.19,150.4,6.78,7.14,1
26542,Mohali,Sector-66A Mohali,4,BHK,2925.486147,Dealer,1,1,1,170.0,148.64,91.2,173.5,21.36,12.56,1
28513,Mohali,Sunny Enclave,1,BHK,530.102234,Owner,1,1,1,14.0,10.77,13.57,29.12,3.23,23.07,1
15184,Mumbai,Ghodbunder Road,2,BHK,1206.125491,Dealer,1,1,1,89.0,117.85,55.07,130.77,28.85,32.42,1
14523,Kolkata,Rajarhat,3,BHK,1460.047783,Dealer,0,1,1,55.0,83.06,48.43,137.45,28.06,51.02,1
22850,Ghaziabad,Surya Nagar,3,BHK,1600.0,Owner,0,1,1,80.0,81.03,49.42,106.45,1.03,1.29,1
6231,Bangalore,Bileshivale,2,BHK,920.0401472,Owner,0,1,1,55.0,43.39,32.75,62.66,11.61,21.11,1
24467,Kolkata,Kaikhali,2,BHK,1349.1006,Dealer,0,1,1,40.5,65.96,43.85,82.42,25.46,62.86,0
10625,Jabalpur,Gwarighat,2,BHK,1160.081054,Owner,0,1,1,22.9,36.35,22.68,57.06,13.45,58.73,1
14000,Bhopal,Misrod,2,BHK,729.0867228999999,Owner,1,1,1,19.0,22.41,15.91,36.21,3.41,17.95,1
19589,Lalitpur,Borivali (West),3,BHK,1080.705546,Dealer,0,1,1,280.0,230.22,134.6,258.56,49.78,17.78,0
22548,Kolkata,Ballygunge,2,BHK,1700.060716,Dealer,0,1,1,140.0,134.28,68.22,197.84,5.72,4.09,1
5022,Lucknow,Anora Kala,3,BHK,1719.745223,Owner,0,1,1,67.5,78.56,58.9,107.43,11.06,16.39,1
7096,Mumbai,Vile Parle (West),4,BHK,1400.017231,Dealer,0,1,1,650.0,664.42,217.53,692.05,14.42,2.22,1
23526,Chennai,Chinnasekkadu,2,BHK,909.9181074,Owner,0,1,1,40.0,46.36,33.58,62.35,6.36,15.9,1
1397,Noida,Sector-79 Noida,3,BHK,1730.1038059999998,Owner,1,1,1,120.0,95.11,75.85,112.03,24.89,20.74,0
4488,Belgaum,Ganeshpur,2,BHK,1000.0,Owner,0,1,1,30.0,38.65,25.96,55.03,8.65,28.83,1
25731,Jaipur,Near Akshay Patra,1,BHK,650.0445236,Owner,0,1,1,14.6,17.65,11.91,33.94,3.05,20.89,1
3036,Bangalore,Kempapura,3,BHK,1225.899922,Dealer,0,1,1,110.0,73.91,45.75,96.4,36.09,32.81,0
9632,Kolhapur,Shivaji Peth,2,BHK,900.0,Owner,0,1,1,36.0,38.69,21.5,46.73,2.69,7.47,1
26706,Chennai,Kovur,3,BHK,1368.75,Dealer,1,1,1,65.7,77.85,59.9,112.59,12.15,18.49,1
19065,Lalitpur,Chembur,2,BHK,1226.415094,Dealer,0,1,1,260.0,228.83,164.97,284.95,31.17,11.99,1
1141,Bangalore,9th Block Jayanagar,2,BHK,1200.063161,Owner,0,1,1,76.0,67.75,43.65,110.03,8.25,10.86,1
23838,Mumbai,Thakur Village,3,BHK,1320.007543,Dealer,1,0,1,210.0,368.77,122.89,587.6,158.77,75.6,1
14067,Bangalore,HSR Layout,3,BHK,1805.054152,Dealer,0,1,1,140.0,132.85,79.84,158.96,7.15,5.11,1
15112,Chennai,Perungudi,3,BHK,1782.531194,Dealer,1,0,0,170.0,139.79,81.65,199.52,30.21,17.77,1
2610,Pune,Chinchwad,1,BHK,530.0018928999999,Owner,0,1,1,28.0,32.06,20.05,33.11,4.06,14.5,1
9588,Chandigarh,Zirakpur,3,BHK,1709.2391300000002,Dealer,1,1,1,62.9,62.22,51.05,78.18,0.68,1.08,1
19725,Lalitpur,Mulund (West),3,BHK,1295.982454,Dealer,1,0,1,260.0,236.37,173.61,310.42,23.63,9.09,1
27628,Indore,Vijay Nagar,3,BHK,1111.111111,Owner,0,1,1,36.0,34.15,23.35,39.62,1.85,5.14,1
17159,Maharashtra,Dombivli (East),1,BHK,407.9545455,Dealer,1,1,0,35.9,38.73,32.03,66.72,2.83,7.88,1
24943,Noida,Sector-100 Noida,2,BHK,1343.101343,Dealer,1,1,1,77.0,73.54,54.42,87.18,3.46,4.49,1
2316,Coimbatore,Gandhipuram,3,BHK,1300.213468,Owner,0,1,1,67.0,54.03,36.92,70.32,12.97,19.36,1
15331,Bangalore,Bannerghatta,3,BHK,1776.001776,Dealer,1,1,1,160.0,127.72,79.11,156.2,32.28,20.18,0
7367,Lalitpur,Lohegaon,2,BHK,657.760999,Builder,1,0,0,45.3,67.49,31.72,115.89,22.19,48.98,1
23834,Pune,Wakad,2,BHK,1090.047393,Dealer,0,1,1,92.0,70.2,56.57,82.81,21.8,23.7,0
18060,Panchkula,Sector-17 Panchkula,4,BHK,2364.864865,Dealer,0,1,1,140.0,121.85,66.57,138.0,18.15,12.96,0
10986,Bhopal,Bagmugaliya,4,BHK,2580.867171,Dealer,0,1,1,75.0,113.39,79.86,172.95,38.39,51.19,0
22053,Chennai,Yamunai Nagar,2,BHK,942.1265141,Owner,0,1,1,35.0,48.74,33.58,70.27,13.74,39.26,1
15939,Maharashtra,Hiranandani Estate,3,BHK,1210.0369380000002,Dealer,0,1,1,190.0,168.86,119.65,204.19,21.14,11.13,1
14827,Ghaziabad,Vaibhav Khand,3,BHK,1732.201628,Dealer,0,1,1,100.0,96.42,58.3,112.82,3.58,3.58,1
5264,Bangalore,Hoodi,1,BHK,798.4905660000001,Builder,1,0,0,52.9,43.19,31.98,90.89,9.71,18.36,1
13072,Haridwar,Sidcul NH 73,3,BHK,1749.611198,Dealer,0,1,1,45.0,66.44,45.22,94.99,21.44,47.64,0
2017,Kolkata,Kestopur,2,BHK,940.0705053,Dealer,0,1,1,32.0,39.42,25.29,48.78,7.42,23.19,1
18257,Chennai,Sholinganallur,4,BHK,2599.388379,Dealer,0,1,0,170.0,171.59,127.19,336.02,1.59,0.94,1
10562,Maharashtra,JK Gram,1,BHK,402.8461959,Dealer,1,0,0,73.6,68.29,34.95,88.58,5.31,7.21,1
22559,Visakhapatnam,Lankelapalem,3,BHK,1400.560224,Owner,0,1,1,30.0,53.83,38.62,70.32,23.83,79.43,0
26196,Jaipur,Jagatpura,3,BHK,1200.331126,Owner,0,1,1,29.0,37.52,23.3,56.34,8.52,29.38,1
20690,Ghaziabad,Sector 4B Vasundhara,3,BHK,1798.3431,Owner,0,1,1,89.0,94.55,49.24,120.41,5.55,6.24,1
21041,Maharashtra,Lokhandwala Kandivali East,2,BHK,1100.608572,Dealer,0,1,1,170.0,161.27,128.59,186.75,8.73,5.14,1
6885,Kolkata,B T Road Near Sodepur Sukchar Girija,3,BHK,1101.152369,Dealer,0,1,1,43.0,44.62,29.87,64.25,1.62,3.77,1
21558,Indore,Chhota Bangarda,2,BHK,845.0704225,Owner,0,1,1,21.0,21.18,17.21,34.66,0.18,0.86,1
2518,Bangalore,Talaghattapura,3,BHK,1525.262154,Owner,0,1,1,80.0,84.49,65.55,117.57,4.49,5.61,1
14428,Faridabad,Sector 78 Faridabad,4,BHK,2350.42735,Owner,0,1,1,110.0,89.36,64.19,141.7,20.64,18.76,1
22669,Bankura,Mithila,1,BHK,339.8058252,Owner,0,1,1,4.9,11.08,5.15,15.92,6.18,126.12,0
14979,Bangalore,Sarjapur Road,3,BHK,1157.105606,Dealer,1,0,1,71.0,59.41,41.54,82.66,11.59,16.32,1
1741,Maharashtra,Santacruz (West),4,BHK,2500.0,Dealer,0,1,1,800.0,1031.08,284.34,1122.01,231.08,28.88,1
15105,Ghaziabad,Ahinsa Khand 2,3,BHK,1800.055386,Dealer,0,1,1,65.0,92.38,57.6,113.66,27.38,42.12,1
21063,Vadodara,Bapod,2,BHK,580.9128631,Dealer,1,0,0,21.0,22.7,17.63,39.36,1.7,8.1,1
26889,Hubli,Vijay Nagar,2,BHK,920.1324991,Owner,0,1,1,25.0,39.21,23.74,52.68,14.21,56.84,1
1994,Bangalore,Rajaji Nagar,3,BHK,1632.653061,Dealer,0,1,1,220.0,138.26,74.88,162.15,81.74,37.15,0
26626,Lalitpur,Bandra (East),2,BHK,900.5918175,Dealer,1,1,1,210.0,320.69,136.28,330.3,110.69,52.71,1
14344,Lalitpur,Asha Nagar,3,BHK,1349.941707,Dealer,0,1,1,220.0,187.89,79.73,292.01,32.11,14.6,1
20580,Maharashtra,Nahur East,2,BHK,551.0142294999999,Dealer,0,0,1,91.0,76.28,17.69,134.17,14.72,16.18,1
23579,Pune,Kharadi,2,BHK,633.2533013,Dealer,1,0,0,63.3,57.64,35.49,71.82,5.66,8.94,1
15478,Mumbai,Sector 19 Ulwe,1,BHK,720.0496586,Dealer,0,1,1,58.0,55.91,44.83,85.29,2.09,3.6,1
10579,Faridabad,Sector 82 Faridabad,1,BHK,496.5622613,Dealer,1,1,1,13.0,14.3,16.07,22.88,1.3,10.0,0
28889,Mumbai,Malad (West),2,BHK,997.1415276,Dealer,0,1,1,150.0,162.14,130.37,194.68,12.14,8.09,1
24230,Mumbai,Taloja,1,BHK,680.0077715,Dealer,0,1,1,35.0,39.41,30.59,83.31,4.41,12.6,1
11882,Lalitpur,Hiranandani Estate,2,BHK,660.0224408,Dealer,1,1,1,100.0,113.16,84.06,135.09,13.16,13.16,1
3867,Maharashtra,Thane West,3,BHK,1152.542373,Dealer,0,1,1,170.0,182.6,123.68,214.29,12.6,7.41,1
169,Jaipur,Tonk Road,3,BHK,1570.306924,Dealer,1,0,1,110.0,66.96,41.65,88.8,43.04,39.13,0
22691,Kolkata,Salt Lake,2,BHK,718.4210526,Builder,0,0,0,27.3,27.61,20.87,41.39,0.31,1.14,1
10644,Rudrapur,NRI Lake City,2,BHK,952.5807805,Owner,0,1,1,22.7,28.75,20.35,43.15,6.05,26.65,1
4285,Lalitpur,Marol,3,BHK,1500.053573,Dealer,0,1,1,280.0,184.12,79.4,279.84,95.88,34.24,0
13397,Bangalore,Rajaji Nagar,2,BHK,1324.981932,Dealer,1,1,1,110.0,118.2,63.94,124.33,8.2,7.45,1
5495,Pune,Kharadi,3,BHK,2950.187223,Dealer,1,1,1,260.0,250.33,182.55,404.66,9.67,3.72,1
24356,Ghaziabad,Raj Nagar Extension,2,BHK,1026.260187,Owner,0,1,1,34.0,35.75,25.22,44.36,1.75,5.15,1
1656,Surat,Kadodara,2,BHK,452.173913,Dealer,0,1,1,10.4,28.42,10.62,43.78,18.02,173.27,0
20840,Bhopal,Hoshangabad Road,3,BHK,1200.154859,Owner,0,1,1,31.0,37.6,21.42,60.0,6.6,21.29,1
19187,Kochi,Kakkanad,4,BHK,2453.756134,Dealer,0,0,1,130.0,135.4,104.89,200.55,5.4,4.15,1
2431,Bangalore,Thanisandra,3,BHK,1523.925632,Dealer,0,1,1,100.0,96.08,69.53,134.41,3.92,3.92,1
16051,Maharashtra,Khoni,1,BHK,353.9941224,Dealer,1,1,1,26.5,34.56,23.95,74.82,8.06,30.42,1
9887,Mumbai,Chandivali,2,BHK,1020.929045,Dealer,0,1,1,200.0,124.12,56.33,231.25,75.88,37.94,1
22029,Thrissur,Puzhakkal,3,BHK,1450.411603,Dealer,0,1,1,37.0,64.38,44.75,79.43,27.38,74.0,0
16202,Pune,Balewadi,2,BHK,1210.088934,Dealer,0,1,1,83.0,86.99,53.12,109.17,3.99,4.81,1
20603,Chennai,Pallikaranai,1,BHK,620.0676437000001,Dealer,0,1,1,33.0,37.25,24.28,54.67,4.25,12.88,1
21390,Lalitpur,Wadala,2,BHK,959.0486238,Dealer,1,1,1,200.0,106.77,48.02,170.58,93.23,46.62,0
6052,Bhopal,Pallavi Nagar,5,BHK,4092.769441,Dealer,1,1,1,120.0,116.48,117.26,475.8,3.52,2.93,1
10390,Mumbai,Sector 15 Kharghar,3,BHK,1690.1968579999998,Dealer,0,1,1,170.0,171.63,121.86,213.87,1.63,0.96,1
18424,Srikakulam,Illisipuram,3,BHK,1455.359642,Owner,0,1,1,52.0,56.74,37.74,75.83,4.74,9.12,1
13874,Gurgaon,Sector-70 Gurgaon,4,BHK,2268.002268,Dealer,0,1,0,120.0,153.42,122.53,211.94,33.42,27.85,0
16873,Noida,Sector-34 Noida,3,BHK,1536.09831,Owner,0,1,1,120.0,86.47,62.97,108.6,33.53,27.94,0
370,Kolkata,Rajarhat,2,BHK,1185.146168,Owner,0,1,1,90.0,74.65,39.2,84.99,15.35,17.06,0
2778,Dehradun,Malsi,3,BHK,1680.210325,Dealer,0,1,1,70.3,76.17,45.22,92.78,5.87,8.35,1
26398,Bangalore,BTM 4th Stage,2,BHK,1131.03894,Owner,0,1,1,70.0,64.17,42.08,81.14,5.83,8.33,1
5433,Rishikesh,dhalwala,2,BHK,800.0,Owner,0,1,1,29.0,28.32,17.33,38.08,0.68,2.34,1
12182,Mumbai,Goregaon (East),5,BHK,1677.279964,Dealer,0,1,0,590.0,537.15,220.07,597.12,52.85,8.96,1
20903,Bangalore,7th Phase JP Nagar,3,BHK,1652.6649220000002,Dealer,0,1,1,120.0,103.56,65.55,130.12,16.44,13.7,1
28392,Lalitpur,SV Patel Nagar,3,BHK,1907.073509,Dealer,1,1,1,330.0,303.74,97.59,418.65,26.26,7.96,1
3528,Pune,Rajgurunagar,1,BHK,520.1342281999999,Owner,0,1,1,15.5,20.85,16.06,33.33,5.35,34.52,0
249,Mumbai,Thane West,1,BHK,546.0145603999999,Dealer,1,1,0,58.5,70.45,54.29,82.67,11.95,20.43,1
17725,Mumbai,Shastri Nagar,3,BHK,1695.030172,Dealer,1,1,1,500.0,615.73,213.16,556.11,115.73,23.15,1
23739,Pune,Guruvar Peth,2,BHK,958.9566552,Owner,0,1,1,75.0,63.37,37.96,76.64,11.63,15.51,1
8588,Maharashtra,Ulwe,1,BHK,385.0473287,Dealer,0,0,1,24.0,51.94,32.62,81.15,27.94,116.42,0
21465,Siliguri,Matigara Residency,2,BHK,818.6046512,Dealer,0,0,1,17.6,20.74,16.56,31.43,3.14,17.84,1
4779,Bangalore,Vasanth nagar,3,BHK,2450.106914,Dealer,0,1,1,550.0,231.51,122.68,359.1,318.49,57.91,0
7382,Lalitpur,Panvel,2,BHK,493.1530595,Dealer,1,0,0,56.9,57.45,38.31,108.96,0.55,0.97,1
21536,Maharashtra,Kasar vadavali,1,BHK,414.9715216,Dealer,1,0,0,51.0,50.54,18.41,56.24,0.46,0.9,1
12476,Bangalore,Goraguntepalya,2,BHK,1143.0946689999998,Dealer,0,1,1,110.0,68.91,44.53,95.87,41.09,37.35,0
18235,Noida,Sector-128 Noida,2,BHK,2085.308057,Dealer,1,1,1,110.0,150.42,80.36,207.1,40.42,36.75,1
4000,Jaipur,Pratap Nagar,3,BHK,1697.9244809999998,Dealer,1,1,1,67.9,68.74,49.55,101.18,0.84,1.24,1
491,Mangalore,Ladyhill,3,BHK,1614.797416,Owner,0,1,1,55.0,73.08,51.61,94.98,18.08,32.87,1
1356,Chandigarh,Zirakpur,2,BHK,1080.175303,Dealer,0,0,1,41.9,29.21,25.4,45.73,12.69,30.29,1
12119,Rohtak,Sector - 36 Rohtak,2,BHK,1248.275862,Dealer,0,1,1,36.2,29.52,23.07,47.59,6.68,18.45,1
15080,Noida,Sector-150 Noida,3,BHK,1623.913043,Dealer,1,0,1,74.7,79.89,69.79,107.2,5.19,6.95,1
10859,Bangalore,Chandapura,3,BHK,994.2196532,Owner,0,1,1,43.0,44.33,31.88,63.76,1.33,3.09,1
9277,Noida,Sector-168 Noida,1,BHK,408.0118694,Owner,1,1,1,22.0,19.67,16.63,25.63,2.33,10.59,1
13462,Vadodara,Gotri Road,4,BHK,3301.168106,Dealer,0,1,1,65.0,130.32,104.98,224.02,65.32,100.49,0
12935,Lalitpur,Rajiv Gandhi Nagar,2,BHK,1066.666667,Dealer,0,1,1,160.0,96.91,61.35,177.63,63.09,39.43,1
16078,Maharashtra,Sector 42 Seawoods,3,BHK,1985.294118,Dealer,0,1,1,270.0,209.69,76.56,261.51,60.31,22.34,0
23527,Bangalore,Thanisandra Main Road,2,BHK,1020.176831,Dealer,1,1,1,45.0,54.66,43.39,77.17,9.66,21.47,1
21178,Maharashtra,Kolshet Road,3,BHK,894.8545861,Dealer,1,0,0,160.0,145.54,113.37,176.65,14.46,9.04,1
11036,Surat,Sumul Dairy Road,2,BHK,1200.0,Owner,0,1,1,42.0,34.42,27.88,49.64,7.58,18.05,1
21226,Bangalore,Jalahalli,2,BHK,1229.230769,Dealer,1,0,1,79.9,82.41,56.52,106.66,2.51,3.14,1
17045,Faridabad,Sector 84 Faridabad,4,BHK,1306.017926,Dealer,1,1,1,51.0,59.72,40.61,62.33,8.72,17.1,1
26681,Mumbai,Ghodbunder Road,2,BHK,900.0423549000001,Dealer,1,1,1,85.0,89.06,40.87,136.16,4.06,4.78,1
9654,Gurgaon,Sector-67 Gurgaon,3,BHK,1888.162672,Dealer,0,1,0,130.0,128.36,99.56,152.19,1.64,1.26,1
24470,Lalitpur,Sector 19 Kamothe,1,BHK,689.9296802,Dealer,0,1,1,52.0,50.25,44.21,70.87,1.75,3.37,1
23231,Kolkata,Action Area II,3,BHK,2550.297535,Dealer,0,1,1,90.0,173.56,116.46,324.51,83.56,92.84,0
1064,Anantapur,Puttaparthi,1,BHK,620.048226,Dealer,0,1,1,18.0,24.69,14.91,39.24,6.69,37.17,1
18647,Lalitpur,Bhakti Park,3,BHK,1320.007543,Dealer,0,1,1,280.0,301.81,202.34,387.38,21.81,7.79,1
25012,Kadi,mehsana,3,BHK,1412.71443,Owner,0,1,1,28.0,50.59,30.44,54.66,22.59,80.68,0
1071,Gandhinagar,Moti Bhayan Vadsar,2,BHK,665.1147323,Owner,0,1,1,20.0,28.27,15.98,35.03,8.27,41.35,1
16348,Nagpur,Hudkeshwar,2,BHK,670.0379267000001,Dealer,0,1,1,26.5,33.45,16.16,53.01,6.95,26.23,1
25493,Bangalore,Harlur,2,BHK,1199.171965,Dealer,1,1,0,81.1,81.29,50.8,105.65,0.19,0.23,1
12290,Mumbai,Mira Road East,2,BHK,1049.333333,Dealer,1,0,1,78.7,80.92,74.05,94.33,2.22,2.82,1
2772,Bangalore,Byagadadhenahalli,2,BHK,640.0931045,Owner,0,1,1,22.0,29.95,18.01,39.77,7.95,36.14,1
23815,Mumbai,Kanjur Marg (East),3,BHK,1425.313569,Dealer,0,1,1,250.0,196.6,115.87,217.21,53.4,21.36,0
14470,Dehradun,Kuwan Wala,2,BHK,1090.059694,Owner,1,1,1,42.0,36.49,26.86,48.02,5.51,13.12,1
28497,Bangalore,Konanakunte,3,BHK,1532.296087,Dealer,1,1,1,130.0,107.48,73.48,130.2,22.52,17.32,1
22526,Bangalore,Thanisandra,2,BHK,1008.082622,Dealer,1,1,1,44.9,54.66,43.39,77.17,9.76,21.74,1
21853,Bhopal,Gulmohar Colony,3,BHK,873.6669401,Dealer,0,1,1,21.3,29.16,18.82,59.77,7.86,36.9,1
4808,Mumbai,Shankar Pada,2,BHK,798.6916669999999,Dealer,1,0,0,210.0,117.26,43.35,217.2,92.74,44.16,1
26396,Pune,Baner,3,BHK,1829.43991,Dealer,1,1,1,130.0,156.22,107.86,195.09,26.22,20.17,1
13656,Mohali,Zirakpur,3,BHK,1354.679803,Dealer,1,1,1,44.0,49.08,39.15,58.83,5.08,11.55,1
1122,Bhilai,Talpuri,1,BHK,450.1385042,Owner,0,1,1,6.5,18.05,9.05,23.73,11.55,177.69,0
10800,Noida,Sector-76 Noida,2,BHK,1015.056674,Owner,1,1,1,60.0,50.81,39.86,61.12,9.19,15.32,1
14302,Vadodara,Race Course Road,3,BHK,1800.08471,Dealer,0,1,1,85.0,55.92,44.1,111.4,29.08,34.21,1
12885,Lalitpur,Goregaon (East),3,BHK,2195.095835,Dealer,1,1,1,410.0,421.87,272.72,650.47,11.87,2.9,1
12836,Pune,Magarpatta,3,BHK,1877.581675,Dealer,0,1,1,150.0,153.81,98.82,199.66,3.81,2.54,1
8724,Vadodara,Vemali,2,BHK,960.0,Dealer,0,1,1,24.0,26.48,22.38,44.27,2.48,10.33,1
12721,Maharashtra,Samata Nagar,3,BHK,1165.740931,Dealer,0,1,1,170.0,181.72,119.9,210.76,11.72,6.89,1
14559,Ranchi,Hotwar,2,BHK,1074.947746,Owner,0,1,1,36.0,34.41,23.27,46.57,1.59,4.42,1
2831,Noida,Sector-76 Noida,3,BHK,1440.144014,Owner,0,1,1,80.0,73.53,55.29,88.73,6.47,8.09,1
8423,Pune,Moshi,3,BHK,1160.811695,Dealer,1,0,1,53.2,73.88,56.19,101.62,20.68,38.87,0
6024,Bangalore,8th Phase JP Nagar,3,BHK,1275.148767,Owner,0,1,1,45.0,70.56,46.52,88.97,25.56,56.8,0
22112,Vadodara,Atladra,5,BHK,4909.0909090000005,Dealer,0,1,1,270.0,425.44,141.39,657.75,155.44,57.57,1
3023,Gandhinagar,Sector 15,1,BHK,152.0126475,Owner,0,1,1,12.5,17.27,9.26,27.18,4.77,38.16,1
7158,Maharashtra,Oshiwara,1,BHK,749.9829549,Dealer,1,0,1,110.0,84.31,23.5,123.68,25.69,23.35,1
1743,Bangalore,Sarjapur Road,2,BHK,1102.1452470000002,Dealer,1,1,1,56.0,56.21,41.3,73.06,0.21,0.38,1
9004,Lalitpur,Chembur (East),2,BHK,812.8429181,Dealer,1,1,1,240.0,178.16,135.17,250.8,61.84,25.77,1
7833,Pune,Baner Pashan Link Road,3,BHK,1650.165017,Dealer,0,1,1,110.0,145.71,86.15,187.57,35.71,32.46,1
11414,Meerut,Ganga Nagar,2,BHK,1199.616123,Owner,0,1,1,25.0,36.24,22.58,56.84,11.24,44.96,1
27409,Lalitpur,Bhakti Park,4,BHK,3285.1511170000003,Dealer,1,1,1,700.0,695.29,316.54,885.84,4.71,0.67,1
23775,Palakkad,Akathethara,3,BHK,1900.170164,Owner,0,1,1,67.0,98.99,63.58,123.38,31.99,47.75,1
26617,Lalitpur,Palghar West,1,BHK,639.7497867999999,Dealer,0,1,1,22.5,37.27,22.2,60.36,14.77,65.64,1
22516,Bilaspur,Jarahbhata,2,BHK,750.0,Owner,0,1,1,45.0,24.82,14.93,35.08,20.18,44.84,0
454,Dharuhera,Sector - 22 Dharuhera,3,BHK,1678.6570739999995,Dealer,1,0,1,63.0,69.85,45.5,98.66,6.85,10.87,1
17809,Bangalore,Gokula Extension,3,BHK,1500.176491,Owner,0,1,1,85.0,79.16,57.56,108.04,5.84,6.87,1
7735,Pune,Tathawade,2,BHK,1093.064804,Dealer,1,0,1,67.3,63.37,55.41,79.3,3.93,5.84,1
20874,Lucknow,Gomti Nagar Extension,3,BHK,1600.170685,Dealer,1,0,1,75.0,72.8,52.44,128.35,2.2,2.93,1
2243,Pune,Bijlinagar,2,BHK,1047.036082,Owner,0,1,1,65.0,68.92,46.91,87.89,3.92,6.03,1
1674,Bangalore,Singapura Village,2,BHK,1020.015396,Dealer,1,1,1,53.0,62.68,43.39,81.7,9.68,18.26,1
18967,Noida,Sector-128 Noida,2,BHK,1932.536894,Dealer,1,1,1,110.0,129.22,75.6,158.64,19.22,17.47,1
1086,Jalandhar,Pholriwal,4,BHK,2400.0,Dealer,1,1,1,69.0,66.6,64.74,134.72,2.4,3.48,1
7620,Lalitpur,Majiwada,2,BHK,820.4791597999999,Dealer,1,0,0,100.0,111.38,79.48,146.64,11.38,11.38,1
14721,Jodhpur,Sangriya,2,BHK,721.4428857999999,Owner,0,0,1,18.0,39.61,16.45,32.61,21.61,120.06,1
27265,Kolkata,Kestopur,1,BHK,546.9556244,Owner,0,1,1,15.9,18.83,13.09,28.91,2.93,18.43,1
28183,Chennai,Vanagaram,3,BHK,1342.307692,Dealer,1,0,0,69.8,82.21,57.11,101.75,12.41,17.78,1
7494,Noida,Sector-74 Noida,2,BHK,1229.551451,Dealer,0,1,1,69.9,61.83,49.1,76.04,8.07,11.55,1
24785,Faridabad,Sector 81 Faridabad,2,BHK,1375.027722,Owner,0,1,1,62.0,48.89,38.62,67.31,13.11,21.15,1
25077,Pune,Viman Nagar,2,BHK,1439.5886890000002,Dealer,0,1,1,140.0,95.57,61.24,142.73,44.43,31.74,1
22245,Noida,Sector-30 Noida,3,BHK,1370.071548,Owner,0,1,1,90.0,73.88,50.42,92.61,16.12,17.91,1
25981,Mumbai,Chembur (West),2,BHK,880.4108583999999,Owner,0,1,1,180.0,137.94,51.89,189.86,42.06,23.37,1
17718,Indore,Bicholi Mardana,5,BHK,4401.408451,Dealer,1,1,1,200.0,281.32,167.85,547.23,81.32,40.66,1
27092,Maharashtra,Sector 17 Ulwe,2,BHK,1095.023726,Dealer,1,1,1,90.0,88.01,69.73,141.71,1.99,2.21,1
13167,Jaipur,Jagatpura,2,BHK,1370.16094,Dealer,0,1,1,63.0,52.1,34.48,70.87,10.9,17.3,1
19760,Noida,Sector-100 Noida,2,BHK,1342.79476,Dealer,1,1,1,73.8,73.54,54.42,87.18,0.26,0.35,1
6212,Lalitpur,Chembur,1,BHK,685.3155567000001,Dealer,0,0,1,110.0,98.46,81.84,125.82,11.54,10.49,1
28441,Mumbai,Ghodbunder Road,2,BHK,628.0355049,Dealer,1,0,0,75.0,88.96,40.9,129.02,13.96,18.61,1
8383,Noida,Sector-79 Noida,3,BHK,1690.189929,Dealer,1,1,1,97.0,89.66,74.98,120.94,7.34,7.57,1
17032,Bareilly,Sun City Vistaar,3,BHK,1799.8560120000002,Owner,0,1,1,75.0,59.77,42.54,100.54,15.23,20.31,1
21092,Lalitpur,Shastri Nagar,3,BHK,1088.8380140000002,Dealer,0,1,1,390.0,271.08,61.66,331.71,118.92,30.49,0
4512,Bangalore,Chikkagubbi,3,BHK,1896.034129,Dealer,0,1,1,120.0,129.02,86.82,167.1,9.02,7.52,1
20134,Bangalore,Navodaya Nagar,2,BHK,1507.078703,Dealer,0,1,1,99.0,94.15,61.44,141.5,4.85,4.9,1
27898,Pune,Dhanori,1,BHK,619.9628022,Dealer,1,1,1,40.0,40.78,27.22,48.82,0.78,1.95,1
4277,Kolkata,Lake Town,3,BHK,1365.138669,Dealer,0,1,1,95.0,66.7,43.82,91.72,28.3,29.79,0
5023,Bangalore,Basapura,2,BHK,1311.154599,Owner,0,1,1,67.0,69.02,51.46,96.45,2.02,3.01,1
7812,Mumbai,Sector 20 Kharghar,3,BHK,1537.410318,Dealer,0,1,1,180.0,145.36,110.8,184.16,34.64,19.24,1
23778,Chennai,Vanagaram,3,BHK,1364.285714,Dealer,0,1,1,57.3,82.4,54.9,113.28,25.1,43.8,1
16333,Kolkata,Joka,2,BHK,1104.827308,Dealer,0,0,1,54.7,44.2,34.24,67.36,10.5,19.2,1
9250,Maharashtra,Marol,3,BHK,884.8195737,Dealer,1,0,0,230.0,260.31,169.57,312.8,30.31,13.18,1
19956,Pune,Balewadi,2,BHK,1065.0274029999998,Dealer,0,0,1,71.9,63.17,47.51,85.96,8.73,12.14,1
24826,Bangalore,Hennur,3,BHK,1439.6021460000002,Owner,0,1,1,110.0,82.24,58.71,123.21,27.76,25.24,1
6526,Bangalore,Cox Town,3,BHK,1549.780839,Owner,0,1,1,99.0,100.84,68.48,147.78,1.84,1.86,1
9311,Maharashtra,Vasant Vihar,1,BHK,508.0313784,Dealer,0,1,1,68.0,71.5,17.34,93.99,3.5,5.15,1
22629,Goa,Vasco,3,BHK,1302.559415,Owner,0,1,1,57.0,36.98,25.41,50.49,20.02,35.12,0
3220,Bangalore,7th Phase JP Nagar,3,BHK,1607.012418,Dealer,0,1,1,110.0,102.87,64.86,125.53,7.13,6.48,1
6394,Guwahati,Jyotikuchi,2,BHK,820.0,Dealer,0,0,1,28.7,26.33,25.8,32.57,2.37,8.26,1
13403,Nagpur,Isasani,2,BHK,823.0452675,Owner,0,1,1,20.0,30.91,19.6,46.66,10.91,54.55,1
20998,Kanpur,Panki,2,BHK,1000.0,Owner,0,1,1,30.0,37.54,22.39,47.78,7.54,25.13,1
14028,Mumbai,Kharghar,4,BHK,1978.379142,Dealer,1,0,0,280.0,277.9,173.08,390.96,2.1,0.75,1
29009,Noida,Sector-128 Noida,4,BHK,3649.056005,Dealer,0,1,1,230.0,278.94,192.66,430.29,48.94,21.28,1
24194,Mangalore,Pandeshwar,3,BHK,1644.230769,Dealer,1,0,1,85.5,89.59,60.56,112.23,4.09,4.78,1
9964,Dharuhera,Sector - 22 Dharuhera,2,BHK,1224.828732,Owner,1,1,1,59.0,43.61,26.1,58.33,15.39,26.08,0
15991,Lalitpur,Lower Parel,3,BHK,1799.9856,Dealer,0,1,1,500.0,704.33,223.15,792.79,204.33,40.87,1
26282,Mumbai,Panch Pakhadi,2,BHK,1230.0123,Dealer,1,0,1,140.0,167.59,108.18,286.19,27.59,19.71,1
19705,Margao,Fatorda,2,BHK,1205.657315,Owner,0,1,1,52.0,51.73,36.05,69.3,0.27,0.52,1
21458,Bangalore,Whitefield,3,BHK,1150.086256,Owner,0,1,1,40.0,61.37,44.14,76.29,21.37,53.42,0
318,Gwalior,City Center,2,BHK,800.0,Owner,0,1,1,35.0,28.44,18.22,36.75,6.56,18.74,1
13595,Pune,Ravet,1,BHK,578.0346821,Dealer,1,0,1,35.0,31.19,26.83,39.16,3.81,10.89,1
16092,Ghaziabad,Lal Kuan,2,BHK,840.0840083999999,Owner,0,1,1,28.0,25.39,20.09,38.8,2.61,9.32,1
11459,Mumbai,Sainath Nagar,2,BHK,1063.1100800000002,Dealer,0,1,1,110.0,145.75,56.66,131.83,35.75,32.5,1
13992,Ghaziabad,Brij Vihar,2,BHK,398.2703687,Owner,0,1,1,35.0,27.71,12.61,34.96,7.29,20.83,0
12912,Ghaziabad,Sector-1 Vaishali,2,BHK,940.4444444,Owner,1,1,1,52.9,47.23,25.14,50.95,5.67,10.72,0
3958,Faridabad,Sector 80 Faridabad,3,BHK,1572.09033,Dealer,1,1,1,54.3,59.08,43.36,68.39,4.78,8.8,1
17367,Noida,Sector-44 Noida,2,BHK,1200.141193,Dealer,0,1,1,68.0,54.35,44.12,87.26,13.65,20.07,1
29320,Amravati,Kathora,2,BHK,1150.22656,Dealer,0,1,1,33.0,35.93,20.72,56.49,2.93,8.88,1
1381,Pune,Moshi,2,BHK,985.2911545,Dealer,1,0,1,48.9,52.06,43.6,78.0,3.16,6.46,1
19749,Vadodara,Dandia Bazar,2,BHK,1000.0,Owner,0,1,1,30.0,27.41,20.83,36.87,2.59,8.63,1
3663,Noida,Sector-119 Noida,3,BHK,1625.030318,Dealer,0,1,1,67.0,78.72,65.0,103.36,11.72,17.49,1
9600,Lalitpur,Yashodham,2,BHK,1150.012778,Dealer,0,1,1,180.0,112.39,61.37,170.41,67.61,37.56,0
25584,Bangalore,KR Puram,3,BHK,1629.931469,Dealer,1,0,0,88.0,108.87,78.32,143.9,20.87,23.72,1
19374,Bhiwadi,Alwar Bypass Road,3,BHK,1495.51346,Dealer,0,1,1,30.0,44.98,29.06,60.08,14.98,49.93,1
1114,Chennai,Thiyagaraya Nagar,2,BHK,2124.372345,Owner,0,1,1,55.0,94.25,42.02,200.85,39.25,71.36,1
2732,Palghar,virar,1,BHK,475.03314180000007,Owner,0,1,1,21.5,20.93,13.95,33.21,0.57,2.65,1
24299,Pune,Wakad,2,BHK,743.9972946,Owner,0,1,1,44.0,49.31,27.25,52.26,5.31,12.07,1
20442,Bangalore,Annaiah Reddy Layout,3,BHK,1700.0,Owner,0,1,1,85.0,100.27,78.57,149.85,15.27,17.96,1
282,Noida,Sector-150 Noida,4,BHK,3200.0,Dealer,1,0,1,180.0,217.87,144.28,342.59,37.87,21.04,1
13132,Bangalore,Hoodi Circle,2,BHK,1189.908621,Owner,0,1,1,59.9,62.69,45.09,86.53,2.79,4.66,1
14921,Lalitpur,Vijay Park,2,BHK,1090.512541,Dealer,0,1,1,100.0,119.65,85.29,114.65,19.65,19.65,1
2245,Mumbai,Thane West,2,BHK,1011.041639,Dealer,1,0,1,76.0,121.88,91.61,155.38,45.88,60.37,0
986,Pune,Market yard,2,BHK,1000.0,Dealer,0,1,1,85.0,57.64,44.13,89.28,27.36,32.19,1
27572,Chennai,Thiruverkadu,1,BHK,598.0614559999999,Owner,0,1,1,29.0,27.28,21.17,42.02,1.72,5.93,1
1424,Faridabad,Sector 86 Faridabad,3,BHK,1835.220617,Dealer,0,1,1,47.0,65.5,52.12,75.29,18.5,39.36,0
9572,Maharashtra,Bhandup (West),1,BHK,251.7341687,Dealer,1,0,1,45.0,56.3,39.47,92.48,11.3,25.11,1
22023,Ghaziabad,Raj Nagar Extension,2,BHK,993.0255729,Dealer,1,1,1,29.9,29.92,25.54,43.68,0.02,0.07,1
629,Mumbai,Andheri (West),3,BHK,1950.078003,Dealer,1,0,1,350.0,546.99,247.43,656.89,196.99,56.28,1
16514,Maharashtra,Goregaon (West),2,BHK,500.0,Dealer,1,0,1,110.0,145.28,115.87,196.83,35.28,32.07,0
24349,Bangalore,Jalahalli West,2,BHK,700.0321853999999,Owner,0,1,1,43.5,33.12,23.32,49.86,10.38,23.86,1
7274,Indore,Mahalakshmi Nagar,2,BHK,1059.667427,Owner,0,1,1,32.5,29.65,17.88,33.34,2.85,8.77,1
13127,Mumbai,Ambernath,1,BHK,693.1484937000001,Dealer,1,1,1,26.0,46.12,29.37,105.04,20.12,77.38,0
27487,Chennai,Vadapalani,4,BHK,2395.833333,Dealer,0,1,0,230.0,276.93,104.6,361.1,46.93,20.4,1
17434,Bangalore,Electronics City Phase 1,1,BHK,613.5649602999999,Dealer,1,1,1,33.2,33.87,27.69,41.83,0.67,2.02,1
20614,Mumbai,Mulund (West),3,BHK,833.25618,Dealer,1,0,0,180.0,204.19,139.48,220.62,24.19,13.44,1
18246,Guwahati,Jyotikuchi,3,BHK,1074.285714,Dealer,0,0,1,37.6,39.22,31.99,44.93,1.62,4.31,1
18522,Maharashtra,Panvel,2,BHK,1345.987921,Dealer,0,1,1,62.4,107.22,68.17,177.68,44.82,71.83,0
13282,Lucknow,Sushant Golf City,3,BHK,1981.287837,Dealer,1,1,1,72.0,95.88,73.23,195.29,23.88,33.17,0
18194,Surat,Katargam,2,BHK,1000.0,Owner,0,0,1,30.0,24.61,21.36,35.3,5.39,17.97,1
4377,Raipur,Kabir Nagar,1,BHK,505.0505051,Dealer,1,1,1,14.0,17.11,12.16,32.46,3.11,22.21,1
1094,Jaipur,Rambagh,6,BHK,5800.464037,Dealer,0,1,1,500.0,872.57,152.9,1105.41,372.57,74.51,1
5019,Pune,Ambegaon Budruk,2,BHK,857.1428571,Owner,1,1,1,48.0,49.78,28.96,58.1,1.78,3.71,1
14822,Lalitpur,Raheja Vihar,2,BHK,950.0113097,Dealer,0,1,1,210.0,106.66,50.11,171.04,103.34,49.21,0
12412,Lalitpur,Garodia Nagar,1,BHK,375.0,Dealer,0,1,1,90.0,98.11,71.03,128.51,8.11,9.01,1
16239,Noida,Sector-120 Noida,2,BHK,1135.123336,Dealer,0,1,1,52.0,53.4,43.38,70.26,1.4,2.69,1
18785,Mumbai,Rawalpada,1,BHK,650.026001,Dealer,0,1,1,75.0,49.22,23.17,100.65,25.78,34.37,1
28408,Kolkata,Madhyamgram,2,BHK,762.4633431,Dealer,0,1,1,15.6,23.58,18.05,35.88,7.98,51.15,0
28269,Raipur,Sarona,3,BHK,1319.230769,Builder,1,0,0,34.3,41.5,26.03,52.81,7.2,20.99,1
4681,Pune,Ravet,1,BHK,605.0338819,Owner,0,1,1,25.0,27.93,21.27,38.5,2.93,11.72,1
2701,Guwahati,Jalukbari,3,BHK,1335.384615,Dealer,0,0,1,43.4,52.03,41.92,60.53,8.63,19.88,1
23562,Lucknow,Faizabad Road,2,BHK,1239.473684,Dealer,1,1,1,47.1,54.24,40.23,79.54,7.14,15.16,1
5258,Mumbai,Parel,2,BHK,1166.016646,Dealer,1,0,1,290.0,346.34,53.92,205.91,56.34,19.43,0
18902,Nagpur,Ghogali,2,BHK,1100.110011,Dealer,0,0,1,30.0,45.7,27.37,65.12,15.7,52.33,1
13641,Bhiwadi,Milakpur Goojar,2,BHK,1250.0,Owner,1,0,1,30.0,36.15,22.94,47.49,6.15,20.5,1
26480,Guntur,Krishna Nagar,2,BHK,1000.0,Owner,0,1,1,70.0,34.47,23.47,49.32,35.53,50.76,0
7398,Lalitpur,Juhu,4,BHK,3000.0545460000003,Dealer,0,1,1,1100.0,963.18,312.78,1288.79,136.82,12.44,1
3053,Pune,Kutwal Colony,2,BHK,810.1265823,Dealer,0,1,1,32.0,57.09,36.1,84.57,25.09,78.41,0
4613,Mumbai,Ulwe,2,BHK,1090.135602,Dealer,0,1,1,82.0,100.26,76.2,138.15,18.26,22.27,1
5638,Surat,Vesu,3,BHK,1380.071764,Dealer,0,1,1,50.0,48.92,41.15,70.3,1.08,2.16,1
16778,Jaipur,Sethi Colony,4,BHK,2582.925503,Dealer,1,0,1,190.0,184.52,98.68,201.57,5.48,2.88,1
20495,Patna,Bairiya,2,BHK,1081.785598,Owner,0,0,1,33.2,39.22,26.51,58.5,6.02,18.13,1
20481,Mangalore,Shivabagh,3,BHK,1950.162514,Dealer,0,1,1,90.0,115.68,70.16,167.17,25.68,28.53,1
12559,Maharashtra,Dombivli (West),1,BHK,635.0550381,Dealer,0,1,1,45.0,37.94,32.49,86.22,7.06,15.69,1
10545,Bangalore,Pattandur Agrahara,3,BHK,1739.1304350000005,Dealer,0,1,0,120.0,126.66,78.43,160.15,6.66,5.55,1
13355,Bangalore,CV Raman Nagar,2,BHK,1045.031351,Owner,0,1,1,55.0,53.65,37.38,77.25,1.35,2.45,1
22203,Bhubaneswar,Mancheswar,3,BHK,1136.156648,Owner,0,1,1,49.9,45.16,32.62,70.21,4.74,9.5,1
5010,Kolhapur,Tarabai Park,2,BHK,1000.0,Owner,0,1,1,32.0,38.65,25.96,53.53,6.65,20.78,1
8362,Maharashtra,Panch Pakhadi,2,BHK,960.0,Dealer,0,1,1,120.0,113.36,26.97,166.11,6.64,5.53,1
11955,Noida,Sector-93 Noida,3,BHK,1550.087192,Dealer,0,1,1,80.0,79.03,59.0,94.67,0.97,1.21,1
2159,Noida,Sector-128 Noida,3,BHK,1912.508244,Dealer,0,1,1,87.0,108.09,82.24,132.76,21.09,24.24,1
27620,Bangalore,Whitefield,3,BHK,1730.1038059999998,Owner,0,1,1,130.0,107.91,75.03,149.87,22.09,16.99,1
2780,Mumbai,Shivaji Park,1,BHK,750.0,Dealer,0,1,1,240.0,176.43,74.99,209.46,63.57,26.49,0
16291,Ghaziabad,Raj Nagar Extension,2,BHK,1000.0,Owner,1,1,1,33.0,31.44,25.45,42.52,1.56,4.73,1
4513,Lalitpur,Sector 25 Nerul,2,BHK,1040.041602,Dealer,0,1,1,140.0,102.78,57.61,141.29,37.22,26.59,1
8551,Ghaziabad,Ahinsa Khand 2,2,BHK,920.1042785,Dealer,0,1,1,60.0,39.75,26.47,51.66,20.25,33.75,0
20142,Noida,Sector-62 Noida,2,BHK,1050.080775,Owner,0,1,1,65.0,57.58,38.32,68.69,7.42,11.42,1
23031,Chennai,Madhavaram,4,BHK,2445.531347,Dealer,1,0,0,110.0,212.33,105.5,396.19,102.33,93.03,1
9421,Surat,PAL,3,BHK,2180.376611,Dealer,0,0,1,110.0,77.83,71.74,136.51,32.17,29.25,1
8598,Pune,NIBM,2,BHK,1175.180194,Dealer,0,1,1,75.0,73.96,55.13,105.58,1.04,1.39,1
1320,Mumbai,Mulund (West),1,BHK,517.9345684,Dealer,1,0,1,65.7,78.76,65.5,105.0,13.06,19.88,1
14817,Maharashtra,Roadpali,1,BHK,685.0152905,Dealer,0,1,1,56.0,46.63,35.71,86.58,9.37,16.73,1
7346,Bangalore,Sarjapur Road,2,BHK,1083.743842,Dealer,1,1,1,55.0,53.19,39.51,68.28,1.81,3.29,1
3633,Nagpur,Trimurti Nagar,2,BHK,1035.10351,Owner,0,1,1,46.0,41.58,29.97,58.75,4.42,9.61,1
21737,Mumbai,Malad (West),3,BHK,1394.466756,Dealer,0,1,1,250.0,242.69,197.65,338.83,7.31,2.92,1
22380,Lalitpur,Sector-58 Seawoods,2,BHK,1500.028847,Dealer,0,1,1,260.0,147.78,61.6,243.76,112.22,43.16,0
17825,Bangalore,Basavangudi,3,BHK,2315.184416,Dealer,1,0,1,290.0,244.31,128.56,272.69,45.69,15.76,0
24547,Coimbatore,Vadavalli,2,BHK,1109.11271,Owner,0,1,1,37.0,44.6,32.02,58.7,7.6,20.54,1
2657,Pune,Alandi,2,BHK,852.9188778999999,Owner,1,1,1,45.0,40.95,27.32,58.02,4.05,9.0,1
4066,Lucknow,Uttardhauna,3,BHK,1584.835301,Owner,1,1,1,51.0,66.0,52.88,93.02,15.0,29.41,0
23626,Noida,Sector-128 Noida,3,BHK,1912.557397,Dealer,0,1,1,95.8,108.09,82.24,132.76,12.29,12.83,1
25168,Noida,Sector-128 Noida,3,BHK,1750.198886,Owner,0,0,1,110.0,100.32,74.98,122.88,9.68,8.8,1
16494,Anand,Karamsad,2,BHK,1250.0,Owner,0,1,1,26.0,29.92,18.66,62.85,3.92,15.08,1
5015,Bangalore,Horamavu Agara,3,BHK,1525.87044,Dealer,1,1,1,110.0,94.2,72.89,128.53,15.8,14.36,1
3057,Ghaziabad,Lal Kuan,3,BHK,1048.252912,Dealer,0,1,1,31.5,36.89,26.8,56.29,5.39,17.11,1
606,Raigad,Roha,2,BHK,2000.0,Owner,0,1,1,60.0,43.19,32.85,185.27,16.81,28.02,1
8198,Dehradun,Mothrowala,2,BHK,810.1851852000001,Dealer,0,1,1,35.0,29.49,17.68,39.4,5.51,15.74,1
13801,Maharashtra,Khar West,4,BHK,2650.020611,Dealer,0,1,1,900.0,1079.65,285.31,1504.44,179.65,19.96,1
6917,Guwahati,Rukmini Gaon,3,BHK,1308.695652,Dealer,0,0,1,60.2,52.01,39.89,60.53,8.19,13.6,1
25165,Ghaziabad,Ahinsa Khand 1,2,BHK,1198.202696,Dealer,1,1,1,48.0,52.73,36.17,78.1,4.73,9.85,1
6296,Bangalore,Ambalipura,4,BHK,2277.212692,Dealer,1,0,1,150.0,148.0,108.94,215.65,2.0,1.33,1
11465,Bhopal,Indus Towne,1,BHK,464.0,Owner,0,1,1,14.5,18.35,10.02,26.3,3.85,26.55,1
8433,Kolkata,Madhyamgram,2,BHK,760.9756097999999,Dealer,0,1,1,15.6,23.58,18.05,35.88,7.98,51.15,0
5194,Chandigarh,Zirakpur,2,BHK,1273.367651,Dealer,1,0,1,47.0,46.75,39.92,53.06,0.25,0.53,1
13219,Mumbai,Mira Road East,2,BHK,855.0330354,Dealer,0,1,1,66.0,78.02,68.11,91.5,12.02,18.21,0
14159,Bangalore,Gunjur,3,BHK,1595.12761,Owner,1,1,1,55.0,94.2,71.32,127.83,39.2,71.27,0
413,Pune,Keshav Nagar,2,BHK,1150.01465,Dealer,1,1,1,78.5,73.06,30.8,113.34,5.44,6.93,1
5828,Bhiwadi,Alwar Bypass Road,1,BHK,625.0,Dealer,0,1,1,18.0,16.24,9.36,24.79,1.76,9.78,1
14926,Lalitpur,Sector-9 Shanti Nagar,1,BHK,390.0156006,Dealer,0,1,1,42.5,101.63,23.73,116.04,59.13,139.13,1
3374,Bangalore,Konanakunte,4,BHK,2689.039475,Dealer,1,0,1,250.0,239.75,152.56,333.46,10.25,4.1,1
6896,Chandigarh,Zirakpur,4,BHK,2090.322581,Dealer,1,0,1,81.0,79.7,70.81,117.8,1.3,1.6,1
16043,Chennai,Guduvancheri,2,BHK,1222.195062,Owner,0,1,1,50.0,59.49,45.01,75.2,9.49,18.98,1
19499,Kolkata,New Town,2,BHK,1264.07767,Dealer,0,0,0,65.1,60.04,44.35,91.8,5.06,7.77,1
22857,Gurgaon,Sector-65 Gurgaon,3,BHK,2345.17502,Dealer,1,0,0,270.0,224.11,128.29,248.67,45.89,17.0,0
28860,Bangalore,Thubarahalli,2,BHK,1034.5454550000002,Dealer,0,0,1,56.9,56.15,37.09,74.93,0.75,1.32,1
11824,Lalitpur,Sector 2 Ulwe,2,BHK,1050.057537,Dealer,0,1,1,73.0,104.87,54.3,192.76,31.87,43.66,1
5160,Maharashtra,Worli,3,BHK,1400.0,Dealer,1,0,0,700.0,599.7,195.26,749.7,100.3,14.33,1
20938,Mumbai,Malad (East),3,BHK,1587.061669,Dealer,1,0,1,210.0,238.98,194.92,317.07,28.98,13.8,1
22425,Bangalore,Ramagondanahalli,3,BHK,2462.121212,Dealer,0,1,1,130.0,226.9,136.16,353.04,96.9,74.54,0
24502,Patna,Chitkohra,3,BHK,1023.913043,Builder,1,0,0,47.1,42.65,27.63,48.39,4.45,9.45,1
15486,Mohali,Zirakpur,3,BHK,1800.055386,Dealer,0,0,1,65.0,66.39,49.09,90.3,1.39,2.14,1
223,Jaipur,C-Scheme,3,BHK,2235.294118,Dealer,0,1,1,190.0,125.18,66.36,187.28,64.82,34.12,0
25111,Lalitpur,Andheri (East),1,BHK,478.2608696,Dealer,0,1,1,110.0,116.61,77.53,136.11,6.61,6.01,1
16077,Kolkata,Bablatala,4,BHK,2160.251375,Owner,0,1,1,110.0,148.35,83.57,231.87,38.35,34.86,1
7806,Jaipur,Vaishali Nagar,4,BHK,2000.0,Dealer,0,1,1,55.0,85.77,55.97,142.42,30.77,55.95,0
15631,Durgapur,Bidhannagar,2,BHK,675.0572082,Dealer,0,0,0,11.8,24.62,12.6,38.26,12.82,108.64,0
26589,Faridabad,Sector 88 Faridabad,2,BHK,1272.669424,Dealer,0,1,1,40.0,46.06,38.44,47.79,6.06,15.15,1
7302,Raigad,Near Deuolwada,3,BHK,1099.868016,Owner,0,1,1,25.0,111.56,37.59,285.82,86.56,346.24,0
18205,Bangalore,Chandapura,3,BHK,1339.046599,Owner,0,1,1,50.0,65.04,47.84,89.19,15.04,30.08,1
384,Bangalore,Electronics City Phase 1,3,BHK,1350.135014,Owner,0,1,1,60.0,65.38,47.84,90.01,5.38,8.97,1
6324,Bangalore,Akshaya Nagar,3,BHK,1666.049611,Owner,0,1,1,90.0,107.27,74.56,146.44,17.27,19.19,1
655,Kolkata,Naktala,2,BHK,750.0610799,Owner,0,1,1,30.7,36.18,22.15,41.7,5.48,17.85,1
13627,Pune,Koregaon Park,3,BHK,2230.15165,Dealer,0,1,1,200.0,204.33,117.31,276.35,4.33,2.16,1
14680,Chandigarh,New Chandigarh,3,BHK,1391.69864,Dealer,1,0,0,39.9,68.95,41.86,109.35,29.05,72.81,0
22737,Bangalore,Kodihalli,2,BHK,1106.074343,Dealer,0,1,1,61.0,62.56,42.3,92.88,1.56,2.56,1
23045,Pune,Mohamadwadi,3,BHK,3125.465099,Dealer,1,1,1,210.0,205.99,185.48,439.99,4.01,1.91,1
1834,Mohali,Sector-125 Mohali,3,BHK,1800.0,Dealer,0,1,1,45.0,60.58,43.73,116.54,15.58,34.62,1
26896,Sonipat,Sector 8 Sonipat,2,BHK,1184.156799,Owner,0,1,1,29.0,38.48,23.97,59.7,9.48,32.69,1
12736,Faridabad,Sector 89 Faridabad,3,BHK,1048.327138,Dealer,1,0,1,28.2,38.5,26.88,39.8,10.3,36.52,1
17633,Noida,Sector-120 Noida,1,BHK,590.0401227000001,Dealer,1,1,1,25.0,28.32,19.35,35.02,3.32,13.28,1
20752,Noida,Sector-104 Noida,3,BHK,1745.669397,Dealer,0,1,1,130.0,101.61,71.66,130.13,28.39,21.84,1
2167,Faridabad,Sector 80 Faridabad,3,BHK,1380.295098,Dealer,1,1,1,58.0,47.24,39.49,54.72,10.76,18.55,0
26708,Mohali,Zirakpur,3,BHK,1355.019892,Dealer,1,1,1,57.9,49.08,39.15,58.83,8.82,15.23,1
612,Gurgaon,Sector-102 Gurgaon,3,BHK,2501.924557,Dealer,1,1,1,130.0,165.18,127.63,235.35,35.18,27.06,1
3614,Kolkata,New Town,3,BHK,2035.087719,Dealer,0,1,1,87.0,112.86,89.52,204.04,25.86,29.72,0
15095,Aurangabad,Samarth Nagar,3,BHK,1750.198886,Owner,0,1,1,110.0,65.6,41.61,102.37,44.4,40.36,0
5178,Agra,Shastripuram,2,BHK,1250.0,Dealer,1,1,1,27.9,37.62,27.73,55.07,9.72,34.84,1
25598,Noida,Sector-137 Noida,3,BHK,1437.157042,Owner,0,1,1,110.0,69.2,53.62,88.82,40.8,37.09,0
23136,Amravati,Rampuri Camp,2,BHK,900.1058947999999,Owner,0,1,1,51.0,30.36,16.2,41.39,20.64,40.47,0
26319,Mumbai,Mira Road East,2,BHK,998.3982915,Dealer,1,0,1,74.8,81.28,68.67,98.08,6.48,8.66,1
25856,Maharashtra,Borivali (East),4,BHK,2170.724553,Dealer,0,1,1,370.0,473.76,219.91,531.63,103.76,28.04,1
22914,Bangalore,JP Nagar,3,BHK,1790.243175,Dealer,0,1,1,120.0,123.75,83.68,158.6,3.75,3.12,1
20256,Lucknow,Purseni,2,BHK,398.2621289,Dealer,1,1,1,11.0,24.65,10.94,40.92,13.65,124.09,1
24006,Bangalore,Ashirvad Colony,2,BHK,1095.181203,Owner,0,1,1,55.0,58.69,39.44,75.72,3.69,6.71,1
10318,Mohali,Sector-88 Mohali,3,BHK,1659.3152699999998,Dealer,1,1,1,79.0,71.57,51.75,83.57,7.43,9.41,1
16308,Raigarh,Boirdadar,2,BHK,1100.478469,Owner,0,1,1,23.0,34.45,22.58,49.71,11.45,49.78,1
28038,Aurangabad,Satara Parisar,2,BHK,1000.0,Owner,1,1,1,30.0,30.62,21.49,47.64,0.62,2.07,1
13365,Kolkata,E M Bypass,3,BHK,1840.025977,Dealer,0,1,1,170.0,128.75,78.93,173.43,41.25,24.26,1
3445,Vadodara,Akota,3,BHK,1724.595383,Owner,0,1,1,65.0,56.15,44.57,89.72,8.85,13.62,1
21798,Bhubaneswar,Uttara,3,BHK,1269.420235,Owner,0,1,1,33.5,52.03,35.57,67.05,18.53,55.31,0
29181,Kanpur,Jajmau,3,BHK,1899.907322,Dealer,1,1,1,82.0,94.99,54.12,126.96,12.99,15.84,1
26831,Maharashtra,Taloja,1,BHK,297.029703,Dealer,1,1,0,27.0,31.15,10.16,74.52,4.15,15.37,1
13467,Surat,Citylight Area,4,BHK,4623.513871,Dealer,0,1,1,210.0,389.96,160.56,513.32,179.96,85.7,1
7846,Mumbai,Bhandup (West),1,BHK,349.9840916,Dealer,1,0,1,33.0,66.14,48.9,98.65,33.14,100.42,0
22877,Faridabad,Sector 86 Faridabad,2,BHK,725.0665877,Dealer,1,1,1,24.5,24.63,20.25,35.14,0.13,0.53,1
24848,Bangalore,Uttarahalli,3,BHK,1590.361446,Dealer,1,1,1,66.0,105.21,74.1,139.28,39.21,59.41,0
11456,Pune,St Tukaram Nagar,3,BHK,1300.052002,Dealer,1,1,1,50.0,86.85,66.21,112.66,36.85,73.7,0
29384,Chennai,Velachery,2,BHK,1023.037876,Dealer,0,1,1,78.6,65.41,37.9,88.44,13.19,16.78,1
23719,Bhopal,Salaiya,3,BHK,1235.330451,Owner,1,1,1,20.0,38.72,23.36,59.86,18.72,93.6,0
5544,Asansol,Raniganj,3,BHK,1125.054089,Owner,0,1,1,26.0,35.97,23.12,49.87,9.97,38.35,1
25378,Bangalore,Belatur,2,BHK,1264.864865,Dealer,1,1,1,46.8,73.3,57.93,99.21,26.5,56.62,0
12128,Maharashtra,Malad (West),3,BHK,1265.822785,Dealer,0,1,1,210.0,250.49,185.44,336.66,40.49,19.28,1
13601,Maharashtra,Peddar Road,2,BHK,676.9985178999999,Dealer,0,1,1,370.0,265.15,127.04,343.27,104.85,28.34,0
7744,Bangalore,Devanahalli Road,2,BHK,951.9160361,Dealer,0,0,1,39.0,47.46,34.17,71.0,8.46,21.69,1
5865,Faridabad,Sector 82 Faridabad,3,BHK,635.0,Dealer,1,1,0,25.4,25.08,21.78,40.52,0.32,1.26,1
21001,Bangalore,Mysore Road,3,BHK,1520.213832,Owner,0,1,1,91.0,95.18,68.48,134.38,4.18,4.59,1
25246,Agra,Dayal Bagh,2,BHK,585.0396991,Dealer,0,1,1,28.0,18.48,12.06,33.85,9.52,34.0,1
16845,Bangalore,Pragathi Nagar,3,BHK,1230.186894,Owner,0,1,1,52.0,60.69,44.41,83.07,8.69,16.71,1
16823,Kochi,Unnichira,3,BHK,1380.150193,Dealer,0,1,1,68.0,67.74,51.08,93.46,0.26,0.38,1
233,Mumbai,Goregaon (East),2,BHK,1532.720245,Dealer,0,1,1,230.0,261.78,160.48,370.52,31.78,13.82,1
3296,Mumbai,Taloja Panchanand,2,BHK,1035.177721,Dealer,1,1,1,56.5,113.38,57.88,214.97,56.88,100.67,0
22491,Guwahati,Survey,3,BHK,1363.539672,Dealer,0,0,1,64.1,56.13,43.18,60.68,7.97,12.43,0
18720,Jaipur,Mansarovar Extension,2,BHK,760.4562738,Dealer,1,0,1,24.0,25.28,16.25,40.17,1.28,5.33,1
4940,Mohali,Sector-115 Mohali,3,BHK,2200.220022,Dealer,0,1,1,60.0,93.47,64.35,148.69,33.47,55.78,0
27455,Bangalore,Doddakammanahalli,3,BHK,1545.117429,Owner,0,1,1,50.0,98.46,68.48,134.38,48.46,96.92,0
12361,Noida,Sector-137 Noida,1,BHK,460.0200736000001,Owner,0,1,1,27.5,23.53,17.08,35.51,3.97,14.44,1
18664,Shirdi,Rahata,2,BHK,735.8738502,Owner,0,1,1,28.0,29.83,17.48,39.78,1.83,6.54,1
12601,Lalitpur,Chandivali,2,BHK,680.0,Dealer,0,1,1,170.0,107.32,42.11,160.9,62.68,36.87,0
4590,Maharashtra,Sector-8 Ulwe,2,BHK,990.0990099,Dealer,1,1,1,72.0,124.96,91.1,184.06,52.96,73.56,0
77,Lalitpur,Sector-8 Ulwe,2,BHK,1146.480331,Dealer,0,1,1,88.6,109.71,111.35,205.21,21.11,23.83,0
22308,Kolkata,Rajarhat,3,BHK,1337.593184,Dealer,0,1,1,62.8,67.53,44.63,106.31,4.73,7.53,1
10565,Bangalore,Whitefield,3,BHK,1778.907243,Dealer,0,1,1,140.0,122.68,78.68,160.24,17.32,12.37,1
1116,Visakhapatnam,Madhurawada,3,BHK,2200.0,Owner,0,1,1,66.0,152.32,69.99,191.36,86.32,130.79,0
8083,Mangalore,Padil,3,BHK,1058.028432,Owner,0,1,1,45.4,45.94,30.89,63.95,0.54,1.19,1
5430,Ghaziabad,Sector-18 Vasundhara,2,BHK,1050.080775,Owner,0,1,1,65.0,48.13,29.8,60.75,16.87,25.95,0
2225,Maharashtra,Sector 34C Kharghar,2,BHK,1150.062353,Dealer,0,1,1,83.0,106.34,87.33,133.12,23.34,28.12,0
8677,Maharashtra,Badlapur (East),1,BHK,487.0489263,Owner,0,1,1,22.0,41.68,11.76,70.96,19.68,89.45,1
2403,Lalitpur,Borivali (West),1,BHK,699.4963626,Dealer,1,0,1,100.0,94.68,72.07,102.96,5.32,5.32,1
755,Kolkata,Baruipur,3,BHK,1287.5,Dealer,0,0,1,41.2,56.64,41.03,82.06,15.44,37.48,1
7738,Pune,Moshi,2,BHK,860.1062483999999,Dealer,1,0,1,34.0,46.54,34.52,69.93,12.54,36.88,0
11406,Lucknow,Vikas Nagar,3,BHK,2200.430519,Owner,0,1,1,92.0,123.1,70.72,227.19,31.1,33.8,1
6681,Mumbai,Sector-27 Kharghar,2,BHK,1050.530518,Dealer,0,1,1,100.0,84.83,77.07,119.87,15.17,15.17,1
22196,Jaipur,Jagatpura,2,BHK,1055.026893,Owner,0,1,1,25.5,32.68,21.68,46.79,7.18,28.16,1
18569,Chandigarh,Dera Bassi,3,BHK,1650.420168,Dealer,1,1,1,49.1,53.93,43.45,76.85,4.83,9.84,1
2376,Bangalore,Bagalur,2,BHK,1272.827892,Dealer,1,1,1,69.0,75.08,56.11,97.93,6.08,8.81,1
1610,Bhilai,Nehru Nagar,3,BHK,2400.0,Owner,0,1,1,45.0,107.29,52.89,176.52,62.29,138.42,0
480,Bangalore,Sarjapur Road,3,BHK,1510.989011,Dealer,1,0,1,110.0,82.47,62.94,109.18,27.53,25.03,0
11507,Mohali,Sector-121 Mohali,3,BHK,2400.0,Dealer,1,1,0,98.4,128.13,82.89,148.58,29.73,30.21,1
8335,Asansol,Hill View (South),3,BHK,1699.497876,Owner,0,1,1,44.0,912.97,118.35,954.94,868.97,1974.93,0
9727,Bangalore,Iblur Village,4,BHK,3596.230159,Dealer,0,1,1,290.0,316.52,226.32,512.51,26.52,9.14,1
19012,Mumbai,Powai,2,BHK,561.6174583,Dealer,1,0,0,210.0,171.75,124.55,228.28,38.25,18.21,1
4078,Maharashtra,kavesar,1,BHK,730.0053677,Dealer,1,1,1,68.0,79.34,37.26,127.67,11.34,16.68,1
27823,Palghar,Lokmanya Nagar,1,BHK,650.026001,Owner,0,1,1,25.0,19.68,11.74,27.7,5.32,21.28,1
11346,Bhubaneswar,Sundarpada,2,BHK,1320.064988,Owner,0,1,1,32.5,57.3,39.19,78.2,24.8,76.31,0
26509,Kolkata,Maheshtala,3,BHK,1090.215318,Owner,0,1,1,40.0,47.7,32.69,61.39,7.7,19.25,1
261,Secunderabad,Kompally,3,BHK,1767.388826,Owner,0,1,1,77.5,75.31,53.48,105.71,2.19,2.83,1
27407,Bangalore,Kasavanhalli,2,BHK,1047.120419,Dealer,0,1,1,50.0,55.0,36.97,73.65,5.0,10.0,1
20652,Faridabad,Sector 84 Faridabad,4,BHK,1397.821577,Dealer,1,1,1,53.9,64.15,40.46,62.1,10.25,19.02,1
17964,Mohali,Sector-105 Mohali,3,BHK,1550.160866,Dealer,0,1,1,53.0,61.21,40.71,71.87,8.21,15.49,1
28440,Jaipur,Malviya Nagar,2,BHK,1200.274348,Owner,0,0,1,35.0,38.53,24.31,59.29,3.53,10.09,1
14760,Lalitpur,Wakad,1,BHK,455.10964,Builder,1,0,0,44.0,39.25,19.39,97.49,4.75,10.8,1
4426,Bangalore,Ananth Nagar,2,BHK,910.2990033,Dealer,0,1,1,27.4,53.55,34.64,75.34,26.15,95.44,0
3562,Patna,Bailey Road,3,BHK,1379.944802,Owner,0,1,1,60.0,56.11,34.73,76.2,3.89,6.48,1
9344,Ratnagiri,Chiplun,1,BHK,575.1533742,Owner,0,1,1,15.0,22.1,14.27,28.09,7.1,47.33,1
21161,Mohali,Sector-68 Mohali,3,BHK,1449.551783,Dealer,0,1,1,76.0,74.08,41.49,99.1,1.92,2.53,1
16626,Pune,Chinchwad,3,BHK,1700.921332,Dealer,1,1,1,120.0,126.16,96.65,182.36,6.16,5.13,1
15917,Kolkata,Ballygunge Circular Road,2,BHK,1400.070004,Dealer,0,1,1,160.0,113.54,48.88,142.72,46.46,29.04,0
25909,Chennai,Tirumullaivayal Colony,3,BHK,1170.0468019999998,Owner,0,1,1,60.0,73.59,44.87,135.43,13.59,22.65,1
6154,Jaipur,Jagatpura,1,BHK,660.0660066,Owner,0,1,1,20.0,17.87,13.66,31.44,2.13,10.65,1
29162,Bangalore,Hebbal,3,BHK,1315.212626,Owner,0,1,1,60.0,81.11,52.01,104.57,21.11,35.18,1
2719,Mumbai,Bandra (West),3,BHK,2100.025846,Dealer,0,1,1,650.0,790.63,257.92,974.42,140.63,21.64,1
24677,Lalitpur,Taloja,1,RK,237.0546947,Builder,1,0,0,17.9,9.47,12.04,57.0,8.43,47.09,1
28498,Pune,Rambaug Colony,2,BHK,1522.070015,Dealer,0,1,1,140.0,111.2,71.99,174.7,28.8,20.57,1
12059,Mumbai,Manpada,3,BHK,1818.482394,Dealer,1,1,1,220.0,249.77,172.0,357.57,29.77,13.53,1
19914,Lalitpur,Borivali (West),2,BHK,749.0306662,Dealer,0,1,1,170.0,152.64,95.27,160.35,17.36,10.21,0
12524,Pune,Balewadi,3,BHK,1649.892757,Dealer,1,1,1,100.0,119.14,80.57,164.73,19.14,19.14,1
25671,Ratnagiri,Karwanchiwadi,1,BHK,477.0075498,Owner,0,1,1,13.9,20.97,11.87,26.16,7.07,50.86,1
7057,Thrissur,M G Road,3,BHK,1750.1346260000005,Dealer,0,1,1,65.0,93.88,61.61,128.75,28.88,44.43,1
12299,Mohali,Sector-88 Mohali,2,BHK,2562.929062,Dealer,1,1,1,56.0,66.94,64.94,175.63,10.94,19.54,0
2637,Durgapur,Benachity,2,BHK,748.0,Dealer,0,0,1,18.7,19.36,14.32,31.62,0.66,3.53,1
18607,Ranchi,Bariatu,3,BHK,1920.122888,Dealer,0,1,1,75.0,76.02,56.46,114.63,1.02,1.36,1
20108,Raipur,Telibandha,3,BHK,1280.32345,Owner,0,1,1,38.0,44.39,26.35,56.33,6.39,16.82,1
8800,Noida,Sector-128 Noida,3,BHK,2916.666667,Dealer,1,0,0,280.0,251.49,157.37,337.3,28.51,10.18,1
6216,Mumbai,JK Gram,2,BHK,502.0135709,Dealer,0,0,1,91.0,65.57,33.56,176.44,25.43,27.95,1
1808,Bahadurgarh,Sector-15 Bahadurgarh,3,BHK,1500.0,Owner,1,1,1,51.0,63.1,34.86,77.96,12.1,23.73,1
25614,Bangalore,Attibele,2,BHK,1060.0706710000002,Owner,0,1,1,36.0,47.58,34.49,65.94,11.58,32.17,1
20274,Pune,Kothrud,3,BHK,1528.273051,Dealer,0,1,1,150.0,135.42,84.06,180.41,14.58,9.72,1
23156,Surat,Vesu,3,BHK,1770.8612829999995,Dealer,0,1,1,66.0,65.11,55.95,74.41,0.89,1.35,1
6879,Surat,Palanpur,3,BHK,1566.068515,Dealer,0,1,1,48.0,55.86,42.15,70.17,7.86,16.38,1
26824,Kolkata,E M Bypass,4,BHK,1450.751252,Dealer,0,0,0,86.9,117.8,48.84,151.09,30.9,35.56,1
6278,Bangalore,Nagarbhavi,3,BHK,1424.444444,Dealer,0,0,1,64.1,82.51,59.77,123.21,18.41,28.72,1
16593,Bangalore,Uttarahalli,3,BHK,1600.0,Owner,0,1,1,74.0,91.03,68.16,122.67,17.03,23.01,1
7569,Chennai,Kannan Colony,2,BHK,1211.3306,Dealer,1,1,1,130.0,77.91,50.64,124.17,52.09,40.07,0
18145,Chandigarh,Mullanpur,4,BHK,2478.521218,Dealer,1,0,1,95.2,102.9,91.77,162.39,7.7,8.09,1
11028,Pune,Kharadi,2,BHK,990.7120743,Dealer,1,0,1,57.6,64.75,45.73,88.69,7.15,12.41,1
19635,Nagpur,Nrendra Nagar Extension,2,BHK,898.9827301000001,Owner,0,1,1,38.0,37.34,21.98,49.41,0.66,1.74,1
24472,Ghaziabad,Niti Khand 3,3,BHK,1600.0,Dealer,0,1,1,72.0,79.67,51.33,101.71,7.67,10.65,1
4127,Lalitpur,Parel,3,BHK,1345.023413,Dealer,1,0,1,540.0,470.04,215.51,524.97,69.96,12.96,0
7282,Kolkata,New Town,3,BHK,1525.224873,Dealer,0,1,1,78.0,79.14,56.24,104.52,1.14,1.46,1
16916,Lalitpur,Marol,1,BHK,425.6433763,Dealer,1,1,1,130.0,59.57,24.69,81.1,70.43,54.18,0
2758,Lalitpur,Military Camp,3,BHK,883.6524300000001,Dealer,0,1,1,270.0,330.01,174.6,365.23,60.01,22.23,1
6703,Noida,Sector-49 Noida,2,BHK,947.4232171,Dealer,0,1,1,18.2,42.4,24.93,54.28,24.2,132.97,0
12549,Lalitpur,Kanjur marg (west),3,BHK,1691.3869370000002,Dealer,1,0,1,260.0,227.54,92.6,275.72,32.46,12.48,1
5187,Lalitpur,Pipla,3,BHK,869.7261287999999,Builder,1,0,0,47.0,97.17,46.29,205.21,50.17,106.74,1
9154,Bangalore,Jayanthi Nagar,2,BHK,1150.086256,Owner,0,1,1,60.0,61.21,45.09,77.23,1.21,2.02,1
17870,Surat,Palanpur,2,BHK,1225.078069,Owner,0,1,1,51.0,36.74,32.17,48.08,14.26,27.96,0
11855,Maharashtra,Panvel,2,BHK,485.3542234,Dealer,1,0,0,57.0,51.43,36.66,96.72,5.57,9.77,1
22763,Siliguri,Sevoke Road,1,BHK,439.0779363,Owner,0,1,1,20.0,14.46,9.41,19.45,5.54,27.7,0
8208,Maharashtra,Juhu,4,BHK,3500.028,Dealer,0,1,1,1250.0,1706.47,336.3,1837.75,456.47,36.52,1
9217,Vijayawada,Guntupalli,3,BHK,1435.26655,Owner,0,1,1,49.0,59.19,41.19,71.94,10.19,20.8,1
23847,Indore,Khajrana,2,BHK,1387.283237,Builder,1,0,0,62.4,45.05,37.41,47.51,17.35,27.8,0
22495,Lucknow,Vibhuti Khand,3,BHK,1497.75337,Owner,1,1,1,120.0,62.08,46.62,85.9,57.92,48.27,0
21024,Pune,Pimpri,2,BHK,1400.037334,Owner,0,1,1,75.0,89.33,65.22,139.82,14.33,19.11,1
13076,Lalitpur,Sector-38 Seawoods,2,BHK,1180.080245,Dealer,1,1,1,150.0,128.34,94.12,173.81,21.66,14.44,1
28779,Mumbai,Thane West,1,BHK,645.0012404,Dealer,1,1,1,52.0,69.93,56.54,86.98,17.93,34.48,0
8270,Lucknow,Gomti Nagar,4,BHK,2571.428571,Dealer,1,1,1,180.0,188.84,108.05,242.45,8.84,4.91,1
2882,Ghaziabad,Raj Nagar Extension,3,BHK,1235.230934,Dealer,1,1,1,34.5,43.51,32.72,54.25,9.01,26.12,1
19948,Raisen,Patel Nagar,3,BHK,1409.774436,Owner,0,1,1,30.0,44.06,32.46,64.01,14.06,46.87,0
9635,Chandigarh,New Chandigarh,1,BHK,836.6762177999999,Dealer,1,0,1,29.2,29.71,19.92,45.4,0.51,1.75,1
26203,Ghaziabad,Mehrauli,2,BHK,850.0772798,Dealer,0,1,1,22.0,30.2,21.17,49.22,8.2,37.27,1
10578,Bangalore,Hebbal,3,BHK,1967.82035,Dealer,0,1,1,170.0,172.2,100.64,253.52,2.2,1.29,1
5259,Jaipur,Ajmer Road,3,BHK,1300.0,Owner,0,1,1,32.5,42.35,27.45,57.54,9.85,30.31,1
10084,Pune,Hadapsar,4,BHK,4599.715256,Dealer,0,1,1,420.0,500.21,220.17,713.24,80.21,19.1,1
20232,Ghaziabad,Vaibhav Khand,3,BHK,1650.227618,Owner,0,1,1,87.0,79.75,54.26,105.5,7.25,8.33,1
16129,Bangalore,Brookefield,2,BHK,1100.0,Owner,0,1,1,55.0,55.33,39.7,73.61,0.33,0.6,1
20429,Ghaziabad,Vaibhav Khand,3,BHK,1600.150602,Dealer,0,1,1,85.0,79.67,51.33,101.71,5.33,6.27,1
2367,Mumbai,Malad E,1,BHK,670.0416915,Dealer,0,1,1,90.0,88.63,78.5,119.11,1.37,1.52,1
23801,Mumbai,Powai,2,BHK,666.6666667000001,Dealer,1,1,1,180.0,177.86,132.3,229.72,2.14,1.19,1
20079,Ghaziabad,Crossing Republik,2,BHK,1100.28293,Owner,1,1,1,35.0,36.25,30.4,53.16,1.25,3.57,1
18651,Jaipur,Mansarovar Extension,3,BHK,1400.0,Owner,0,1,1,35.0,46.12,31.6,61.78,11.12,31.77,1
10927,Maharashtra,Chembur,3,BHK,1752.444198,Dealer,0,1,1,380.0,354.18,208.55,451.64,25.82,6.79,1
12927,Chennai,Virugambakkam,2,BHK,1060.108131,Owner,0,1,1,100.0,65.6,37.97,77.67,34.4,34.4,0
11145,Chennai,Camp Road,2,BHK,860.1103537999999,Dealer,0,1,1,53.0,46.31,32.59,67.02,6.69,12.62,1
18551,Lalitpur,Malad (East),2,BHK,845.0984291000001,Dealer,0,1,1,170.0,158.05,137.37,186.83,11.95,7.03,1
21809,Maharashtra,JVLR,3,BHK,1244.010321,Dealer,0,1,1,270.0,194.61,114.72,599.19,75.39,27.92,1
24309,Bangalore,Kaggalipura,1,BHK,699.9125109,Owner,0,1,1,32.0,34.82,25.48,45.0,2.82,8.81,1
4033,Chennai,Pallikaranai,1,BHK,618.0694419,Owner,0,1,1,34.0,34.94,22.15,47.28,0.94,2.76,1
16654,Pune,Kalyani Nagar,3,BHK,1741.9579609999998,Dealer,0,1,1,150.0,152.49,84.78,195.27,2.49,1.66,1
3024,Lalitpur,Badlapur (East),2,BHK,1049.790042,Dealer,0,1,1,35.0,107.25,52.83,160.63,72.25,206.43,0
13348,Noida,Sector-45 Noida,1,BHK,587.0307167000001,Dealer,0,1,1,17.2,30.06,16.77,35.2,12.86,74.77,1
15399,Kolkata,Mukundapur,2,BHK,1841.408678,Dealer,0,1,1,160.0,135.11,73.09,203.79,24.89,15.56,1
741,Lalitpur,Mira Road East,1,BHK,690.0212313999999,Dealer,1,1,1,52.0,53.78,50.8,62.52,1.78,3.42,1
21176,Bhopal,Saket Nagar,1,BHK,450.0097828,Owner,0,1,1,23.0,13.4,9.65,23.97,9.6,41.74,1
8436,Surat,Render Road,1,BHK,296.969697,Owner,0,1,1,4.9,10.68,4.54,16.86,5.78,117.96,1
17974,Jaipur,Ajmer Road,3,BHK,1205.335874,Owner,1,1,1,25.3,41.5,22.86,55.57,16.2,64.03,1
9695,Jaipur,Jagatpura,3,BHK,1200.162734,Dealer,0,1,1,29.5,34.27,22.46,56.75,4.77,16.17,1
28473,Bangalore,Konanakunte,4,BHK,2726.171244,Dealer,1,1,1,270.0,227.19,153.86,332.68,42.81,15.86,1
16874,Valsad,Pardi,2,BHK,880.0880087999999,Owner,0,1,1,16.0,23.32,14.8,45.97,7.32,45.75,1
20078,Mumbai,Mulund (West),1,BHK,617.7215190000001,Dealer,0,0,1,85.4,78.7,75.18,109.89,6.7,7.85,1
9607,Maharashtra,Rasayani,1,BHK,603.0032848,Dealer,1,1,1,25.7,59.46,34.67,104.5,33.76,131.36,0
18685,Maharashtra,Kanjur marg (west),2,BHK,450.0450045,Dealer,1,0,0,110.0,97.47,47.24,170.18,12.53,11.39,1
5196,Noida,Sector-150 Noida,3,BHK,1622.498648,Dealer,1,0,0,120.0,81.13,69.36,109.05,38.87,32.39,0
29148,Indore,Nipania,2,BHK,1053.799224,Dealer,0,1,1,38.0,30.88,21.75,35.22,7.12,18.74,0
12462,Maharashtra,Sector 15 Kharghar,1,BHK,560.0149337,Dealer,0,1,1,60.0,54.86,42.91,80.52,5.14,8.57,1
27925,Noida,Sector-151 Noida,2,BHK,928.2009282,Owner,1,1,1,34.0,36.69,25.64,53.59,2.69,7.91,1
19968,Bangalore,Sarjapur,3,BHK,1464.68144,Dealer,1,1,1,42.3,83.02,61.08,109.28,40.72,96.26,0
25997,Vijayawada,Yanamalakuduru,2,BHK,699.9125109,Owner,0,0,1,32.0,23.46,14.57,33.72,8.54,26.69,1
29404,Indore,Manavta Nagar,2,BHK,840.3361345000001,Owner,0,1,1,18.0,27.79,16.7,38.22,9.79,54.39,1
14080,Lalitpur,Tilak Nagar,1,BHK,650.0221597999999,Dealer,0,1,1,88.0,69.26,31.55,98.07,18.74,21.3,1
5719,Lalitpur,Manpada,5,BHK,7959.300894,Dealer,1,1,1,970.0,966.77,209.52,2231.65,3.23,0.33,1
5137,Surat,PAL,2,BHK,1294.744859,Dealer,0,1,1,51.0,48.62,37.57,60.19,2.38,4.67,1
21632,Bangalore,Kanakpura Road,3,BHK,1269.805847,Dealer,1,1,0,56.9,80.69,49.89,103.39,23.79,41.81,1
22233,Ghaziabad,Bhopura,2,BHK,1072.293324,Owner,1,1,1,31.0,39.32,30.93,60.2,8.32,26.84,1
21922,Goa,Caranzalem,3,BHK,1237.815256,Owner,0,1,1,80.0,82.6,41.91,111.43,2.6,3.25,1
24672,Chittoor,Kattamanchi,2,BHK,1220.173536,Owner,0,1,1,45.0,45.01,31.29,59.85,0.01,0.02,1
22326,Nagpur,New Amar Nagar,2,BHK,1050.213325,Owner,1,0,1,32.0,42.59,27.96,58.05,10.59,33.09,1
1591,Noida,Sector-137 Noida,3,BHK,1895.184684,Dealer,1,1,1,98.0,96.72,76.72,125.55,1.28,1.31,1
26006,Faridabad,Sector 88 Faridabad,2,BHK,1250.0,Owner,0,1,1,42.5,47.87,37.69,50.85,5.37,12.64,1
1924,Pune,Pimple Saudagar,3,BHK,1381.02472,Dealer,0,1,1,100.0,100.04,72.39,137.27,0.04,0.04,1
16769,Pune,Kondhwa,3,BHK,1314.405889,Owner,0,1,1,100.0,103.37,62.96,138.61,3.37,3.37,1
93,Bangalore,Basapura,3,BHK,2738.22563,Owner,0,1,1,150.0,172.15,116.48,344.43,22.15,14.77,1
5769,Kolkata,Shibrampur,1,BHK,405.0769646,Dealer,0,1,1,15.0,15.63,12.76,28.41,0.63,4.2,1
190,Maharashtra,Sector-35G Kharghar,2,BHK,1160.062565,Dealer,0,1,1,89.0,162.81,85.86,336.72,73.81,82.93,1
17277,Maharashtra,Kolshet Industrial Area,3,BHK,1050.0,Dealer,0,0,0,210.0,154.9,115.36,201.27,55.1,26.24,0
22133,Bangalore,Naganathapura,3,BHK,1451.131029,Owner,0,1,1,68.0,69.79,55.56,103.61,1.79,2.63,1
4970,Mohali,Sector-66A Mohali,3,BHK,2476.662221,Dealer,1,1,1,130.0,122.57,86.87,143.35,7.43,5.72,1
10796,Mumbai,Goregaon (West),2,BHK,492.7929038,Builder,1,0,0,120.0,109.15,37.02,163.07,10.85,9.04,1
28658,Lalitpur,Chembur (East),3,BHK,1790.02257,Dealer,0,1,1,460.0,369.51,225.25,446.43,90.49,19.67,0
324,Kochi,Kakkanad,3,BHK,1654.8463359999998,Owner,0,1,1,70.0,81.87,64.49,106.22,11.87,16.96,1
14359,Noida,Sector-29 Noida,3,BHK,1589.0477939999998,Dealer,0,1,1,130.0,87.32,60.81,104.84,42.68,32.83,0
12118,Mumbai,Wadala East,3,BHK,2284.232621,Dealer,0,1,1,370.0,458.4,274.24,790.78,88.4,23.89,1
4323,Ghaziabad,Ankur Vihar,3,BHK,1100.157729,Dealer,0,1,1,27.9,42.99,27.89,57.34,15.09,54.09,1
20689,Mumbai,Vile Parle (West),4,BHK,2500.0,Dealer,0,1,1,750.0,899.0,302.29,993.87,149.0,19.87,1
13736,Maharashtra,Sector-11 Ghansoli,3,BHK,1684.0417,Dealer,0,1,1,210.0,218.4,130.76,258.7,8.4,4.0,1
196,Bangalore,Suraksha Nagar,3,BHK,1830.065359,Dealer,0,1,1,98.0,110.07,75.21,153.82,12.07,12.32,1
2848,Bangalore,Jayanna Layout,3,BHK,1672.240803,Owner,0,1,1,75.0,107.27,74.56,146.44,32.27,43.03,1
18104,Bhopal,Kolar Road,3,BHK,1200.4175369999998,Owner,0,1,1,23.0,37.86,21.39,60.0,14.86,64.61,1
19506,Chennai,Manapakkam,3,BHK,1639.871383,Dealer,0,1,1,86.7,115.56,74.21,160.67,28.86,33.29,1
2533,Durgapur,Muchipara,2,BHK,927.1523179,Owner,0,1,1,21.0,27.77,18.24,37.63,6.77,32.24,1
24185,Kochi,Kaloor,3,BHK,1350.09311,Dealer,0,1,1,58.0,73.03,48.46,104.86,15.03,25.91,1
23084,Bangalore,Electronic City Phase II,2,BHK,1190.082645,Owner,1,1,1,72.0,56.27,45.68,75.93,15.73,21.85,1
24246,Ghaziabad,Sector-1 Vaishali,2,BHK,1150.0261369999998,Dealer,1,1,1,66.0,57.97,34.77,78.83,8.03,12.17,1
28775,Mangalore,Thokkttu,2,BHK,1105.6838369999998,Builder,0,1,0,24.9,40.02,33.29,52.16,15.12,60.72,0
763,Noida,Sector-143 Noida,3,BHK,1495.162709,Owner,1,1,1,85.0,70.49,56.54,90.55,14.51,17.07,1
23165,Bangalore,Rajarajeshwari Nagar,2,BHK,1000.0,Owner,0,1,1,40.0,49.29,34.58,65.53,9.29,23.22,1
7121,Mumbai,Mulund (West),2,BHK,859.0081319,Dealer,1,0,1,150.0,148.48,107.44,176.61,1.52,1.01,1
14610,Chandigarh,Zirakpur,3,BHK,1549.076341,Dealer,1,0,1,69.6,60.72,47.7,68.5,8.88,12.76,0
9319,Chandigarh,Manimajra,2,BHK,1044.1226,Dealer,0,1,1,62.0,55.06,31.45,77.51,6.94,11.19,1
1759,Bangalore,Goraguntepalya,2,BHK,1530.389156,Owner,0,1,1,140.0,97.33,54.94,144.18,42.67,30.48,1
4721,Chennai,Paruthipet,1,BHK,533.0243337,Owner,0,1,1,23.0,25.75,16.88,38.74,2.75,11.96,1
17976,Lalitpur,Bandra Kurla Complex,4,BHK,3199.959041,Dealer,0,1,1,1250.0,491.87,148.99,875.98,758.13,60.65,0
1060,Vijayawada,Poranki,3,BHK,1600.0,Builder,0,1,0,62.4,69.62,48.94,81.63,7.22,11.57,1
25205,Noida,Sector-119 Noida,3,BHK,1577.287066,Dealer,0,1,1,70.0,74.95,58.26,97.66,4.95,7.07,1
2461,Ghaziabad,Indirapuram,2,BHK,1120.071685,Owner,0,1,1,50.0,50.94,34.58,68.24,0.94,1.88,1
29295,Bangalore,Kaggdasspura,2,BHK,5764.075067,Owner,0,1,1,43.0,433.34,63.6,736.47,390.34,907.77,0
10594,Bangalore,Hebbal,2,BHK,1172.861783,Owner,0,1,1,65.0,69.43,45.09,90.13,4.43,6.82,1
20393,Rajkot,Nanamava Road,3,BHK,1100.016923,Dealer,0,1,1,65.0,66.14,25.41,116.44,1.14,1.75,1
7631,Maharashtra,Chembur,1,BHK,678.4678961,Dealer,1,0,1,110.0,101.75,82.36,126.45,8.25,7.5,1
10776,Madurai,Velmurugan Nagar,3,BHK,1486.199575,Owner,0,1,1,70.0,55.59,43.87,89.76,14.41,20.59,1
23754,Lucknow,Jankipuram Extension,2,BHK,963.3333332999998,Dealer,1,0,1,28.9,31.53,23.56,51.65,2.63,9.1,1
27121,Bangalore,Wilson Garden,3,BHK,1764.705882,Owner,0,1,1,150.0,120.61,78.86,176.44,29.39,19.59,1
22723,Lalitpur,Khanda Colony,1,RK,366.5776195,Builder,1,0,0,49.4,21.88,13.64,67.33,27.52,55.71,1
6550,Lucknow,Vrindavan Yojna,3,BHK,1535.151515,Dealer,1,0,1,50.66,64.82,53.37,89.94,14.16,27.95,0
21213,Surat,Pursottam Nagar,1,BHK,720.2016565,Owner,1,1,1,20.0,22.64,12.16,21.33,2.64,13.2,1
9820,Bangalore,Green View Layout,3,BHK,1472.134595,Owner,0,1,1,70.0,88.84,60.7,128.95,18.84,26.91,1
15506,Lucknow,Jankipuram Extension,2,BHK,889.200561,Dealer,1,0,0,31.7,31.22,21.63,51.69,0.48,1.51,1
29312,Noida,Noida Extension,4,BHK,2364.672365,Owner,0,1,1,83.0,117.8,77.1,182.71,34.8,41.93,1
12324,Kolkata,Reekjoyoni,3,BHK,1265.365148,Dealer,0,1,1,35.0,54.13,37.04,83.98,19.13,54.66,0
17163,Bangalore,Tumkur Road,1,BHK,670.0167504,Owner,0,1,1,56.0,36.01,23.51,43.76,19.99,35.7,0
25154,Surat,Adajan,2,BHK,980.1176141,Owner,0,1,1,35.0,33.08,21.94,39.22,1.92,5.49,1
6873,Lalitpur,Majiwada,1,BHK,650.0127453,Dealer,1,0,1,51.0,61.41,54.15,78.74,10.41,20.41,0
12651,Lalitpur,Sector-9 Ulwe,2,BHK,1015.046573,Dealer,0,1,1,85.0,98.65,57.95,152.75,13.65,16.06,1
12447,Bangalore,Ramamurthy Nagar,3,BHK,1000.0,Owner,0,1,1,41.0,49.27,36.61,70.39,8.27,20.17,1
27950,Pune,Wagholi,2,BHK,800.0,Dealer,0,1,1,33.0,47.6,30.79,74.61,14.6,44.24,1
3779,Rajkot,Nana Mava Road,2,BHK,832.1985172,Owner,0,1,1,110.0,29.56,18.57,47.81,80.44,73.13,0
22929,Kolkata,Action area 1A,3,BHK,1480.191554,Dealer,0,1,1,68.0,74.54,47.63,100.76,6.54,9.62,1
22317,Mumbai,Sector-35G Kharghar,3,BHK,1553.277415,Dealer,0,1,1,150.0,154.04,114.95,192.91,4.04,2.69,1
9606,Kolkata,Salt Lake,3,BHK,919.8879552,Dealer,0,1,0,82.1,48.74,28.4,75.17,33.36,40.63,0
27438,Kolkata,Khardah,2,BHK,973.3333332999998,Dealer,0,1,1,29.2,47.92,24.81,47.58,18.72,64.11,1
1820,Jalandhar,Pholriwal,3,BHK,2912.517781,Dealer,1,0,1,81.9,132.59,83.08,165.85,50.69,61.89,0
27073,Goa,Kadamba Plateau,1,BHK,512.0852110000001,Owner,1,1,1,25.0,21.63,13.77,30.92,3.37,13.48,1
23125,Bhopal,Kolar Road,2,BHK,980.7928075,Owner,1,1,1,24.0,27.54,19.55,43.27,3.54,14.75,1
20446,Lalitpur,Veera Desai Road,2,BHK,517.7591384,Dealer,0,1,1,150.0,94.13,41.3,136.07,55.87,37.25,0
13829,Noida,Sector-134 Noida,2,BHK,1250.0,Owner,0,1,1,43.5,68.44,49.45,75.73,24.94,57.33,0
4449,Mumbai,Chembur,3,BHK,969.9829598,Dealer,0,1,1,370.0,254.44,165.12,314.31,115.56,31.23,0
6306,Bangalore,Panathur,1,BHK,650.0847937000001,Owner,0,1,1,46.0,33.71,23.34,48.82,12.29,26.72,1
24166,Mumbai,Kanjur Marg (East),2,BHK,640.556369,Dealer,1,0,0,140.0,129.78,75.28,146.13,10.22,7.3,1
6440,Gandhinagar,Kalol,1,BHK,372.0065101,Owner,0,1,1,16.0,17.11,11.61,20.63,1.11,6.94,1
20281,Mohali,Sector-66b Mohali,3,BHK,2145.041503,Dealer,1,0,1,98.2,99.99,74.08,124.98,1.79,1.82,1
29106,Noida,sector-121 Noida,3,BHK,1529.68989,Dealer,1,1,1,110.0,80.87,61.16,93.74,29.13,26.48,0
10741,Jaipur,Jagatpura,2,BHK,1088.92922,Owner,0,1,1,30.0,33.76,22.15,48.93,3.76,12.53,1
24649,Chennai,Kambar Nagar,2,BHK,1100.029334,Owner,0,1,1,75.0,56.82,39.67,85.97,18.18,24.24,1
2957,Bhubaneswar,Patia,4,BHK,2015.790358,Dealer,0,1,1,120.0,104.13,78.95,184.33,15.87,13.23,1
5211,Pune,Pimple Saudagar,2,BHK,579.93937,Dealer,0,1,1,44.0,53.2,36.19,59.56,9.2,20.91,1
19587,Lucknow,Faizabad Road,3,BHK,1138.554217,Dealer,0,0,1,18.9,41.53,33.5,70.08,22.63,119.74,0
22941,Noida,Sector-75 Noida,2,BHK,1150.218542,Owner,1,1,1,50.0,57.8,48.63,65.19,7.8,15.6,1
16732,Chandigarh,Mullanpur,4,BHK,2478.851577,Dealer,1,0,1,96.7,102.9,91.77,162.39,6.2,6.41,1
12962,Chennai,Padur,3,BHK,1252.019386,Owner,0,1,1,62.0,60.44,45.27,87.13,1.56,2.52,1
15062,Pathanamthitta,Thukalassery,2,BHK,1098.461538,Builder,0,0,0,35.7,38.34,30.78,51.03,2.64,7.39,1
20683,Lalitpur,Vijay Park,1,BHK,600.0489836,Dealer,0,1,1,49.0,64.91,44.81,76.83,15.91,32.47,1
7393,Maharashtra,Chincholi Bunder,2,BHK,1139.357687,Dealer,0,1,1,160.0,109.19,29.69,145.59,50.81,31.76,0
15286,Ghaziabad,Shalimar garden,1,BHK,3231.597846,Owner,0,1,1,18.0,86.99,39.81,268.71,68.99,383.28,0
4535,Kolkata,Action Area IID,3,BHK,1509.123337,Dealer,0,1,1,110.0,86.13,50.3,114.51,23.87,21.7,1
14203,Bangalore,Hegde Nagar,3,BHK,1802.096986,Dealer,0,1,1,110.0,129.68,77.72,179.84,19.68,17.89,1
10416,Mumbai,Kalyan (West),2,BHK,1200.056473,Dealer,0,1,1,85.0,91.09,66.15,131.35,6.09,7.16,1
15121,Faridabad,Sector 80 Faridabad,3,BHK,1625.036732,Dealer,1,1,1,55.3,60.75,46.72,74.09,5.45,9.86,1
2787,Vadodara,Akota,3,BHK,2400.0,Dealer,0,1,1,120.0,80.86,54.07,159.64,39.14,32.62,1
16090,Bangalore,Bisuvanahalli,3,BHK,1075.05864,Owner,0,1,1,55.0,62.47,36.72,77.41,7.47,13.58,1
18837,Visakhapatnam,Vadlapaudi,2,BHK,1105.379514,Owner,0,1,1,30.0,40.52,28.52,51.88,10.52,35.07,1
21637,Bangalore,Electronics City Phase 1,2,BHK,1143.074871,Owner,0,1,1,60.0,54.02,39.21,69.4,5.98,9.97,1
23746,Mohali,Sector-74A Mohali,3,BHK,2250.08036,Dealer,1,1,1,70.0,80.37,70.31,142.96,10.37,14.81,0
24739,Bangalore,Rajaji Nagar,2,BHK,1201.05693,Dealer,1,1,1,100.0,102.14,50.39,110.07,2.14,2.14,1
22876,Kolkata,Rajarhat,2,BHK,849.0566037999998,Dealer,0,1,1,45.0,33.43,23.26,49.88,11.57,25.71,1
11603,Maharashtra,khopat,3,BHK,1312.06046,Dealer,0,1,1,250.0,142.32,38.42,181.94,107.68,43.07,0
22775,Bangalore,6th Phase JP Nagar,3,BHK,1796.324444,Owner,0,1,1,130.0,118.84,71.39,184.15,11.16,8.58,1
11175,Thrissur,Punkunnam,3,BHK,1399.906673,Dealer,0,1,1,60.0,63.1,42.4,78.12,3.1,5.17,1
18201,Ranchi,Bariatu,3,BHK,1185.220729,Owner,0,0,1,49.4,40.18,24.96,56.27,9.22,18.66,1
19495,Gandhinagar,Kalol,1,BHK,586.8880618,Owner,0,1,1,20.5,20.43,13.28,26.02,0.07,0.34,1
24978,Noida,Sector-128 Noida,3,BHK,1851.045296,Dealer,0,1,1,85.0,108.08,79.7,130.12,23.08,27.15,1
5845,Lalitpur,Malad (East),2,BHK,1051.524711,Dealer,1,0,1,140.0,148.95,149.52,181.28,8.95,6.39,0
14387,Jaipur,Siv vihar near Mansarovar metro station,3,BHK,1048.149361,Owner,0,1,1,32.0,39.58,20.13,47.57,7.58,23.69,1
7567,Jaipur,Sanganer,3,BHK,1500.0,Owner,0,1,1,42.0,51.27,33.46,69.45,9.27,22.07,1
10299,Bangalore,Hebbal,2,BHK,1245.08519,Dealer,1,1,1,95.0,87.68,56.78,109.81,7.32,7.71,1
16850,Bangalore,Electronic City Phase II,3,BHK,1415.173338,Dealer,1,1,1,84.5,73.67,59.63,94.63,10.83,12.82,1
27005,Pune,Kondhwa,3,BHK,1250.0,Dealer,0,1,1,70.0,102.07,65.06,127.77,32.07,45.81,1
19699,Bangalore,Whitefield,3,BHK,1108.297624,Dealer,1,0,1,56.9,65.33,42.0,81.69,8.43,14.82,1
22174,Maharashtra,Kanjur marg (west),3,BHK,720.0,Dealer,1,0,0,180.0,151.75,68.27,398.0,28.25,15.69,1
23078,Panaji,Caranzalem,3,BHK,1722.158439,Dealer,0,1,1,150.0,126.68,65.64,172.93,23.32,15.55,1
21468,Bangalore,Kaggadasapura,1,BHK,1100.28293,Owner,0,1,1,35.0,142.79,27.6,118.43,107.79,307.97,1
12358,Kolkata,Garia,3,BHK,1260.210035,Dealer,0,1,1,54.0,56.58,41.27,84.2,2.58,4.78,1
16709,Chandigarh,Sector-38 Chandigarh,2,BHK,1100.0,Owner,0,1,1,110.0,239.55,30.61,87.01,129.55,117.77,0
18213,Chennai,Pudupakkam Village,3,BHK,1061.893204,Owner,0,1,1,35.0,62.98,38.45,109.44,27.98,79.94,0
20590,Dharuhera,Sector-24 Dharuhera,2,BHK,1200.0,Owner,0,1,1,27.0,32.82,20.61,47.89,5.82,21.56,1
9689,Bangalore,Kothanur,2,BHK,928.0742459,Dealer,0,1,1,48.0,45.87,29.67,63.48,2.13,4.44,1
13979,Surat,Palanpur,2,BHK,1171.428571,Dealer,1,0,0,41.0,40.37,31.8,72.0,0.63,1.54,1
15459,Aurangabad,Satara Parisar,2,BHK,1000.0,Owner,0,1,1,31.0,31.16,19.81,49.59,0.16,0.52,1
3104,Noida,Sector-50 Noida,4,BHK,3232.323232,Dealer,1,1,0,320.0,258.85,155.84,344.55,61.15,19.11,1
26293,Noida,Sector-151 Noida,2,BHK,850.0510031,Owner,1,1,1,50.0,31.91,21.06,49.03,18.09,36.18,0
14535,Bangalore,Narayanapura,3,BHK,3403.014098,Dealer,0,1,1,140.0,231.46,195.82,518.7,91.46,65.33,0
21896,Bhiwadi,Alwar Bypass Road,2,BHK,1000.0,Dealer,0,1,1,18.0,21.83,15.99,38.57,3.83,21.28,1
23073,Lucknow,Gomti Nagar Extension,2,BHK,699.6268657,Owner,0,1,1,30.0,32.68,17.76,45.14,2.68,8.93,1
15695,Bangalore,Electronics City Phase 1,3,BHK,1500.176491,Owner,0,1,1,85.0,74.66,56.29,105.04,10.34,12.16,1
18,Bangalore,Konanakunte,3,BHK,2124.896706,Dealer,1,0,1,180.0,185.58,117.52,225.45,5.58,3.1,1
12079,Dehradun,Sahastradhara,4,BHK,2856.201252,Owner,0,1,1,260.0,138.93,68.43,207.58,121.07,46.57,0
13114,Mumbai,Malad (East),2,BHK,619.0034045,Dealer,1,0,1,120.0,146.26,133.19,176.44,26.26,21.88,0
24400,Bangalore,Hoodi,2,BHK,1050.15674,Dealer,1,0,1,67.0,57.86,40.66,74.48,9.14,13.64,1
24508,Ghaziabad,Crossing Republik,3,BHK,1725.5216690000002,Dealer,0,1,1,43.0,72.3,51.47,114.81,29.3,68.14,0
26577,Noida,Sector-50 Noida,3,BHK,2250.0,Owner,0,1,1,270.0,152.95,82.78,224.08,117.05,43.35,0
19073,Bangalore,Hennur Road,2,BHK,1300.0,Owner,0,1,1,65.0,69.86,49.33,92.21,4.86,7.48,1
25854,Pune,Loni Kalbhor,2,BHK,880.1341156999999,Owner,0,1,1,42.0,45.84,31.12,63.33,3.84,9.14,1
2452,Dhanbad,Saraidhela,3,BHK,1157.024793,Owner,0,1,1,35.0,37.67,23.54,57.23,2.67,7.63,1
17686,Bangalore,Old Madras Road,1,BHK,598.0861244,Dealer,1,0,1,40.0,36.37,25.83,50.59,3.63,9.07,1
17977,Maharashtra,Dronagiri,2,BHK,465.3002517,Builder,1,0,0,64.7,78.18,24.26,143.29,13.48,20.83,1
7589,Gurgaon,Sector-22 Gurgaon,3,BHK,1826.923077,Dealer,1,0,0,190.0,167.68,93.18,164.65,22.32,11.75,0
8733,Pune,Balewadi,2,BHK,1000.0,Dealer,0,1,1,72.0,60.59,40.29,83.76,11.41,15.85,1
1504,Chennai,Potheri,3,BHK,1125.065411,Owner,0,1,1,43.0,58.37,42.37,107.98,15.37,35.74,1
2021,Kolkata,Prince Park,2,BHK,730.0884956,Dealer,0,1,1,33.0,32.31,21.44,49.95,0.69,2.09,1
4793,Pune,Paranjape Blue Ridge,3,BHK,1307.103248,Owner,1,1,1,99.0,100.02,63.26,137.14,1.02,1.03,1
9690,Bangalore,Thubarahalli,2,BHK,1011.363636,Builder,1,1,0,44.5,51.48,40.52,63.3,6.98,15.69,1
29268,Lalitpur,Goregaon (East),2,BHK,1120.547299,Dealer,0,1,1,190.0,207.03,159.7,256.39,17.03,8.96,1
18154,Noida,Sector-120 Noida,2,BHK,1135.099043,Dealer,0,1,1,51.0,53.4,43.38,70.26,2.4,4.71,1
28154,Noida,Sector-137 Noida,2,BHK,825.0424654,Dealer,0,1,1,34.0,31.81,21.33,49.5,2.19,6.44,1
9960,Kolkata,Rajarhat,3,BHK,1751.219512,Dealer,0,1,1,71.8,119.76,69.97,175.9,47.96,66.8,1
27125,Mumbai,Wadala,3,BHK,1937.632455,Dealer,1,1,1,320.0,361.84,85.4,494.66,41.84,13.08,1
10627,Indore,Vijay Nagar,3,BHK,1747.368421,Dealer,0,1,1,49.8,65.39,44.24,97.04,15.59,31.31,1
15130,Dharuhera,NH-8,3,BHK,2349.336057,Dealer,0,1,1,69.0,173.42,79.67,189.26,104.42,151.33,0
19083,Chennai,Kovur,3,BHK,1360.416667,Dealer,1,1,1,65.3,77.29,57.48,110.11,11.99,18.36,1
1813,Mumbai,Miragaon,2,BHK,1069.736842,Dealer,1,0,1,81.3,123.78,60.88,219.13,42.48,52.25,1
23394,Coimbatore,Perur,2,BHK,1054.111033,Owner,0,1,1,45.0,40.48,30.62,56.55,4.52,10.04,1
25403,Lucknow,Gomti Nagar Extension,3,BHK,1709.91178,Dealer,1,0,1,65.9,90.57,61.39,152.64,24.67,37.44,1
22904,Ghaziabad,Sector-4 Vaishali,3,BHK,1469.797455,Dealer,0,1,1,82.0,75.06,43.09,94.76,6.94,8.46,1
26163,Ghaziabad,Raj Nagar Extension,2,BHK,1084.2564619999998,Dealer,1,1,1,32.3,35.51,27.61,44.63,3.21,9.94,1
20128,Chennai,Medavakkam,2,BHK,903.1716026,Dealer,0,1,1,43.0,48.71,36.61,59.41,5.71,13.28,1
12306,Lalitpur,Virar West,1,BHK,655.0308008,Dealer,0,1,1,31.9,31.44,25.72,61.48,0.46,1.44,1
25774,Indore,Bicholi Mardana,2,BHK,1131.2700109999998,Dealer,0,1,1,31.8,35.59,25.39,36.68,3.79,11.92,1
15545,Surat,Godadara,1,BHK,225.0225023,Owner,0,1,1,5.0,9.64,2.76,25.9,4.64,92.8,1
1312,Jaipur,Mukandpura,1,BHK,600.1091107000001,Owner,0,1,1,11.0,15.46,9.26,33.64,4.46,40.55,1
28632,Chandigarh,Sector-45 Chandigarh,3,BHK,899.9550022,Owner,0,1,1,60.0,79.52,26.28,72.77,19.52,32.53,1
6524,Lalitpur,Marve Road,1,BHK,750.0394758,Dealer,0,1,1,95.0,62.59,28.77,105.59,32.41,34.12,1
26666,Maharashtra,Cuffe Parade,3,BHK,1489.952885,Dealer,0,1,1,740.0,657.53,123.85,733.43,82.47,11.14,0
5257,Lalitpur,Thane West,1,BHK,660.0369621,Dealer,0,1,1,75.0,67.67,56.04,88.98,7.33,9.77,1
2752,Surat,Dindoli,1,BHK,701.7543860000001,Owner,0,0,1,14.8,33.51,12.63,30.88,18.71,126.42,1
19250,Bangalore,Yemlur,2,BHK,1159.022931,Dealer,0,1,1,93.0,70.84,46.95,102.23,22.16,23.83,1
8350,Chandigarh,Mohali,3,BHK,1375.24558,Dealer,0,1,1,42.0,100.41,42.31,100.74,58.41,139.07,0
24967,Noida,Sector-150 Noida,2,BHK,1300.153782,Owner,1,0,1,93.0,67.36,51.1,78.82,25.64,27.57,0
2563,Maharashtra,Thane West,3,BHK,1466.27566,Dealer,1,1,1,140.0,184.19,138.4,227.47,44.19,31.56,1
19500,Pune,Keshav Nagar,2,BHK,1268.45531,Dealer,0,1,1,79.9,80.27,32.6,113.61,0.37,0.46,1
17833,Bangalore,Kereguddadahalli,1,BHK,600.0,Owner,0,1,1,19.5,31.36,20.69,44.71,11.86,60.82,0
25007,Maharashtra,Taloja,2,BHK,1080.190406,Dealer,1,1,1,59.0,88.23,29.4,143.72,29.23,49.54,1
22059,Bangalore,Banashankari,4,BHK,2813.348855,Dealer,0,1,1,290.0,251.28,165.18,392.07,38.72,13.35,1
2210,Noida,Noida Extension,3,BHK,1044.932079,Owner,0,0,1,30.0,43.51,33.86,61.28,13.51,45.03,0
6188,Maharashtra,Kolshet Road,2,BHK,440.5111966,Dealer,1,0,0,77.9,87.16,77.91,108.84,9.26,11.89,0
1715,Aurangabad,Garkheda,2,BHK,1048.218029,Owner,0,1,1,50.0,34.79,25.52,51.31,15.21,30.42,1
9199,Bangalore,Byagadadhenahalli,2,BHK,614.0550375,Owner,0,1,1,27.0,27.86,17.0,38.43,0.86,3.19,1
1299,Chandigarh,Zirakpur,4,BHK,2184.83723,Dealer,1,0,0,100.0,82.99,72.28,118.92,17.01,17.01,1
12883,Mumbai,Anand Nagar,2,BHK,1048.102383,Dealer,0,1,1,95.0,115.19,63.38,190.74,20.19,21.25,1
12226,Mysore,Ramachandra Agrahara,2,BHK,1280.091708,Dealer,0,1,1,67.0,56.39,38.01,73.29,10.61,15.84,1
16458,Chandigarh,Zirakpur,2,BHK,890.4109589,Dealer,0,1,1,24.7,26.14,19.06,44.56,1.44,5.83,1
25129,Pune,Dhanori,3,BHK,1300.169587,Dealer,0,1,1,69.0,91.58,58.25,114.92,22.58,32.72,1
7044,Jaipur,Jagatpura,2,BHK,1170.874497,Owner,0,1,1,32.0,38.76,24.77,56.87,6.76,21.12,1
21374,Surat,Dindoli,2,BHK,1271.070615,Owner,0,1,1,27.9,31.75,29.16,50.5,3.85,13.8,0
14104,Neemrana,NH-8,2,BHK,1148.148148,Dealer,0,1,1,31.0,43.02,26.67,60.47,12.02,38.77,1
5418,Panaji,Campal,3,BHK,1647.627417,Owner,0,1,1,150.0,125.97,55.98,145.98,24.03,16.02,0
28950,Bangalore,Rajasree Layout,2,BHK,1850.276478,Owner,0,1,1,87.0,136.67,52.12,217.55,49.67,57.09,1
26541,Kanpur,Juhi Kalan,3,BHK,1500.115393,Owner,0,1,1,65.0,60.88,36.82,79.02,4.12,6.34,1
17467,Bangalore,Bhuvaneswari Nagar,2,BHK,1101.141925,Owner,0,1,1,54.0,63.17,40.58,86.12,9.17,16.98,1
21837,Bangalore,Thanisandra,3,BHK,1995.72345,Dealer,1,1,1,140.0,156.16,96.64,237.99,16.16,11.54,1
16436,Mumbai,Sector-10A Airoli,3,BHK,2099.133261,Dealer,0,1,1,310.0,260.65,176.72,423.73,49.35,15.92,1
400,Mumbai,Powai,2,BHK,943.057302,Dealer,0,1,1,210.0,181.53,130.9,244.25,28.47,13.56,1
18960,Pune,Kharadi,2,BHK,1243.00808,Dealer,1,1,1,100.0,92.86,63.22,108.72,7.14,7.14,1
9341,Bangalore,Celebrity Paradise Layout,3,BHK,1597.237211,Dealer,0,1,1,74.0,108.06,69.53,151.64,34.06,46.03,1
7862,Mumbai,Bhandup (West),1,BHK,322.0110107,Dealer,1,0,1,62.0,66.73,49.49,94.9,4.73,7.63,1
14655,Faridabad,Sector 88 Faridabad,2,BHK,1339.0535619999998,Dealer,0,1,1,51.5,46.82,40.21,53.0,4.68,9.09,1
18053,Nagpur,Godhni,2,BHK,801.7741384999999,Owner,0,1,1,23.5,30.18,18.4,44.72,6.68,28.43,1
26012,Mumbai,DN Nagar,1,BHK,406.3088686,Dealer,0,1,1,110.0,43.58,31.28,79.42,66.42,60.38,0
4140,Ghaziabad,Loni,1,BHK,489.9959167,Owner,1,1,1,12.0,17.34,13.04,29.54,5.34,44.5,0
13655,Bangalore,AECS Layout,3,BHK,1366.074422,Dealer,0,1,1,81.5,80.09,53.69,108.42,1.41,1.73,1
12801,Coimbatore,R.S.Puram,3,BHK,1555.002666,Dealer,0,1,1,87.5,79.46,52.43,103.17,8.04,9.19,1
22581,Pune,Aundh,2,BHK,1100.046318,Dealer,0,1,1,95.0,84.21,59.99,93.31,10.79,11.36,0
23029,Kolhapur,Deokar Panand,1,BHK,640.0877835,Dealer,0,1,1,35.0,31.81,15.51,37.98,3.19,9.11,1
17743,Guwahati,Bhangagarh,4,BHK,1800.08471,Owner,0,1,1,85.0,73.52,57.08,110.94,11.48,13.51,1
1606,Jaipur,Savran path,2,BHK,1200.192031,Owner,0,0,1,50.0,38.19,24.46,59.29,11.81,23.62,1
7203,Gurgaon,Sector-65 Gurgaon,4,BHK,4510.800508,Dealer,1,0,0,710.0,480.43,228.44,604.79,229.57,32.33,0
26236,Vizianagaram,Dasannapet,2,BHK,857.6923077,Dealer,0,1,1,22.3,31.47,18.49,45.17,9.17,41.12,1
5840,Lalitpur,Vijay Nagari,2,BHK,1014.301653,Dealer,1,1,1,100.0,106.87,51.92,160.18,6.87,6.87,1
12474,Chennai,Medavakkam,2,BHK,825.8602711,Dealer,0,1,1,39.6,42.88,31.74,56.94,3.28,8.28,1
15443,Chennai,Iyyappanthangal.,2,BHK,980.1686802000002,Owner,0,1,1,43.0,49.2,35.4,62.59,6.2,14.42,1
26692,Kolkata,B T Road,2,BHK,1140.150851,Dealer,0,0,1,65.0,63.27,38.42,89.38,1.73,2.66,1
24737,Bangalore,Bellandur,2,BHK,953.961012,Owner,0,1,1,46.0,48.42,33.01,65.18,2.42,5.26,1
11591,Noida,Sector-137 Noida,4,BHK,2950.701691,Dealer,0,1,1,82.0,189.99,138.95,317.03,107.99,131.7,0
25455,Ernakulam,VENNALA,3,BHK,1514.881483,Owner,0,0,1,85.0,73.37,52.91,92.0,11.63,13.68,1
4738,Chandigarh,Kharar,2,BHK,735.2941176,Owner,0,1,1,13.5,123.46,19.84,60.29,109.96,814.52,0
9474,Mumbai,Roadpali,3,BHK,1433.785193,Dealer,0,1,1,110.0,131.23,82.83,190.01,21.23,19.3,1
18158,Maharashtra,Khar West,3,BHK,1734.7901510000002,Dealer,1,1,1,570.0,680.25,209.82,731.43,110.25,19.34,1
28536,Bangalore,EPIP Zone,3,BHK,1651.527663,Dealer,0,1,1,120.0,101.51,75.89,141.1,18.49,15.41,1
16768,Bangalore,Bellandur,3,BHK,1571.428571,Dealer,1,0,0,110.0,104.43,73.05,138.39,5.57,5.06,1
9394,Lalitpur,Hiranandani Estate,2,BHK,1019.969938,Dealer,1,1,1,95.0,113.36,95.69,145.16,18.36,19.33,0
486,Bangalore,Yelahanka,1,BHK,628.9308176,Dealer,1,0,0,37.0,37.62,26.87,57.7,0.62,1.68,1
24980,Vijayawada,Poranki,2,BHK,1250.0,Owner,0,1,1,52.0,45.31,31.61,58.49,6.69,12.87,1
6596,Surat,Parvat Patiya,2,BHK,1228.165939,Owner,0,1,1,45.0,44.09,28.34,43.73,0.91,2.02,0
19738,Mumbai,Malad (West),3,BHK,1486.000313,Dealer,1,1,1,190.0,242.43,196.21,354.48,52.43,27.59,0
19538,Pune,Shivtirth Nagar,2,BHK,1050.030883,Owner,0,1,1,85.0,68.92,46.91,87.89,16.08,18.92,1
24403,Ghaziabad,Sector-1 Vaishali,2,BHK,1190.23603,Owner,0,1,1,59.0,58.53,34.77,79.29,0.47,0.8,1
17156,Pune,Dhayari,2,BHK,790.0142202999999,Owner,0,1,1,50.0,49.19,31.54,60.15,0.81,1.62,1
15469,Lalitpur,Palaspa,2,BHK,1020.134228,Dealer,0,1,1,76.0,107.25,52.83,160.63,31.25,41.12,1
14742,Noida,Sector-79 Noida,3,BHK,1850.094877,Dealer,1,1,1,97.5,103.62,81.45,123.15,6.12,6.28,1
27242,Bangalore,Kengeri Satellite Town Stage 1,2,BHK,860.1240835000001,Dealer,0,1,1,30.5,42.03,31.58,61.93,11.53,37.8,0
28101,Jamshedpur,Sitaramdera,3,BHK,1499.892865,Owner,0,1,1,70.0,50.32,34.41,69.22,19.68,28.11,0
12788,Bangalore,JP Nagar,5,BHK,6640.316206,Dealer,1,1,1,840.0,853.79,281.96,1314.76,13.79,1.64,1
23414,Noida,Sector-75 Noida,2,BHK,1310.211946,Dealer,1,1,1,68.0,63.89,52.57,82.84,4.11,6.04,1
27874,Mumbai,Taloja,2,BHK,1040.068201,Dealer,1,1,1,61.0,72.59,53.93,116.38,11.59,19.0,1
8886,Kochi,Infopark,3,BHK,1780.233272,Owner,0,1,1,58.0,109.87,71.37,139.34,51.87,89.43,0
2248,Bangalore,Tumkur Road,3,BHK,1448.131443,Dealer,1,0,1,89.9,86.01,64.12,131.84,3.89,4.33,1
17844,Surat,New City Light,4,BHK,2962.962963,Owner,0,1,1,160.0,168.46,105.46,258.46,8.46,5.29,1
9387,Lalitpur,Nalasopara East,1,BHK,658.9473684,Dealer,1,1,1,31.3,59.16,27.01,89.54,27.86,89.01,1
21142,Surat,Uttran Kosad Road,2,BHK,975.088968,Owner,0,1,1,27.4,29.06,17.24,37.54,1.66,6.06,1
15265,Jaipur,Malviya Nagar,3,BHK,1499.846954,Owner,0,1,1,98.0,53.28,34.0,69.45,44.72,45.63,0
2802,Bangalore,Jalahalli,3,BHK,1404.918033,Dealer,1,1,1,85.7,82.28,63.66,121.42,3.42,3.99,1
19814,Noida,Sector-134 Noida,3,BHK,1456.1618640000002,Dealer,1,1,1,47.5,65.44,49.32,88.91,17.94,37.77,0
11361,Bhubaneswar,Patia,3,BHK,1395.2046300000002,Dealer,1,0,1,67.5,59.99,42.41,76.14,7.51,11.13,1
3606,Lalitpur,Thane West,1,BHK,618.0469716,Dealer,0,1,1,70.0,66.42,55.6,88.98,3.58,5.11,1
23155,Surat,Katargam Darwaja,1,BHK,649.2335437,Owner,0,1,1,7.2,20.35,12.01,27.13,13.15,182.64,0
5821,Pune,Kondhwa,3,BHK,1500.176491,Dealer,0,1,1,85.0,117.05,72.61,169.55,32.05,37.71,1
26987,Maharashtra,Kalyan (West),2,BHK,955.0239234,Dealer,1,1,1,49.9,67.71,47.13,116.43,17.81,35.69,1
2336,Noida,Sector-51 Noida,4,BHK,1562.124489,Owner,0,1,1,130.0,96.27,63.22,103.15,33.73,25.95,0
15639,Noida,Sector-100 Noida,3,BHK,1398.210291,Owner,1,0,1,75.0,86.13,52.67,95.77,11.13,14.84,1
27192,Bangalore,7th Phase JP Nagar,2,BHK,1364.942529,Dealer,0,1,1,95.0,83.52,54.93,98.87,11.48,12.08,1
4915,Pune,Wakad,4,BHK,2460.168697,Dealer,1,1,1,210.0,183.88,145.99,313.35,26.12,12.44,1
14119,Chandigarh,Zirakpur,1,BHK,750.0551511,Dealer,1,1,1,34.0,19.8,17.91,34.36,14.2,41.76,1
14383,Maharashtra,Kalyan (West),2,BHK,1170.079398,Dealer,0,1,1,84.0,83.75,64.55,129.22,0.25,0.3,1
23632,Mohali,Sas Nagar,3,BHK,1373.78183,Dealer,1,1,1,43.7,51.78,39.27,71.16,8.08,18.49,1
24013,Bangalore,Ardendale,3,BHK,1750.2917149999998,Owner,0,1,1,90.0,77.7,55.51,119.57,12.3,13.67,1
5590,Jabalpur,Karmeta,2,BHK,702.0007019999999,Owner,0,1,1,20.0,24.71,13.06,34.09,4.71,23.55,1
20096,Dehradun,Haridwar-Dehradun Road,3,BHK,1700.037779,Owner,0,1,1,90.0,67.97,45.36,87.69,22.03,24.48,0
9361,Ghaziabad,Shakti Khand 2,2,BHK,1000.0,Owner,0,1,1,45.0,42.84,28.58,54.7,2.16,4.8,1
7474,Lalitpur,Balkum,2,BHK,729.9962078,Dealer,1,0,1,77.0,109.51,43.87,179.47,32.51,42.22,1
5120,Kolkata,Santragachi,2,BHK,790.0028727000001,Owner,0,1,1,27.5,31.85,23.0,41.96,4.35,15.82,1
19227,Jaipur,Tonk Road,4,BHK,2297.432477,Dealer,1,1,1,68.9,132.58,76.97,174.1,63.68,92.42,0
16023,Faridabad,Sector 88 Faridabad,2,BHK,1304.206065,Owner,0,1,1,40.0,48.74,38.42,50.05,8.74,21.85,1
22776,Raipur,Amlidih,2,BHK,807.0054945,Dealer,1,1,1,23.5,25.17,16.62,39.41,1.67,7.11,1
27443,Bangalore,Kammasandra,3,BHK,995.1456311,Dealer,0,1,1,41.0,46.92,30.76,65.24,5.92,14.44,1
5275,Bangalore,Kanakpura Road,3,BHK,1594.048884,Owner,0,1,1,120.0,95.35,67.54,120.49,24.65,20.54,1
20170,Mumbai,Wadala,3,BHK,1597.869507,Dealer,1,1,1,360.0,358.64,76.59,469.37,1.36,0.38,1
3423,Bhopal,Salaiya,3,BHK,1452.564685,Dealer,0,1,1,32.0,46.66,31.75,73.38,14.66,45.81,1
18474,Kolkata,New Town,3,BHK,1757.126123,Dealer,0,1,1,90.0,99.73,70.45,138.83,9.73,10.81,1
3948,Jaipur,Vidhyadhar Nagar,3,BHK,1150.202977,Owner,0,1,1,51.0,38.56,21.58,49.54,12.44,24.39,0
19813,Nagpur,Narendra Nagar,2,BHK,1100.28293,Owner,0,1,1,35.0,43.08,29.11,58.96,8.08,23.09,1
6572,Sonipat,Kundli,1,BHK,423.7288136,Dealer,0,1,1,14.5,14.1,9.4,24.48,0.4,2.76,1
24726,Mumbai,Sai Nagar,2,BHK,969.8465879,Dealer,0,1,1,55.0,169.4,132.88,233.17,114.4,208.0,0
3237,Mumbai,Andheri (East),2,BHK,1100.0495019999998,Dealer,0,1,1,200.0,192.94,143.62,240.69,7.06,3.53,1
23939,Maharashtra,Airoli,1,BHK,480.009366,Dealer,1,1,1,82.0,60.57,46.64,85.31,21.43,26.13,1
18402,Mumbai,Bhadra Nagar,3,BHK,907.5708314,Dealer,1,0,0,97.7,181.0,77.94,349.32,83.3,85.26,1
17294,Patna,New Patliputra Colony,2,BHK,1200.20429,Owner,0,1,1,47.0,42.85,27.28,66.32,4.15,8.83,1
20269,Maharashtra,Tilak Nagar,3,BHK,1975.113569,Dealer,0,1,1,300.0,318.37,245.81,626.27,18.37,6.12,1
16686,Bangalore,Budigere,2,BHK,1087.138317,Owner,0,1,1,65.0,52.54,39.14,70.27,12.46,19.17,1
13983,Kochi,Kakkanad,3,BHK,1595.226498,Dealer,0,1,1,65.5,82.88,63.8,113.25,17.38,26.53,1
6575,Lalitpur,Wadala East,2,BHK,1369.585066,Dealer,1,1,1,270.0,267.34,178.9,350.61,2.66,0.99,1
24526,Sonipat,Sector 35,2,BHK,1110.053917,Owner,0,1,1,35.0,35.2,23.58,59.73,0.2,0.57,1
3204,Gurgaon,Sector-53 Gurgaon,3,BHK,2274.795268,Dealer,1,0,1,250.0,216.84,128.4,279.82,33.16,13.26,1
3783,Jaipur,Ambabari,3,BHK,1810.699588,Owner,0,1,1,110.0,72.84,46.48,99.74,37.16,33.78,0
29031,Vijayawada,Guntupalli,2,BHK,1100.029334,Owner,0,1,1,37.5,38.43,29.58,52.5,0.93,2.48,1
7969,Jaipur,Vaishali Nagar,3,BHK,2063.888889,Dealer,1,1,1,74.3,108.33,68.53,161.24,34.03,45.8,1
18161,Bangalore,Hosur Road,3,BHK,1805.257813,Dealer,1,1,1,160.0,134.99,80.57,157.93,25.01,15.63,0
13680,Bhavnagar,CIRCLE RING ROAD,2,BHK,1016.073479,Dealer,0,1,1,17.7,26.29,19.15,64.54,8.59,48.53,0
13029,Surat,Vesu,3,BHK,2630.949534,Dealer,0,1,1,110.0,138.56,100.55,184.25,28.56,25.96,1
19900,Siliguri,Salbari,3,BHK,1193.333333,Dealer,0,1,1,35.8,35.35,25.15,55.4,0.45,1.26,1
24471,Bahadurgarh,Sector-15 Bahadurgarh,3,BHK,1500.214316,Owner,0,0,1,70.0,64.61,33.15,78.54,5.39,7.7,1
24659,Maharashtra,Pokhran-2,2,BHK,1150.003594,Dealer,1,1,1,160.0,103.11,61.51,129.87,56.89,35.56,0
8331,Bangalore,6th Phase JP Nagar,3,BHK,2995.370791,Dealer,1,0,1,330.0,343.71,113.8,362.94,13.71,4.15,1
3641,Goa,Porvorim,2,BHK,765.0273224,Owner,0,0,1,56.0,32.5,21.07,44.84,23.5,41.96,0
27912,Noida,Sector-93 Noida,2,BHK,1112.116902,Owner,0,1,1,86.0,54.67,44.57,68.45,31.33,36.43,0
3566,Pune,Hadapsar,2,BHK,950.0662837,Dealer,0,1,1,43.0,63.78,41.07,91.14,20.78,48.33,1
10009,Lalitpur,Shastri Nagar,3,BHK,1695.030172,Dealer,1,1,1,500.0,287.33,92.12,276.1,212.67,42.53,0
1755,Lalitpur,Kasar vadavali,2,BHK,900.0715966,Dealer,0,1,1,88.0,105.8,47.43,175.29,17.8,20.23,1
26078,Noida,Sector-74 Noida,2,BHK,1082.206035,Dealer,1,1,1,52.0,48.59,41.51,61.81,3.41,6.56,1
24238,Chandigarh,Dera Bassi,2,BHK,701.2324692000001,Dealer,1,1,1,16.5,20.76,15.13,54.61,4.26,25.82,1
13686,Kolkata,E M Bypass,3,BHK,1828.153565,Dealer,0,0,1,100.0,127.19,78.88,185.34,27.19,27.19,1
1687,Bangalore,9th Phase JP Nagar,3,BHK,1760.0,Owner,0,1,1,110.0,118.58,71.39,184.15,8.58,7.8,1
7721,Mohali,Sector-117 Mohali,2,BHK,1200.0,Dealer,1,1,1,36.0,36.49,31.55,71.72,0.49,1.36,1
121,Gurgaon,Sector-65 Gurgaon,3,BHK,3433.996566,Dealer,0,1,1,340.0,366.23,207.99,504.27,26.23,7.71,1
21876,Lalitpur,Kolshet Road,1,BHK,566.2323052,Dealer,1,0,1,60.4,56.04,26.91,79.69,4.36,7.22,1
24751,Noida,Sector-150 Noida,3,BHK,1624.905087,Dealer,1,0,1,85.6,79.89,69.91,107.2,5.71,6.67,1
4149,Neemrana,NH-8,1,BHK,437.6367615,Owner,0,1,1,10.0,16.85,7.26,28.06,6.85,68.5,1
5727,Faridabad,Sector 78 Faridabad,3,BHK,1495.016611,Dealer,0,1,1,49.5,52.25,38.99,58.4,2.75,5.56,1
23032,Ranchi,Kanke,3,BHK,2181.818182,Owner,0,1,1,120.0,119.58,52.98,158.29,0.42,0.35,1
4015,Noida,sector-121 Noida,3,BHK,1757.706869,Dealer,1,1,1,130.0,100.94,72.56,122.92,29.06,22.35,0
7387,Pune,Bavdhan,2,BHK,781.067848,Dealer,0,1,1,67.0,65.71,41.4,83.61,1.29,1.93,1
27961,Vadodara,Chhani Jakat Naka,2,BHK,1100.151745,Owner,0,1,1,29.0,28.97,22.12,38.29,0.03,0.1,1
28129,Noida,Sector-151 Noida,2,BHK,960.0,Owner,1,1,1,36.0,38.15,26.03,52.94,2.15,5.97,1
10775,Pune,Kondhwa,3,BHK,1554.135728,Owner,1,1,1,90.0,120.6,77.92,173.08,30.6,34.0,1
5167,Lalitpur,Hiranandani Meadows,2,BHK,1000.0,Dealer,0,1,1,160.0,116.61,92.54,149.31,43.39,27.12,0
4938,Mumbai,Ghatkopar (East),6,BHK,3499.981579,Dealer,0,1,1,950.0,801.89,368.51,1155.34,148.11,15.59,1
8324,Gurgaon,Sector-92 Gurgaon,3,BHK,1869.158879,Dealer,0,1,0,110.0,117.09,82.97,142.7,7.09,6.45,1
20329,Lalitpur,Powai,2,BHK,1220.643523,Dealer,1,1,1,250.0,241.85,157.6,284.52,8.15,3.26,1
13922,Jamshedpur,Subhash Colony,3,BHK,1014.656144,Owner,0,1,1,27.0,35.36,21.44,52.75,8.36,30.96,1
10500,Ghaziabad,Govind Puram,2,BHK,1060.284762,Owner,0,1,1,35.0,42.31,28.66,54.41,7.31,20.89,1
3165,Kolkata,Belgachia,3,BHK,1000.0,Owner,0,1,1,65.0,45.63,26.12,57.05,19.37,29.8,0
24377,Chandigarh,Dera Bassi,2,BHK,988.372093,Dealer,1,1,1,23.8,25.16,21.99,49.35,1.36,5.71,1
27458,Lucknow,Jankipuram Extension,2,BHK,888.0516685,Dealer,1,0,1,33.0,30.11,21.63,50.38,2.89,8.76,1
524,Pune,Bibwewadi Kondhwa Road,1,BHK,535.0028458,Owner,0,1,1,47.0,24.0,17.39,37.91,23.0,48.94,0
389,Mohali,Sector-91 Mohali,4,BHK,2030.205496,Dealer,0,1,1,82.0,107.01,67.3,146.25,25.01,30.5,1
7033,Pune,Hadapsar,3,BHK,2550.2550260000003,Dealer,1,1,1,170.0,191.71,154.76,340.94,21.71,12.77,1
6651,Pune,Tulaja Bhawani Nagar,2,BHK,1135.040745,Dealer,1,1,1,78.0,67.98,54.75,74.23,10.02,12.85,0
17693,Lucknow,Gomti Nagar Extension,3,BHK,1550.101495,Owner,1,0,1,84.0,64.93,51.51,108.98,19.07,22.7,1
20712,Kolkata,Kaikhali,2,BHK,1135.0737800000002,Owner,0,1,1,50.0,51.55,35.89,66.87,1.55,3.1,1
10813,Bangalore,Jakkur,3,BHK,1747.9970870000002,Dealer,1,0,1,120.0,138.31,87.1,173.39,18.31,15.26,1
11917,Chennai,Singaperumal koil,2,BHK,761.0350076000001,Owner,0,1,1,30.0,29.38,23.14,41.79,0.62,2.07,1
2466,Mumbai,Subhash Nagar,3,BHK,1714.285714,Dealer,0,1,1,240.0,324.33,69.77,431.91,84.33,35.14,1
28222,Bangalore,Roopena Agrahara,2,BHK,1028.229961,Owner,0,1,1,49.9,57.76,37.64,73.16,7.86,15.75,1
25884,Nagpur,Hingna Road,2,BHK,805.3097345,Owner,1,1,1,18.2,31.71,21.45,46.56,13.51,74.23,0
442,Lalitpur,Goregaon (East),3,BHK,900.3760394,Dealer,1,0,0,170.0,231.09,173.41,288.31,61.09,35.94,0
24527,Sonipat,Kundli,5,BHK,2892.069171,Dealer,0,1,1,97.0,152.22,97.99,256.5,55.22,56.93,0
5427,Chennai,Pammal,2,BHK,800.0,Owner,0,1,1,60.0,35.53,26.3,52.4,24.47,40.78,0
170,Lalitpur,Hiranandani Estate,2,BHK,955.4140127,Dealer,0,1,1,150.0,114.42,92.26,145.64,35.58,23.72,0
13484,Gurgaon,Sector-37D Gurgaon,4,BHK,2388.888889,Dealer,1,1,0,86.0,154.38,101.9,216.58,68.38,79.51,0
7469,Chennai,Paruthipet,2,BHK,720.1646091,Owner,0,1,1,21.0,37.66,24.29,54.22,16.66,79.33,0
4007,Bangalore,Cunningham Road,3,BHK,3223.961312,Dealer,0,0,1,620.0,440.2,195.83,495.12,179.8,29.0,0
25462,Gurgaon,Sector-103 Gurgaon,5,BHK,4666.666667,Dealer,1,1,0,210.0,282.16,207.13,587.8,72.16,34.36,1
21461,Pune,Lohegaon,2,BHK,1060.035665,Dealer,1,1,1,53.5,57.32,53.06,81.4,3.82,7.14,1
23172,Palghar,Boisar,1,BHK,500.0,Owner,0,1,1,16.0,17.04,11.11,26.65,1.04,6.5,1
3634,Mumbai,Cuffe Parade,3,BHK,2500.0,Dealer,0,1,1,1800.0,1483.3,339.77,1702.71,316.7,17.59,0
24223,Pune,Wadgaon Sheri,3,BHK,1517.2413789999998,Dealer,0,1,1,110.0,121.89,76.2,153.93,11.89,10.81,1
25258,Lalitpur,Vasai East,1,BHK,649.5987772000001,Dealer,0,1,1,34.0,57.37,29.53,65.41,23.37,68.74,1
23537,Pune,Kalyani Nagar,2,BHK,1338.2402140000002,Dealer,0,1,1,160.0,103.57,62.14,130.13,56.43,35.27,0
8396,Lucknow,Yahiyaganj,2,BHK,899.9742864,Owner,0,1,1,35.0,57.86,23.16,47.99,22.86,65.31,1
5772,Pune,Sathe Nagar,1,BHK,550.0,Dealer,0,0,1,22.0,34.2,22.27,42.74,12.2,55.45,0
687,Bangalore,Electronics City Phase 1,1,BHK,617.9671647000001,Dealer,1,0,0,33.5,34.83,26.35,46.83,1.33,3.97,1
12120,Pune,Baner,3,BHK,1529.902643,Dealer,0,0,1,110.0,123.51,84.52,170.17,13.51,12.28,1
27606,Thrissur,Amalanagar,3,BHK,1799.640072,Owner,0,1,1,60.0,83.58,57.19,117.93,23.58,39.3,1
15406,Gurgaon,Sector-102 Gurgaon,2,BHK,1215.0756689999998,Builder,1,0,0,83.5,77.49,47.56,101.25,6.01,7.2,1
8214,Gurgaon,Sector-65 Gurgaon,4,BHK,5043.646945,Dealer,0,1,1,520.0,467.83,229.71,636.8,52.17,10.03,1
2149,Bangalore,Nagarbhavi,2,BHK,680.0518135,Owner,0,1,1,42.0,32.73,22.77,49.41,9.27,22.07,1
16166,Bangalore,Kalyan nagar,2,BHK,1290.019937,Owner,0,1,1,110.0,68.6,49.33,92.21,41.4,37.64,0
19610,Faridabad,Sector 84 Faridabad,3,BHK,1400.264201,Dealer,0,1,1,53.0,47.47,39.6,54.26,5.53,10.43,1
20214,Pune,Baner,2,BHK,1016.053648,Dealer,0,1,1,100.0,76.18,57.59,90.58,23.82,23.82,0
17178,Lalitpur,Thane West,3,BHK,1276.010993,Dealer,0,1,1,130.0,189.88,143.4,262.75,59.88,46.06,0
14660,Ghaziabad,Crossing Republik,2,BHK,1250.0,Dealer,0,1,1,32.0,43.62,33.65,67.41,11.62,36.31,0
463,Gurgaon,Sector-79 Gurgaon,3,BHK,1896.878772,Dealer,1,1,1,110.0,105.66,99.62,145.66,4.34,3.95,1
6966,Noida,Sector-74 Noida,2,BHK,1195.219124,Dealer,0,1,1,57.0,55.6,45.38,74.85,1.4,2.46,1
7355,Bangalore,Dooravani Nagar,3,BHK,1520.2189119999998,Owner,0,1,1,100.0,95.18,68.48,134.38,4.82,4.82,1
23811,Bangalore,Anekal,2,BHK,899.9653858999999,Owner,0,1,1,26.0,38.2,27.5,49.51,12.2,46.92,0
4404,Bangalore,Hosa Road,3,BHK,1596.223022,Owner,1,1,1,71.0,92.11,69.14,117.24,21.11,29.73,1
24749,Bangalore,Maragondanahalli,3,BHK,1533.1747289999998,Owner,0,1,1,58.0,91.4,67.84,134.05,33.4,57.59,0
7774,Bangalore,Budigere Cross,2,BHK,1260.047795,Owner,1,1,1,58.0,66.88,52.42,87.99,8.88,15.31,1
13594,Lalitpur,Raman Mala,4,BHK,2380.952381,Builder,1,0,0,100.0,179.19,90.63,739.67,79.19,79.19,1
16883,Faridabad,Sector 88 Faridabad,2,BHK,1339.060131,Dealer,0,1,1,53.0,46.82,40.21,53.0,6.18,11.66,1
16466,Lalitpur,Ramdev Park,2,BHK,990.0990099,Dealer,0,1,1,78.0,107.9,51.5,169.72,29.9,38.33,1
11269,Dehradun,Mussoorie Road,3,BHK,1579.20311,Dealer,1,1,1,65.0,66.76,41.65,78.9,1.76,2.71,1
1209,Lalitpur,Mulund (West),3,BHK,1600.0,Dealer,1,1,1,280.0,253.03,190.53,305.93,26.97,9.63,1
10993,Lalitpur,Manpada,2,BHK,900.0715966,Dealer,0,1,1,88.0,108.46,47.43,175.29,20.46,23.25,1
22021,Secunderabad,Machabolaram,2,BHK,990.0990099,Owner,0,1,1,38.0,34.18,23.4,48.8,3.82,10.05,1
12624,Mumbai,Mulund Colony,1,BHK,550.0278103999999,Dealer,0,1,1,89.0,72.03,67.33,102.56,16.97,19.07,1
10259,Agra,Sashtripuram,2,BHK,950.1187648,Owner,0,1,1,16.0,26.93,19.18,43.15,10.93,68.31,0
15122,Surat,Palanpur,2,BHK,1149.773071,Dealer,0,1,1,38.0,44.15,31.2,59.46,6.15,16.18,1
2680,Ghaziabad,Sector-3 Rajendra Nagar,3,BHK,1200.092315,Owner,0,1,1,52.0,56.69,33.15,79.65,4.69,9.02,1
18632,Bangalore,Basavangudi,3,BHK,2314.999601,Dealer,1,0,1,290.0,244.31,128.56,272.69,45.69,15.76,0
11116,Sonipat,Kundli,3,BHK,1387.484197,Dealer,0,1,1,43.9,36.05,30.42,66.47,7.85,17.88,1
1991,Kolkata,Joka,3,BHK,1356.174161,Dealer,0,0,1,57.0,55.08,42.95,95.99,1.92,3.37,1
27235,Patna,Kankarbagh,3,BHK,1414.898044,Dealer,0,1,1,68.0,59.54,37.38,73.76,8.46,12.44,1
6071,Surat,Adajan,2,BHK,1280.2275960000002,Owner,0,1,1,45.0,49.0,36.23,64.98,4.0,8.89,1
7427,Bharuch,Zadeshwar,2,BHK,950.3695882,Owner,0,1,1,18.0,22.22,16.08,41.93,4.22,23.44,1
23491,Chandigarh,Zirakpur,1,BHK,550.1222494,Dealer,1,1,1,13.5,12.84,13.54,31.42,0.66,4.89,0
8509,Bangalore,Electronic City,2,BHK,1012.01771,Owner,0,1,1,32.0,47.06,34.4,62.87,15.06,47.06,0
15895,Kolkata,Madurdaha,2,BHK,848.1110254,Dealer,0,1,1,33.0,33.43,23.26,49.88,0.43,1.3,1
7618,Mumbai,Sector 19 Kharghar,3,BHK,1780.1513129999998,Dealer,0,1,1,200.0,175.72,121.86,226.9,24.28,12.14,1
6151,Vadodara,Vasna-Bhayli-Road,3,BHK,2322.857143,Dealer,0,1,1,81.3,74.77,52.26,173.23,6.53,8.03,1
24827,Bangalore,Hebbal Kempapura,3,BHK,1534.782609,Dealer,0,0,1,70.6,109.86,70.05,148.87,39.26,55.61,1
11030,Kolkata,New Town,3,BHK,1955.371521,Dealer,0,1,1,85.0,106.97,83.43,180.39,21.97,25.85,1
19734,Pune,Punawale,2,BHK,1224.88976,Dealer,0,1,1,50.0,77.08,63.95,110.07,27.08,54.16,0
1953,Dhule,Professor Colony,1,BHK,747.6190475999999,Owner,0,1,1,15.7,24.4,13.31,30.71,8.7,55.41,1
19799,Panchkula,Peer Muchalla,3,BHK,2050.0347460000003,Dealer,0,1,1,59.0,80.81,55.26,116.63,21.81,36.97,1
2545,Mumbai,Sector 19 Ulwe,1,BHK,650.0541712,Dealer,0,1,1,42.0,54.35,41.64,83.31,12.35,29.4,1
2437,Lalitpur,Manpada,2,BHK,1363.9281130000002,Dealer,1,1,1,170.0,163.97,62.42,248.07,6.03,3.55,1
7837,Gandhinagar,Kalol,1,BHK,373.9871182,Owner,0,1,1,18.0,17.11,11.61,20.63,0.89,4.94,1
16655,Maharashtra,Chembur,3,BHK,2057.498749,Dealer,0,1,1,370.0,426.76,248.99,626.63,56.76,15.34,1
4136,Lalitpur,Taloja,1,BHK,297.029703,Dealer,1,1,0,27.0,46.17,19.45,58.5,19.17,71.0,1
14169,Bangalore,Rajaji Nagar,3,BHK,1632.942847,Dealer,0,1,1,230.0,138.26,74.88,162.15,91.74,39.89,0
10199,Bhopal,Bagsewaniya,3,BHK,1365.41471,Dealer,0,1,1,34.9,45.76,29.29,64.61,10.86,31.12,1
29230,Bangalore,Dollars Layout,3,BHK,2454.545455,Dealer,0,1,1,270.0,229.24,136.16,353.04,40.76,15.1,1
7483,Chandigarh,Zirakpur,2,BHK,1149.207851,Dealer,1,0,1,48.6,39.86,34.28,48.49,8.74,17.98,0
13198,Chandigarh,Zirakpur,3,BHK,1673.398731,Owner,1,1,1,58.0,62.11,50.16,76.6,4.11,7.09,1
12206,Mumbai,M G Road Goregaon West,2,BHK,515.1983514,Dealer,0,1,1,130.0,146.39,112.57,198.02,16.39,12.61,1
4225,Gurgaon,Sector-37C Gurgaon,2,BHK,547.5,Dealer,1,0,0,21.9,31.78,24.17,69.15,9.88,45.11,0
1083,Jabalpur,Adarsh Nagar,3,BHK,1300.014445,Dealer,0,1,1,450.0,36.07,25.64,50.77,413.93,91.98,0
18886,Maharashtra,Marol,3,BHK,931.3762015,Dealer,0,1,1,250.0,258.21,166.34,305.1,8.21,3.28,1
8462,Bangalore,Gopalapura,3,BHK,2016.564638,Dealer,1,1,1,280.0,189.77,101.65,256.5,90.23,32.22,0
13356,Chennai,Pallikaranai,2,BHK,761.0959782000001,Dealer,0,0,1,47.5,44.98,30.59,68.1,2.52,5.31,1
21110,Gurgaon,Sector-65 Gurgaon,2,BHK,1105.527638,Dealer,0,0,0,110.0,93.35,50.46,104.37,16.65,15.14,0
1407,Bhubaneswar,Dhauli,3,BHK,1475.461082,Dealer,1,0,1,47.2,74.56,45.56,109.07,27.36,57.97,1
28713,Chennai,Radha Nagar,2,BHK,880.0459153999999,Owner,0,1,1,46.0,42.07,33.05,58.11,3.93,8.54,1
27977,Ghaziabad,Ramprastha Greens,3,BHK,1850.13876,Dealer,0,1,1,160.0,132.34,58.5,145.04,27.66,17.29,0
19944,Mohali,Sector-117 Mohali,2,BHK,1202.373517,Dealer,1,1,1,38.5,39.48,31.18,71.49,0.98,2.55,1
19236,Chandigarh,Zirakpur,3,BHK,1710.220674,Dealer,1,1,1,58.9,62.22,51.05,78.18,3.32,5.64,1
13907,Rajkot,Alkapuri,2,BHK,900.0,Owner,0,1,1,45.0,32.52,19.13,51.41,12.48,27.73,1
5387,Jaipur,Ajmer Road,3,BHK,1498.113208,Dealer,0,1,1,39.7,49.25,30.93,67.66,9.55,24.06,1
15040,Bangalore,Amblipura,2,BHK,1035.196687,Dealer,0,1,1,45.0,55.0,37.55,73.65,10.0,22.22,1
10602,Mohali,Sector-66b Mohali,3,BHK,1740.391588,Dealer,1,1,1,72.0,75.6,51.17,84.83,3.6,5.0,1
23721,Lalitpur,Poonam Gardens,1,BHK,720.0338839,Dealer,1,1,1,68.0,59.54,27.91,105.4,8.46,12.44,1
13708,Bangalore,Electronic City,3,BHK,1315.097317,Owner,0,1,1,50.0,64.83,47.84,89.38,14.83,29.66,1
16820,Mohali,Sunny Enclave,2,BHK,938.0329733,Owner,0,1,1,33.0,26.59,20.14,41.5,6.41,19.42,1
18963,Bangalore,Yelenahalli,3,BHK,1850.007115,Owner,0,1,1,130.0,124.16,85.66,150.2,5.84,4.49,1
2033,Thrissur,Kottapuram,2,BHK,1000.0,Owner,0,1,1,46.0,37.54,24.95,52.91,8.46,18.39,1
15372,Lalitpur,Sector-11 Ghansoli,3,BHK,2031.281739,Dealer,0,1,1,300.0,291.38,96.11,498.1,8.62,2.87,1
14172,Mathura,Radha Valley,4,BHK,1850.481125,Owner,0,1,1,50.0,56.36,41.28,94.59,6.36,12.72,1
25771,Surat,Umra Gam,2,BHK,1375.0,Owner,0,1,1,110.0,67.25,38.69,79.82,42.75,38.86,0
26607,Jaipur,Pratap Nagar,3,BHK,2333.152469,Owner,0,1,1,86.0,129.2,56.34,181.71,43.2,50.23,1
14094,Mumbai,Kalpataru Sunrise Balkum,3,BHK,1600.0,Dealer,0,1,1,170.0,648.63,196.6,743.09,478.63,281.55,0
14276,Lalitpur,Goregaon (West),1,BHK,389.5585889,Dealer,1,0,0,87.9,92.62,72.83,101.16,4.72,5.37,1
12398,Kolkata,Maheshtala,3,BHK,1236.15761,Owner,0,1,1,48.0,57.82,38.77,77.02,9.82,20.46,1
23634,Faridabad,Sector 82 Faridabad,3,BHK,1857.416007,Dealer,0,1,1,68.0,69.61,54.39,73.86,1.61,2.37,1
5995,Noida,Sector-137 Noida,2,BHK,1070.090958,Owner,0,1,1,60.0,48.98,42.42,62.4,11.02,18.37,1
10547,Jodhpur,Sardarpura,3,BHK,1650.165017,Dealer,0,1,1,85.0,65.65,40.09,88.66,19.35,22.76,1
26776,Bhopal,Salaiya,2,BHK,732.1681625,Owner,1,1,1,15.5,22.41,15.91,36.21,6.91,44.58,0
7854,Bangalore,Mahadevpura,2,BHK,1250.0,Dealer,0,1,1,100.0,86.26,51.24,107.55,13.74,13.74,1
1344,Faridabad,Sector 80 Faridabad,2,BHK,1120.041483,Dealer,1,1,1,43.2,35.35,34.49,41.65,7.85,18.17,0
11417,Pune,Balewadi,3,BHK,1541.128877,Dealer,1,0,1,80.0,114.48,77.41,148.84,34.48,43.1,1
19460,Pune,Handewadi,3,BHK,1316.026681,Owner,1,1,1,73.0,80.04,49.22,110.17,7.04,9.64,1
8031,Faridabad,Sector 85 Faridabad,3,BHK,1620.264719,Dealer,0,1,1,35.5,59.11,42.8,70.49,23.61,66.51,0
4741,Vijayawada,Gannavaram,1,BHK,661.5878107000001,Owner,0,0,1,16.5,25.89,14.18,31.83,9.39,56.91,1
15119,Dehradun,Race Course,3,BHK,1350.21097,Owner,0,1,1,80.0,50.13,32.25,67.34,29.87,37.34,0
12805,Ratnagiri,Maruti Mandir,1,BHK,650.1095690000001,Owner,0,1,1,17.8,24.69,17.74,31.53,6.89,38.71,1
24566,Jaipur,Ajmer Road,3,BHK,1204.714099,Dealer,1,1,1,27.6,38.68,22.34,56.38,11.08,40.14,1
10280,Bangalore,Jakkur,3,BHK,1684.38783,Dealer,1,0,0,160.0,130.87,86.66,173.98,29.13,18.21,1
19868,Faridabad,Sector 86 Faridabad,2,BHK,1248.142645,Dealer,0,1,1,42.0,44.23,36.48,49.26,2.23,5.31,1
29170,Secunderabad,Chintal,2,BHK,750.0,Owner,0,1,1,27.0,25.11,18.5,39.71,1.89,7.0,1
29073,Ratnagiri,Guhagar,1,BHK,626.118068,Owner,0,1,1,21.0,24.02,15.59,31.53,3.02,14.38,1
14750,Ghaziabad,Ramprastha,1,BHK,465.0081376,Owner,0,1,1,40.0,19.46,11.61,27.29,20.54,51.35,0
4751,Maharashtra,Mahalaxmi,3,BHK,3200.0,Dealer,1,0,1,1000.0,1439.15,274.94,2193.33,439.15,43.92,1
6693,Chandigarh,Bhagat Singh Nagar,2,BHK,965.3199857,Owner,0,0,1,27.0,150.8,26.99,63.92,123.8,458.52,1
19925,Maharashtra,Manik Baug,1,BHK,600.0405433,Owner,0,1,1,29.6,21.05,12.88,43.97,8.55,28.89,1
12010,Gurgaon,Sector-106 Gurgaon,4,BHK,2254.791432,Dealer,1,1,0,140.0,153.84,106.99,205.46,13.84,9.89,1
14357,Lalitpur,Malad (East),2,BHK,1030.065023,Dealer,0,1,1,160.0,161.54,144.82,179.29,1.54,0.96,1
19121,Kolkata,Nager Bazar,2,BHK,918.1818182,Dealer,0,1,1,40.4,46.76,27.24,59.71,6.36,15.74,1
4115,Bangalore,Akshaya Nagar,3,BHK,1689.8608350000002,Dealer,0,1,1,85.0,121.58,80.73,173.23,36.58,43.04,1
22525,Kolkata,Behala Chowrasta,3,BHK,1236.312257,Owner,0,1,1,35.0,57.82,39.36,85.67,22.82,65.2,0
11396,Noida,Sector-128 Noida,4,BHK,3518.5760119999995,Owner,1,1,1,340.0,236.04,147.75,297.74,103.96,30.58,0
4325,Patna,CDA Colony,3,BHK,1300.2022539999998,Owner,0,1,1,45.0,52.0,31.77,67.37,7.0,15.56,1
27600,Kolkata,Behala,3,BHK,1245.147805,Dealer,0,1,1,41.7,56.21,39.37,94.5,14.51,34.8,1
24694,Pune,Baner,4,BHK,3649.293534,Dealer,0,1,1,390.0,397.86,246.82,570.2,7.86,2.02,1
4254,Bangalore,KR Puram,3,BHK,1583.531275,Dealer,1,1,1,100.0,97.05,72.89,135.8,2.95,2.95,1
9035,Mumbai,Mulund (West),2,BHK,1164.973141,Dealer,1,1,1,180.0,167.25,125.42,187.66,12.75,7.08,1
23560,Maharashtra,Taloja,2,BHK,1040.068201,Dealer,1,1,1,61.0,84.28,29.23,142.34,23.28,38.16,1
6805,Jaipur,Malviya Nagar,3,BHK,1810.385898,Dealer,0,1,1,76.0,83.94,47.55,107.94,7.94,10.45,1
18731,Bilaspur,Tikrapara,2,BHK,899.7882850999999,Owner,1,1,1,25.5,30.76,17.25,40.06,5.26,20.63,1
23178,Dehradun,Niranjanpur,3,BHK,1794.258373,Dealer,0,1,1,75.0,74.86,45.22,96.32,0.14,0.19,1
15555,Jabalpur,Napier Town,3,BHK,1050.126015,Owner,0,1,1,75.0,37.82,20.47,55.33,37.18,49.57,0
13492,Aligarh,Dhorra,3,BHK,1700.294718,Owner,0,1,1,75.0,60.29,42.69,89.95,14.71,19.61,1
15822,Palghar,Nandore,1,BHK,161.4639397,Owner,1,0,1,13.5,9.71,9.26,27.68,3.79,28.07,1
15897,Bangalore,Kanakapura,3,BHK,2317.9854600000003,Owner,0,1,1,220.0,187.57,80.44,224.93,32.43,14.74,1
6758,Bangalore,Bannerghatta Road,3,BHK,1509.695291,Dealer,1,1,1,65.4,92.46,64.44,121.85,27.06,41.38,1
4098,Kolkata,Madhyamgram,3,BHK,1138.747378,Dealer,0,0,1,38.0,43.3,32.59,63.97,5.3,13.95,1
27533,Faridabad,Sector 86 Faridabad,2,BHK,1199.873698,Dealer,1,1,1,38.0,41.27,35.48,48.32,3.27,8.61,1
18002,Noida,Chhalera,2,BHK,1100.110011,Dealer,0,1,1,30.0,48.18,39.41,71.92,18.18,60.6,0
971,Lalitpur,Mira Road East,1,BHK,700.0,Dealer,0,1,1,56.0,79.42,49.94,62.71,23.42,41.82,1
11141,Maharashtra,Rajendra Nagar,1,BHK,670.8782915,Dealer,1,1,1,120.0,112.04,33.25,139.84,7.96,6.63,1
28745,Chennai,Natesan Nagar,2,BHK,820.1105366,Owner,0,1,1,46.0,47.38,26.3,58.31,1.38,3.0,1
25894,Mumbai,Andheri (East),2,BHK,1349.037514,Dealer,1,1,1,260.0,246.22,176.68,334.36,13.78,5.3,1
5884,Lalitpur,Danda,3,BHK,1070.018093,Dealer,0,1,1,550.0,282.37,61.71,330.86,267.63,48.66,0
28251,Mumbai,Mulund (West),2,BHK,538.6721731,Dealer,1,0,0,120.0,122.91,90.61,161.06,2.91,2.43,1
11058,Noida,Noida Extension,3,BHK,1175.092066,Dealer,1,1,1,35.1,48.96,36.63,77.52,13.86,39.49,0
19053,Mumbai,Chandivali,2,BHK,1011.122346,Dealer,0,1,1,200.0,124.12,59.91,231.25,75.88,37.94,1
25277,Mangalore,Kulur,2,BHK,1050.175029,Owner,0,0,1,45.0,42.35,30.61,53.13,2.65,5.89,1
11315,Bangalore,Yeshwanthpur,3,BHK,1650.4854369999998,Owner,0,1,1,170.0,103.18,72.75,146.44,66.82,39.31,0
22127,Bahadurgarh,Sector-4A Bahadurgarh,2,BHK,1110.274746,Dealer,1,1,1,29.5,30.86,25.14,41.65,1.36,4.61,1
22752,Lalitpur,Malad (West),2,BHK,702.8332967,Dealer,1,1,1,160.0,158.94,132.23,187.91,1.06,0.66,1
11827,Palghar,Boisar,1,BHK,600.1091107000001,Owner,0,1,1,22.0,19.59,12.6,29.19,2.41,10.95,1
9227,Bangalore,Narayanapura,3,BHK,1289.98968,Dealer,1,1,1,75.0,72.21,50.28,93.31,2.79,3.72,1
16741,Bangalore,Mahadevpura,2,BHK,1155.045351,Owner,0,1,1,81.5,68.67,45.35,88.69,12.83,15.74,1
11156,Secunderabad,Kompally,2,BHK,900.2520706,Owner,0,1,1,25.0,31.93,20.65,44.4,6.93,27.72,1
2188,Jaipur,Ajmer Road,2,BHK,1308.0,Dealer,0,1,1,32.7,44.04,28.14,68.5,11.34,34.68,1
5237,Kolkata,Madhyamgram,2,BHK,796.0,Dealer,0,1,1,19.9,23.41,18.1,36.75,3.51,17.64,1
14700,Pune,Mundhwa,5,BHK,5635.566688,Dealer,0,1,1,450.0,821.85,256.36,1287.29,371.85,82.63,1
5725,Pune,Charholi,2,BHK,1246.105919,Owner,1,1,1,60.0,70.44,58.06,100.92,10.44,17.4,1
28188,Lalitpur,Navghar Gaon,2,BHK,1009.065826,Dealer,1,1,1,76.8,106.87,51.92,164.45,30.07,39.15,1
29207,Chandigarh,Zirakpur,3,BHK,1747.572816,Dealer,0,1,1,45.0,60.55,45.98,79.27,15.55,34.56,0
8087,Pune,Keshav Nagar,2,BHK,913.1156613,Dealer,1,1,1,66.0,56.41,22.57,87.17,9.59,14.53,1
22968,Chandigarh,Zirakpur,4,BHK,2090.410243,Dealer,1,0,1,80.0,79.7,70.81,117.8,0.3,0.38,1
26603,Noida,Sector-143 Noida,3,BHK,1695.217702,Dealer,1,1,1,95.0,84.94,70.38,122.0,10.06,10.59,1
19207,Bangalore,Ramamurthy Nagar,3,BHK,1354.605659,Owner,0,1,1,45.0,70.9,52.73,101.76,25.9,57.56,0
18041,Ghaziabad,NH-24 Highway,1,BHK,679.9637352999999,Owner,1,1,1,30.0,25.94,16.29,32.89,4.06,13.53,1
24187,Ghaziabad,Raj Nagar Extension,1,BHK,705.0705071000001,Owner,1,1,1,23.5,21.43,15.39,31.27,2.07,8.81,1
22497,Noida,Noida Extension,3,BHK,1174.027935,Dealer,1,0,1,31.1,49.63,37.8,77.52,18.53,59.58,0
11900,Ajmer,gyan vihar,2,BHK,800.1488649,Owner,0,0,1,21.5,25.87,16.84,32.9,4.37,20.33,1
3462,Mumbai,Mulund (West),3,BHK,842.4226301000001,Dealer,1,0,0,190.0,204.19,140.84,220.62,14.19,7.47,1
105,Bangalore,Ananth Nagar,2,BHK,853.3611982000001,Dealer,0,1,1,24.5,49.2,29.77,68.52,24.7,100.82,0
7338,Mumbai,Balkum,3,BHK,935.2517986,Dealer,1,0,0,130.0,128.33,97.36,162.71,1.67,1.28,1
15775,Bangalore,Whitefield,3,BHK,2090.106828,Dealer,0,1,1,180.0,167.14,103.38,228.65,12.86,7.14,1
4242,Shimla,Bhattakufer,2,BHK,920.0,Owner,0,0,1,23.0,31.81,23.66,51.16,8.81,38.3,0
24097,Vijayawada,Nandigama,2,BHK,1020.03643,Owner,0,1,1,28.0,37.6,26.65,49.51,9.6,34.29,1
26330,Noida,Sector-78 Noida,2,BHK,1190.003967,Owner,1,1,1,60.0,58.75,49.2,73.32,1.25,2.08,1
18717,Bhopal,Mahawadiya,2,BHK,784.6214202000001,Owner,1,1,1,20.0,26.34,17.22,38.22,6.34,31.7,1
14338,Sonipat,Sector 10,2,BHK,860.0237248,Owner,0,1,1,29.0,26.62,17.8,39.96,2.38,8.21,1
835,Bangalore,Singasandra,3,BHK,1527.183873,Owner,0,1,1,100.0,82.55,66.9,116.9,17.45,17.45,1
22594,Maharashtra,Ghodbunder Road,1,BHK,444.2132223,Dealer,1,0,0,55.5,65.73,34.35,100.35,10.23,18.43,1
19690,Kolkata,Daspara,2,BHK,738.8888889,Dealer,0,1,1,26.6,20.88,17.5,46.44,5.72,21.5,1
11598,Noida,Sector-74 Noida,3,BHK,1505.174036,Dealer,1,1,1,80.0,70.61,52.75,88.31,9.39,11.74,1
26314,Mumbai,Kolshet Road,1,BHK,610.0217865000001,Dealer,0,1,1,70.0,70.45,57.87,84.61,0.45,0.64,1
28123,Bangalore,Chinnapanahalli,3,BHK,1229.105211,Owner,0,1,1,50.0,68.14,46.59,87.74,18.14,36.28,1
29174,Noida,Hajipur,1,BHK,615.212528,Dealer,0,1,1,16.5,31.9,17.61,39.19,15.4,93.33,0
7062,Anand,Karamsad,3,BHK,1400.560224,Dealer,0,1,1,25.0,79.1,25.35,85.97,54.1,216.4,0
28678,Mangalore,Deralakatte,2,BHK,789.7934386,Owner,0,1,1,26.0,29.58,21.95,40.26,3.58,13.77,1
2451,Mumbai,Mira Road East,3,BHK,1341.136308,Dealer,1,1,1,110.0,128.09,102.42,192.28,18.09,16.45,1
25234,Mumbai,Ulwe,1,BHK,679.0622473999999,Builder,1,0,0,42.0,44.75,32.03,78.98,2.75,6.55,1
12113,Noida,Sector-78 Noida,3,BHK,1575.091575,Owner,0,1,1,86.0,84.46,65.16,99.39,1.54,1.79,1
27243,Bangalore,Kasavanhalli,3,BHK,1609.025338,Owner,0,1,1,87.0,92.79,67.71,126.05,5.79,6.66,1
17702,Lucknow,Gomti Nagar Extension,2,BHK,1200.192031,Owner,0,1,1,25.0,51.56,35.15,68.78,26.56,106.24,0
22269,Chennai,Kelambakkam,3,BHK,1260.858121,Dealer,1,0,0,47.9,65.5,45.16,90.55,17.6,36.74,1
18961,Bangalore,Hebbal,3,BHK,267.8571429,Dealer,1,0,0,150.0,42.59,25.59,66.58,107.41,71.61,0
8297,Kolkata,Thakurpukur,2,BHK,1055.194805,Dealer,0,1,1,32.5,40.61,32.1,61.09,8.11,24.95,1
5550,Lalitpur,Wadala,3,BHK,1330.032881,Dealer,1,1,1,360.0,185.47,71.71,268.37,174.53,48.48,0
10739,Noida,Sector-118 Noida,3,BHK,1424.979044,Owner,1,0,1,85.0,71.52,55.37,83.04,13.48,15.86,0
25888,Kolkata,Park Circus,4,BHK,2118.644068,Dealer,0,1,1,200.0,196.16,89.59,276.23,3.84,1.92,1
3390,Nagpur,Narendra Nagar,2,BHK,960.0,Owner,0,1,1,42.0,37.35,23.62,50.39,4.65,11.07,1
6851,Bangalore,JP Nagar,2,BHK,1100.28293,Owner,0,1,1,35.0,55.79,39.12,71.72,20.79,59.4,0
20969,Surat,Jahangirpura,3,BHK,1525.423729,Owner,0,1,1,36.0,57.35,41.94,84.85,21.35,59.31,0
5265,Kolkata,Rajarhat,3,BHK,1005.025126,Dealer,0,1,1,40.0,53.32,32.26,71.78,13.32,33.3,1
29308,Jamnagar,sadhana,1,BHK,350.0,Owner,0,1,1,10.5,19.76,8.04,20.52,9.26,88.19,1
17328,Kolkata,Garia,1,BHK,724.0323030000001,Owner,0,1,1,26.0,26.82,20.49,45.03,0.82,3.15,1
24799,Kolkata,E M Bypass,3,BHK,1744.017053,Dealer,0,1,1,180.0,119.97,69.97,174.57,60.03,33.35,0
25103,Noida,Sector-143 Noida,3,BHK,1340.003573,Dealer,1,1,1,75.0,57.98,45.2,82.53,17.02,22.69,1
8268,Pune,Sai Nagar,2,BHK,1500.150015,Dealer,0,1,1,100.0,99.18,63.02,147.19,0.82,0.82,1
28293,Lalitpur,Koperkhairane,2,BHK,1050.0718470000002,Dealer,0,1,1,95.0,107.25,52.83,160.63,12.25,12.89,1
15517,Dehradun,THDC Colony,3,BHK,850.19056,Owner,0,1,1,29.0,35.89,19.03,50.28,6.89,23.76,1
7309,Maharashtra,Kapurbawadi,2,BHK,1000.0,Dealer,0,0,1,110.0,110.77,64.27,253.01,0.77,0.7,1
4917,Mumbai,S V Road,1,BHK,570.0171005,Dealer,0,1,1,90.0,88.4,64.52,106.13,1.6,1.78,1
12652,Mumbai,Sector-42 Nerul,2,BHK,1260.636621,Dealer,0,1,1,160.0,128.11,56.11,209.67,31.89,19.93,1
18505,Pune,Balewadi,2,BHK,1050.098447,Dealer,1,1,1,96.0,63.59,50.36,82.37,32.41,33.76,0
4233,Bangalore,Thanisandra,2,BHK,1055.926544,Dealer,0,1,1,75.9,55.13,39.29,76.48,20.77,27.36,1
27801,Chennai,Kannan Colony,3,BHK,1511.87905,Owner,1,0,1,140.0,89.84,63.87,193.66,50.16,35.83,1
24303,Surat,Piplod,3,BHK,1760.150199,Owner,0,1,1,75.0,66.47,51.9,81.59,8.53,11.37,1
18519,Pune,Kasar Amboli,2,BHK,1082.194752,Dealer,0,1,1,49.9,74.47,56.04,92.46,24.57,49.24,0
16623,Bangalore,Sarjapur Road,3,BHK,1580.882353,Dealer,1,1,1,86.0,94.7,69.83,120.21,8.7,10.12,1
10208,Bangalore,Yelahanka,2,BHK,1010.10101,Owner,0,1,1,46.0,52.83,37.08,70.12,6.83,14.85,1
14853,Sonipat,Sector 35,3,BHK,1709.98632,Owner,1,1,1,75.0,62.69,41.78,96.15,12.31,16.41,1
17622,Bangalore,Chandapura,2,BHK,750.1071582000001,Owner,0,1,1,35.0,29.98,20.78,44.12,5.02,14.34,1
15796,Durg,Junwani,3,BHK,1302.378256,Owner,0,1,1,23.0,43.86,25.94,58.56,20.86,90.7,0
14396,Vadodara,Harni,3,BHK,2400.548697,Owner,0,1,1,70.0,80.57,53.0,144.02,10.57,15.1,1
9762,Sonipat,Ganaur,3,BHK,1920.083031,Owner,1,1,1,37.0,69.56,49.43,99.65,32.56,88.0,0
24905,Bangalore,Madanayakahalli,2,BHK,1172.370089,Owner,0,1,1,37.0,66.0,45.09,90.45,29.0,78.38,0
8218,Pune,Wadgaon Sheri,2,BHK,1100.145608,Dealer,0,1,1,68.0,75.38,51.9,93.32,7.38,10.85,1
28433,Bahadurgarh,Sector-15 Bahadurgarh,3,BHK,1795.392954,Dealer,0,1,1,53.0,62.32,41.29,106.55,9.32,17.58,1
28589,Ghaziabad,Ahinsa Khand 1,4,BHK,2511.210762,Dealer,0,1,1,140.0,166.58,101.67,174.87,26.58,18.99,1
27673,Maharashtra,Manpada,4,BHK,2624.425907,Dealer,0,1,1,280.0,417.35,235.1,642.99,137.35,49.05,1
2241,Chennai,tirumullaivoyal,2,BHK,918.0628873,Owner,0,1,1,40.0,42.97,33.58,57.16,2.97,7.43,1
13152,Guwahati,Azara,3,BHK,1299.85229,Owner,0,1,1,44.0,50.43,40.19,70.04,6.43,14.61,1
22475,Maharashtra,Kolshet Road,3,BHK,932.8358209,Dealer,1,0,0,140.0,147.45,111.85,171.94,7.45,5.32,1
27111,Kolkata,New Alipore,3,BHK,1207.5471699999998,Dealer,0,0,0,160.0,103.07,35.9,102.88,56.93,35.58,0
8973,Maharashtra,Dombivli (East),1,BHK,441.91185020000006,Dealer,0,0,0,38.0,40.57,31.04,79.41,2.57,6.76,1
19010,Bangalore,M S R Nagar,2,BHK,918.0628873,Owner,0,1,1,40.0,53.01,48.59,79.2,13.01,32.52,0
9133,Noida,Sector-74 Noida,3,BHK,1625.320787,Owner,1,1,1,76.0,86.36,68.68,103.87,10.36,13.63,1
26318,Noida,Sector-128 Noida,3,BHK,2620.221948,Dealer,1,1,1,170.0,185.92,117.11,238.0,15.92,9.36,1
22816,Lalitpur,Tilak Nagar,2,BHK,901.463144,Dealer,1,1,1,130.0,112.4,52.49,170.53,17.6,13.54,1
11133,Maharashtra,Goregaon (East),3,BHK,1595.084776,Dealer,1,1,1,270.0,288.66,195.93,391.68,18.66,6.91,1
12581,Maharashtra,Rajiv Gandhi Nagar,2,BHK,1066.666667,Dealer,0,1,1,160.0,135.33,52.13,207.58,24.67,15.42,1
11898,Secunderabad,Machabolaram,2,BHK,1295.221081,Owner,0,0,1,58.0,47.24,32.45,58.81,10.76,18.55,1
11366,Bangalore,Mahalakshmi Layout,2,BHK,1334.1419039999998,Dealer,0,1,1,110.0,96.89,56.03,124.49,13.11,11.92,1
17313,Lalitpur,Peddar Road,3,BHK,1600.0,Dealer,0,1,1,1050.0,721.07,213.5,1115.88,328.93,31.33,1
26001,Ghaziabad,keshav Puram,2,BHK,650.0139289,Owner,0,1,1,70.0,28.04,17.39,47.55,41.96,59.94,0
18645,Chennai,Navalur,3,BHK,1650.302904,Dealer,1,1,1,79.0,98.48,71.49,129.41,19.48,24.66,1
20961,Alwar,Ambedkar Nagar,3,BHK,1200.274348,Owner,0,1,1,35.0,53.42,35.41,73.12,18.42,52.63,0
23345,Bhubaneswar,Shampur,3,BHK,1997.203915,Dealer,0,1,1,100.0,120.49,79.24,210.27,20.49,20.49,1
4073,Pune,Magarpatta,3,BHK,2511.1288670000004,Dealer,0,1,1,220.0,210.42,153.0,356.83,9.58,4.35,1
18857,Jamshedpur,Sonari,4,BHK,2000.0,Dealer,0,1,1,75.0,111.23,54.73,134.7,36.23,48.31,1
17458,Mumbai,Waghbil,2,BHK,726.0193605000001,Dealer,0,1,1,99.0,105.91,44.81,194.59,6.91,6.98,1
8539,Mumbai,Kolshet Road,2,BHK,1026.058632,Dealer,1,1,1,94.5,110.12,95.44,144.28,15.62,16.53,0
21527,Bangalore,Nagarbhavi,2,BHK,1063.0434779999998,Dealer,1,0,1,48.9,60.49,42.94,82.55,11.59,23.7,1
17164,Maharashtra,Hiranandani Meadows,4,BHK,1982.957286,Dealer,0,1,1,370.0,320.14,189.87,487.1,49.86,13.48,1
482,Nagpur,Omkar Nagar,2,BHK,1100.208147,Owner,0,0,1,37.0,41.8,28.87,58.96,4.8,12.97,1
20234,Chandigarh,Zirakpur,2,BHK,1117.852975,Dealer,1,0,1,47.9,37.26,33.87,45.98,10.64,22.21,0
3486,Lalitpur,Bandra (West),5,BHK,5000.0,Dealer,0,1,1,700.0,1826.16,378.84,2005.58,1126.16,160.88,1
24814,Ratnagiri,Khedashi,1,BHK,468.9521345,Owner,1,0,1,14.5,22.05,12.79,26.59,7.55,52.07,1
20664,Kolkata,Rajpur,3,BHK,1294.794664,Dealer,0,0,1,49.5,61.97,40.5,87.63,12.47,25.19,1
8676,Kolkata,Brahmapur,3,BHK,1070.2166539999998,Dealer,0,1,1,41.0,51.32,32.43,68.12,10.32,25.17,1
9701,Maharashtra,Kharghar,3,BHK,1478.1966,Dealer,0,1,1,200.0,142.84,114.17,192.53,57.16,28.58,0
22861,Noida,Sector-110 Noida,3,BHK,1550.227367,Dealer,1,1,1,75.0,78.08,61.73,94.21,3.08,4.11,1
18935,Maharashtra,Savarkar Nagar,4,BHK,2727.272727,Builder,1,0,0,150.0,222.19,122.32,419.1,72.19,48.13,1
25612,Ghaziabad,Ahinsa Khand 2,2,BHK,920.0178068,Dealer,0,1,1,62.0,39.75,26.47,51.66,22.25,35.89,0
11328,Bangalore,Raj Mahal Vilas Extension,3,BHK,3224.128965,Dealer,0,1,1,620.0,427.29,196.96,479.35,192.71,31.08,0
9368,Lalitpur,Deolali Camp,2,BHK,1197.5,Builder,1,1,0,47.9,62.59,45.49,138.85,14.69,30.67,1
8700,Ghaziabad,Sector-17 Vasundhara,2,BHK,936.4890175,Owner,0,1,1,55.0,45.92,25.33,50.76,9.08,16.51,0
6022,Lalitpur,Adharwadi,2,BHK,1180.080245,Dealer,0,1,1,100.0,117.32,61.51,172.33,17.32,17.32,1
653,Chandigarh,Zirakpur,3,BHK,1579.809004,Dealer,1,1,1,57.9,56.87,44.31,68.85,1.03,1.78,1
977,Bangalore,Chandapura,2,BHK,990.0990099,Owner,0,1,1,35.0,43.21,30.34,63.42,8.21,23.46,1
4289,Kolkata,Prince Anwar Shah Rd.,4,BHK,3175.10716,Dealer,0,1,1,600.0,449.89,157.17,445.12,150.11,25.02,0
18544,Gurgaon,Sector-107 Gurgaon,4,BHK,2592.592593,Dealer,0,1,0,140.0,170.17,123.98,227.32,30.17,21.55,1
23498,Bangalore,Arehalli,2,BHK,1155.226022,Owner,1,1,1,48.3,54.92,45.58,74.99,6.62,13.71,1
20688,Lalitpur,Thakur Village,2,BHK,930.028995,Dealer,0,1,1,170.0,166.32,46.51,223.88,3.68,2.16,1
18297,Vadodara,Pratapgunj,2,BHK,1265.194741,Owner,0,1,1,51.0,39.12,29.03,46.15,11.88,23.29,0
19857,Noida,Sector-93 B Noida,2,BHK,1110.1622539999998,Dealer,0,1,1,65.0,50.36,40.54,67.59,14.64,22.52,1
15091,Bangalore,Kogilu,3,BHK,1500.187523,Dealer,1,0,0,120.0,92.84,66.34,130.63,27.16,22.63,1
27621,Pune,Bavdhan,2,BHK,1195.652174,Owner,1,1,1,110.0,82.77,61.54,95.47,27.23,24.75,0
21080,Faridabad,Sector 82 Faridabad,3,BHK,2136.5536460000003,Owner,0,1,1,92.0,72.56,56.5,144.11,19.44,21.13,1
18946,Maharashtra,Juinagar West,1,BHK,549.973559,Dealer,0,1,1,52.0,66.74,44.94,86.09,14.74,28.35,1
1016,Maharashtra,Taloja,2,BHK,1025.056948,Dealer,1,1,1,54.0,84.28,29.23,142.34,30.28,56.07,1
7268,Gurgaon,Sector-66 Gurgaon,2,BHK,1125.04018,Dealer,0,1,1,140.0,80.9,52.91,100.4,59.1,42.21,0
16364,Vadodara,Alkapuri,4,BHK,4200.50406,Dealer,0,1,1,300.0,338.1,135.23,417.17,38.1,12.7,1
4338,Jaipur,Vaishali Nagar,3,BHK,1535.050316,Owner,0,1,1,90.0,57.18,35.44,74.88,32.82,36.47,0
4045,Chennai,Nolambur,3,BHK,1598.113208,Dealer,1,0,0,84.7,106.96,73.96,156.92,22.26,26.28,1
4131,Bangalore,Akshaya Nagar,2,BHK,1152.134067,Dealer,0,1,1,44.0,68.91,46.95,98.83,24.91,56.61,0
23877,Maharashtra,Taloja,1,BHK,305.0397878,Dealer,0,1,1,23.0,46.37,10.59,80.4,23.37,101.61,1
12682,Noida,Sector-110 Noida,2,BHK,1067.140952,Dealer,1,1,1,48.0,47.11,40.24,60.79,0.89,1.85,1
25514,Faridabad,Sector 85 Faridabad,3,BHK,1000.0,Dealer,1,0,1,26.0,35.65,27.71,35.65,9.65,37.12,0
3249,Bangalore,Banashankari Stage V,3,BHK,1630.170316,Dealer,0,1,1,67.0,113.45,75.13,158.13,46.45,69.33,0
329,Rajkot,Vimal Nagar,2,BHK,910.0529101,Owner,0,1,1,43.0,25.92,19.35,48.06,17.08,39.72,1
5921,Pune,Shahunagar,1,BHK,649.9535747,Owner,0,1,1,35.0,38.99,22.65,47.25,3.99,11.4,1
28296,Pune,Wakad,3,BHK,1786.3978559999998,Dealer,1,1,1,140.0,134.52,95.54,194.71,5.48,3.91,1
14200,Noida,Sector-78 Noida,2,BHK,859.9508599999999,Owner,1,1,1,56.0,41.0,30.48,49.84,15.0,26.79,0
7555,Bangalore,Thanisandra,3,BHK,2086.890533,Dealer,0,1,1,110.0,170.54,107.13,247.05,60.54,55.04,1
14562,Bangalore,1st Block Koramangala,2,BHK,1420.247633,Owner,0,1,1,78.0,91.75,57.42,121.34,13.75,17.63,1
15134,Lalitpur,Goregaon (East),2,BHK,744.7402718,Dealer,1,1,1,160.0,186.17,136.19,223.85,26.17,16.36,1
9977,Bangalore,Electronic City,2,BHK,1140.114011,Owner,0,1,1,38.0,54.02,39.21,68.78,16.02,42.16,0
7784,Goa,Dona Paula,1,BHK,750.0750075,Dealer,0,0,1,50.0,55.44,29.45,51.97,5.44,10.88,1
19518,Bahadurgarh,Sector-15 Bahadurgarh,4,BHK,2050.373869,Dealer,0,1,1,52.1,58.02,51.88,124.79,5.92,11.36,1
2209,Bangalore,Nagarbhavi,1,BHK,884.1407257000001,Owner,0,1,1,48.0,95.39,27.74,59.11,47.39,98.73,1
4782,Bangalore,Kalena Agrahara,3,BHK,1729.559748,Dealer,0,1,1,110.0,114.72,77.92,154.64,4.72,4.29,1
7377,Coimbatore,Ganapathy,2,BHK,1498.127341,Owner,0,1,1,120.0,68.06,41.11,87.05,51.94,43.28,0
28864,Bangalore,Rajarajeshwari Nagar,3,BHK,1260.178364,Dealer,0,0,1,65.0,74.09,47.27,104.48,9.09,13.98,1
13787,Kolkata,Santoshpur,2,BHK,700.0840101,Owner,0,1,1,25.0,30.02,18.58,41.16,5.02,20.08,1
21885,Lalitpur,Kalyan (West),1,BHK,741.1067194,Dealer,1,1,1,45.0,42.49,35.7,83.07,2.51,5.58,1
6509,Ghaziabad,Ahinsa Khand 2,3,BHK,1200.0,Dealer,0,1,1,72.0,53.7,35.19,84.95,18.3,25.42,1
18410,Lalitpur,Kankavli,1,BHK,351.8299882,Builder,1,0,0,14.9,20.41,13.38,62.28,5.51,36.98,1
27926,Surat,Palanpur Jakatnaka,1,BHK,681.1409110000001,Owner,0,1,1,16.0,26.53,13.56,27.13,10.53,65.81,1
23021,Noida,Sector-168 Noida,3,BHK,1690.0907309999998,Owner,0,1,1,95.0,84.55,71.07,111.66,10.45,11.0,1
4811,Kolkata,Kalikapur,3,BHK,1431.15644,Dealer,0,1,1,87.0,69.76,49.65,90.53,17.24,19.82,1
19793,Bahadurgarh,Sector-15 Bahadurgarh,2,BHK,1338.51468,Dealer,0,1,1,31.0,38.68,28.41,68.54,7.68,24.77,1
23298,Chennai,Radha Nagar,1,BHK,678.2608696000001,Owner,0,1,1,31.2,27.34,24.0,39.47,3.86,12.37,1
20025,Mohali,Sector-115 Mohali,2,BHK,816.5374677,Dealer,1,1,1,15.8,18.11,15.46,40.34,2.31,14.62,1
25401,Lalitpur,Bandra (West),4,BHK,2400.017455,Dealer,0,1,1,1100.0,959.98,289.33,1086.78,140.02,12.73,0
10658,Mohali,Sector-66A Mohali,2,BHK,1345.111423,Dealer,1,1,1,67.0,57.6,41.35,63.85,9.4,14.03,0
6287,Mohali,Sector-70 Mohali,3,BHK,1300.0,Owner,0,1,1,65.0,71.38,35.8,87.7,6.38,9.82,1
29400,Ghaziabad,Ahinsa Khand 2,3,BHK,1850.149391,Dealer,1,1,1,80.5,177.61,59.48,115.35,97.11,120.63,1
22154,Lalitpur,Jogeshwari (West),2,BHK,1109.193986,Dealer,1,1,1,180.0,174.62,154.49,279.36,5.38,2.99,1
7369,Lalitpur,Pokhran-2,2,BHK,685.0262938999999,Dealer,1,0,1,99.0,106.84,43.94,157.36,7.84,7.92,1
13472,Faridabad,Sector 70 Faridabad,2,BHK,899.58159,Dealer,1,0,1,21.5,25.85,19.73,34.53,4.35,20.23,1
15663,Noida,Sector-100 Noida,3,BHK,1860.1767170000005,Dealer,1,1,1,120.0,106.74,82.17,133.45,13.26,11.05,1
25989,Dhanbad,Kusum Vihar,3,BHK,1173.184358,Owner,0,1,1,25.2,39.24,23.54,59.93,14.04,55.71,1
24374,Mumbai,Sector 21 Ulwe,1,BHK,670.0738217,Dealer,1,1,1,59.0,55.73,42.98,87.94,3.27,5.54,1
14677,Kolkata,Kalikapur,3,BHK,1140.024783,Dealer,0,1,1,46.0,51.5,38.1,73.46,5.5,11.96,1
23593,Lalitpur,Ghodbunder Road,2,BHK,449.41800369999993,Dealer,1,0,0,100.0,83.01,41.67,131.26,16.99,16.99,1
2766,Chennai,Potheri,2,BHK,960.0808489,Owner,0,1,1,38.0,50.17,33.58,70.27,12.17,32.03,1
12803,Jaipur,Ajmer Road,3,BHK,1659.407666,Dealer,0,1,1,38.1,61.5,43.59,90.23,23.4,61.42,0
23106,Nagpur,Kamptee Road,2,BHK,1069.518717,Owner,0,1,1,22.0,40.74,28.98,59.06,18.74,85.18,0
26341,Pune,bibwewadi pune,1,BHK,549.1009682,Owner,0,1,1,39.7,23.92,16.7,36.49,15.78,39.75,0
25003,Kottayam,Kalathipady,3,BHK,1555.045061,Owner,0,1,1,88.0,72.28,51.44,99.58,15.72,17.86,1
1013,Pune,Wagholi,1,BHK,470.388649,Dealer,1,0,1,30.5,34.15,23.98,42.44,3.65,11.97,1
27160,Bangalore,Jalahalli,2,BHK,1280.260708,Owner,0,1,1,55.0,68.9,49.33,99.42,13.9,25.27,1
14395,Bangalore,Kattanallur,2,BHK,1210.067764,Dealer,0,1,1,75.0,81.29,48.66,106.38,6.29,8.39,1
3971,Mumbai,Mahalaxmi,3,BHK,1005.90972,Dealer,1,0,0,480.0,468.94,171.88,702.98,11.06,2.3,1
26322,Surat,PAL,3,BHK,2619.047619,Dealer,0,1,1,110.0,115.22,97.57,182.78,5.22,4.75,1
10375,Ernakulam,Kaloor,2,BHK,950.1689189,Owner,0,1,1,45.0,37.61,24.36,51.8,7.39,16.42,1
19892,Chandigarh,Zirakpur,2,BHK,1155.8274310000002,Dealer,1,1,0,35.9,37.97,33.89,52.85,2.07,5.77,1
28256,Kolkata,New Town,3,BHK,2094.747019,Dealer,0,1,1,130.0,124.26,91.22,217.66,5.74,4.42,1
28177,Mangalore,Kottara Chowk,2,BHK,936.0791656,Owner,0,1,1,35.0,30.45,20.73,43.95,4.55,13.0,1
23083,Bangalore,Frazer Town,3,BHK,2353.257581,Dealer,1,1,1,350.0,248.45,126.32,288.53,101.55,29.01,0
24132,Maharashtra,Hinjewadi,2,BHK,642.4678186000001,Builder,1,0,0,55.4,68.06,28.2,120.93,12.66,22.85,1
14038,Kota,Shakti Nagar,3,BHK,1850.127996,Owner,0,1,1,79.5,75.26,44.88,99.44,4.24,5.33,1
16244,Mumbai,Asha Nagar,4,BHK,2032.520325,Dealer,0,1,1,580.0,453.72,106.08,524.97,126.28,21.77,0
13802,Mohali,Sector-115 Mohali,3,BHK,1003.142374,Owner,1,1,1,41.5,29.88,23.04,49.69,11.62,28.0,1
136,Maharashtra,Manpada,4,BHK,2655.807365,Dealer,1,1,1,300.0,400.67,236.4,657.81,100.67,33.56,1
14533,Jaipur,Niwaru Road,3,BHK,1149.954002,Dealer,0,1,1,25.0,34.78,22.88,52.56,9.78,39.12,1
14158,Kolhapur,Bagal Chowk,2,BHK,786.0262008999999,Owner,0,1,1,45.0,32.07,19.86,44.44,12.93,28.73,0
18324,Mohali,Zirakpur,3,BHK,1352.502662,Dealer,1,0,1,50.8,51.14,39.98,59.15,0.34,0.67,1
9416,Vadodara,Sayajipura,3,BHK,1486.013986,Owner,1,1,1,34.0,47.32,35.0,69.18,13.32,39.18,0
3375,Pune,Pimpri Chinchwad,3,BHK,1343.660549,Dealer,1,0,1,79.8,99.74,73.6,130.31,19.94,24.99,1
13928,Chennai,Mogappair,2,BHK,1010.10101,Owner,0,1,1,70.0,64.17,37.68,72.56,5.83,8.33,1
3223,Chennai,Kundrathur,2,BHK,848.1314604,Owner,0,1,1,32.0,38.29,25.73,54.27,6.29,19.66,1
9365,Chennai,Thiruninravur,3,BHK,1107.113202,Owner,0,1,1,40.0,54.95,40.3,72.67,14.95,37.38,0
8196,Pune,Wakad,2,BHK,1160.128225,Dealer,0,1,1,76.0,77.98,63.04,99.46,1.98,2.61,1
7941,Mumbai,Sector-35G Kharghar,2,BHK,1160.092807,Dealer,0,1,1,80.0,108.42,87.94,132.43,28.42,35.52,0
6481,Noida,Sector-93 B Noida,2,BHK,1110.195675,Dealer,0,1,1,53.9,50.36,40.54,67.59,3.54,6.57,1
16980,Bangalore,Richmond Town,3,BHK,2612.031671,Owner,0,1,1,320.0,237.68,113.08,374.38,82.32,25.72,1
20753,Bangalore,ITPL,3,BHK,2713.090662,Dealer,1,0,1,240.0,227.95,135.21,353.56,12.05,5.02,1
15733,Nagpur,Rama Nagar,2,BHK,1149.802891,Owner,0,1,1,35.0,46.58,31.92,64.47,11.58,33.09,1
8848,Siliguri,Salugara,3,BHK,1177.777778,Dealer,0,1,1,31.8,35.35,25.25,59.5,3.55,11.16,1
27738,Bangalore,RBI East Layout,2,BHK,1199.040767,Dealer,0,1,1,55.0,76.76,46.95,106.15,21.76,39.56,1
21217,Noida,Sector-134 Noida,2,BHK,1315.047905,Owner,0,1,1,70.0,74.14,51.96,82.85,4.14,5.91,1
10583,Panaji,Caranzalem,2,BHK,1894.428658,Dealer,0,1,1,220.0,141.76,60.95,200.71,78.24,35.56,0
319,Maharashtra,Kasar vadavali,1,BHK,445.0304928000001,Dealer,0,0,1,54.0,46.12,17.74,65.09,7.88,14.59,1
148,Coimbatore,Vadavalli,2,BHK,650.1950585,Dealer,0,1,1,20.0,32.21,18.07,42.03,12.21,61.05,1
25494,Chandigarh,Zirakpur,3,BHK,1800.106045,Dealer,1,0,1,67.9,61.56,53.57,79.39,6.34,9.34,1
14569,Lucknow,Anora Kala,3,BHK,1680.2263879999998,Owner,1,1,1,47.5,68.43,60.0,107.07,20.93,44.06,0
14195,Bangalore,Uttarahalli,2,BHK,1271.294177,Owner,0,1,1,50.0,69.77,49.17,92.73,19.77,39.54,1
11594,Nagpur,Ganeshpeth Colony,2,BHK,977.1986971,Owner,0,0,1,48.0,37.02,26.05,52.04,10.98,22.88,1
28677,Mohali,Kharar,2,BHK,953.9023277,Dealer,0,1,1,20.9,24.8,18.91,48.81,3.9,18.66,1
25540,Kolkata,Kestopur,2,BHK,650.0847937000001,Dealer,0,1,1,23.0,28.23,16.69,42.0,5.23,22.74,1
18072,Bangalore,Dinnur,2,BHK,1150.0261369999998,Owner,0,1,1,66.0,63.7,45.09,79.91,2.3,3.48,1
5737,Pune,Pimple Saudagar,2,BHK,916.0864786,Dealer,0,1,1,75.0,61.94,47.81,76.46,13.06,17.41,1
16857,Gurgaon,Sector-108 Gurgaon,3,BHK,1655.8119,Dealer,1,0,1,150.0,124.18,74.65,150.24,25.82,17.21,1
28820,Lalitpur,Dadar (East),3,BHK,1641.1226390000002,Dealer,0,1,1,590.0,499.49,219.48,573.86,90.51,15.34,0
5818,Maharashtra,Karade Khurd,1,BHK,343.0400976,Dealer,1,0,1,22.5,38.62,13.56,81.25,16.12,71.64,1
8257,Lalitpur,Hiranandani Estate,2,BHK,499.6366279,Dealer,1,0,0,110.0,93.23,78.77,117.33,16.77,15.25,1
18338,Mumbai,Deonar,2,BHK,2354.859161,Dealer,0,1,1,260.0,400.35,166.32,716.17,140.35,53.98,1
826,Jamshedpur,Mango,3,BHK,981.3084112,Owner,0,1,1,21.0,31.37,21.05,45.77,10.37,49.38,0
4496,Pune,Moshi,1,BHK,592.8005284,Dealer,0,0,1,35.9,29.56,23.97,40.63,6.34,17.66,1
23242,Bangalore,Ckikkakammana Halli,2,BHK,902.0618557,Dealer,0,1,1,28.0,44.16,29.39,57.66,16.16,57.71,0
13206,Faridabad,Sector 86 Faridabad,3,BHK,1500.0,Dealer,1,1,1,54.0,52.19,42.96,63.49,1.81,3.35,1
3511,Bangalore,Nagegowdanapalya,3,BHK,1742.517425,Dealer,0,1,1,85.0,131.85,82.44,174.16,46.85,55.12,1
10118,Bhubaneswar,Khandagiri,3,BHK,1745.4545449999998,Dealer,1,0,1,76.8,89.88,63.61,128.99,13.08,17.03,1
25527,Faridabad,Sector 86 Faridabad,3,BHK,1550.068587,Dealer,1,1,1,56.5,58.44,44.31,69.11,1.94,3.43,1
16835,Chennai,VOC Nagar Pammal,1,BHK,555.0114267000001,Owner,0,1,1,17.0,22.37,17.14,34.63,5.37,31.59,0
22207,Bangalore,Indira Nagar,3,BHK,1400.147384,Dealer,0,1,1,95.0,85.46,57.03,121.87,9.54,10.04,1
14014,Lalitpur,Hatkesh Udhog Nagar,1,BHK,710.0720996,Dealer,0,1,1,65.0,59.82,25.22,105.59,5.18,7.97,1
21247,Maharashtra,Mira Road,2,BHK,1013.024602,Dealer,1,0,1,98.0,84.37,75.68,114.82,13.63,13.91,1
3134,Maharashtra,Hiranandani Gardens - Powai,4,BHK,3000.042858,Dealer,0,1,1,1400.0,777.59,308.0,926.35,622.41,44.46,0
8101,Bangalore,Whitefield,3,BHK,1600.15804,Dealer,1,1,1,81.0,100.96,72.89,135.8,19.96,24.64,1
9945,Bangalore,Sanjaynagar,3,BHK,1349.877284,Owner,0,1,1,99.0,77.81,52.01,104.89,21.19,21.4,1
17701,Lalitpur,Rasayani,2,BHK,1200.111638,Dealer,1,0,1,43.0,120.0,58.98,171.88,77.0,179.07,0
13624,Pune,Shivneri Colony,2,BHK,850.1335924000001,Owner,0,1,1,35.0,43.57,21.76,53.53,8.57,24.49,1
6971,Kolkata,New Barrakpur,2,BHK,778.125,Dealer,0,1,1,24.9,24.79,17.81,35.88,0.11,0.44,1
17510,Mangalore,Kadri,4,BHK,3846.153846,Dealer,0,0,1,250.0,311.05,184.08,374.33,61.05,24.42,1
2512,Maharashtra,Wadala,3,BHK,1077.145935,Dealer,1,1,1,290.0,321.17,173.69,417.23,31.17,10.75,1
16080,Thrissur,A.R. Menon Road,3,BHK,1599.865275,Owner,0,1,1,95.0,74.76,52.82,94.7,20.24,21.31,0
17126,Mumbai,Majiwada,2,BHK,1126.797905,Dealer,1,1,1,170.0,120.71,91.61,155.93,49.29,28.99,0
11067,Kolkata,New Town,3,BHK,1991.003613,Dealer,0,1,1,270.0,108.54,85.24,202.25,161.46,59.8,0
18503,Maharashtra,Sector-18 Ulwe,2,BHK,1315.002989,Dealer,1,0,1,88.0,151.76,74.48,214.37,63.76,72.45,1
2522,Ghaziabad,Abhay Khand 3,3,BHK,1087.12533,Owner,0,1,1,70.0,45.3,29.53,59.23,24.7,35.29,0
10510,Ghaziabad,Shakti Khand 2,2,BHK,950.04597,Owner,0,1,1,31.0,40.56,26.81,49.68,9.56,30.84,1
23122,Chennai,Ayappakkam,1,BHK,575.0,Dealer,0,0,1,23.0,29.08,22.64,42.1,6.08,26.43,1
26099,Mohali,Zirakpur,3,BHK,1475.198626,Dealer,1,0,1,68.7,59.79,44.29,65.03,8.91,12.97,0
21143,Agra,Taj Nagari,3,BHK,1399.776036,Owner,0,1,1,50.0,45.04,31.64,65.76,4.96,9.92,1
26009,Bangalore,Hennur Road,2,BHK,1232.147858,Owner,1,1,1,88.0,70.28,54.33,89.48,17.72,20.14,1
7319,Vadodara,Manjalpur,1,BHK,850.3401361,Owner,0,1,1,20.0,6.68,10.97,31.81,13.32,66.6,1
25097,Bangalore,Hennur Road,2,BHK,1359.084406,Dealer,0,1,1,95.0,82.34,57.76,111.92,12.66,13.33,1
8564,Kolkata,Nager Bazar,2,BHK,1025.190393,Owner,0,1,1,35.0,64.87,32.36,67.65,29.87,85.34,1
24850,Bangalore,BEML Layout,3,BHK,1501.072194,Dealer,0,1,1,84.0,87.04,60.51,122.86,3.04,3.62,1
21187,Bhubaneswar,Pandra,3,BHK,1365.853659,Dealer,0,0,1,56.0,62.03,41.87,72.8,6.03,10.77,1
24523,Jaipur,Niwaru Road,3,BHK,1056.338028,Owner,0,1,1,30.0,34.81,21.06,47.49,4.81,16.03,1
16088,Kolkata,Podrah,7,BHK,3450.106157,Owner,0,0,1,130.0,209.63,143.02,347.51,79.63,61.25,0
9962,Mumbai,Pokhran-2,2,BHK,527.4957141,Dealer,1,0,1,120.0,68.78,37.54,159.31,51.22,42.68,1
21516,Aurangabad,Mustafabad,2,BHK,1089.028042,Owner,0,1,1,40.0,35.4,27.16,54.52,4.6,11.5,1
14267,Bangalore,Rajiv Gandhi Nagar,2,BHK,870.0696055999999,Owner,0,1,1,45.0,42.47,32.03,57.78,2.53,5.62,1
1018,Ghaziabad,Raj Nagar Extension,1,BHK,599.1611744,Owner,1,0,1,20.0,15.89,12.47,28.73,4.11,20.55,1
21381,Bhilai,Junwani,2,BHK,1000.0,Owner,0,1,1,20.0,29.72,18.85,43.59,9.72,48.6,1
13494,Raipur,Ama Seoni,3,BHK,2020.573108,Owner,1,1,1,55.0,76.08,51.03,131.24,21.08,38.33,1
20208,Bangalore,Uttarahalli,3,BHK,1500.0,Dealer,0,1,1,84.0,86.09,61.2,124.49,2.09,2.49,1
11224,Faridabad,Sector 86 Faridabad,2,BHK,1200.0,Dealer,1,1,1,42.0,41.04,35.48,48.32,0.96,2.29,1
1041,Mysore,Vijaynagar,2,BHK,1179.813594,Builder,0,1,0,51.9,45.88,33.15,60.74,6.02,11.6,1
16052,Maharashtra,Chandrakant Dhuru Wadi,3,BHK,1300.006933,Dealer,0,1,1,750.0,138.96,38.58,174.98,611.04,81.47,0
2286,Gandhinagar,Vavol,2,BHK,810.0810081000001,Owner,0,1,1,27.0,26.83,19.81,38.73,0.17,0.63,1
702,Indore,Chhota Bangarda,3,BHK,1565.55773,Owner,0,1,1,40.0,51.65,39.57,73.84,11.65,29.12,1
10773,Tenali,Nazerpet,2,BHK,1200.0,Owner,0,1,1,30.0,43.39,30.53,59.2,13.39,44.63,0
3729,Jaipur,Bani Park,3,BHK,1800.0,Dealer,0,1,1,81.0,74.88,43.61,104.11,6.12,7.56,1
16737,Bangalore,Kanakpura Road,3,BHK,1456.953642,Dealer,0,1,1,110.0,82.1,58.91,122.3,27.9,25.36,1
23389,Mumbai,Ghodbunder Road,1,BHK,476.346912,Dealer,1,0,1,58.0,68.17,40.97,89.19,10.17,17.53,1
16392,Gurgaon,Sector-84 Gurgaon,2,BHK,1534.195933,Dealer,0,1,1,83.0,81.91,61.43,129.84,1.09,1.31,1
14785,Mumbai,Bangur Nagar,2,BHK,751.4866366,Dealer,1,0,1,230.0,163.29,44.55,134.86,66.71,29.0,0
18833,Chennai,Tiruneermalai,2,BHK,1130.085384,Owner,0,1,1,45.0,59.21,42.38,75.31,14.21,31.58,1
10825,Jaipur,Jagatpura,3,BHK,1289.285714,Dealer,0,1,1,36.1,39.06,29.04,56.54,2.96,8.2,1
2808,Bangalore,Rajaji Nagar,3,BHK,1605.136437,Dealer,0,1,1,230.0,134.98,69.72,161.72,95.02,41.31,0
28970,Faridabad,Sector 77 Faridabad,2,BHK,979.1921665,Owner,0,1,1,32.0,30.01,23.48,39.66,1.99,6.22,1
3329,Gurgaon,Sector-109 Gurgaon,3,BHK,1655.172414,Builder,0,1,0,120.0,107.68,74.14,125.4,12.32,10.27,1
21660,Faridabad,Sector 81 Faridabad,4,BHK,2229.157379,Owner,0,1,1,100.0,77.94,57.48,149.83,22.06,22.06,1
26887,Visakhapatnam,Vepagunta,3,BHK,1600.0,Owner,0,1,1,59.2,68.21,48.62,82.73,9.01,15.22,1
20227,Mumbai,Kolshet Road,2,BHK,860.9219692,Dealer,0,1,1,110.0,100.93,85.68,133.3,9.07,8.25,1
6626,Faridabad,Sector 77 Faridabad,2,BHK,979.0590155,Owner,0,1,1,36.0,30.01,23.48,39.66,5.99,16.64,1
12228,Pune,Kiwale,2,BHK,701.0418506,Dealer,1,0,1,39.7,45.54,37.41,63.36,5.84,14.71,1
21762,Pune,Sadhu Vaswani Nagar,3,BHK,3130.434783,Dealer,0,1,1,360.0,233.05,179.57,433.02,126.95,35.26,1
27616,Gondia,Laxmi Nagar Gondia,2,BHK,1100.352113,Owner,0,1,1,25.0,34.93,21.4,46.28,9.93,39.72,1
24872,Noida,Sector 107 Noida,2,BHK,1139.028476,Owner,0,1,1,68.0,59.35,46.34,68.6,8.65,12.72,1
21714,Chennai,Srinivasapuram,2,BHK,1000.0,Owner,0,1,1,68.0,51.69,34.88,65.73,16.31,23.99,0
11949,Ghaziabad,Raj Nagar Extension,3,BHK,1475.008738,Dealer,1,1,1,42.2,54.19,40.04,64.46,11.99,28.41,1
25011,Lalitpur,Jeejamata Nagar,3,BHK,1654.324878,Dealer,1,1,1,210.0,215.98,87.67,284.13,5.98,2.85,1
1901,Lalitpur,Malad (West),1,BHK,750.0394758,Dealer,1,1,1,95.0,101.11,78.17,121.91,6.11,6.43,1
17761,Pune,Wagholi,1,BHK,985.2216749,Dealer,0,1,1,42.0,57.49,29.29,83.33,15.49,36.88,1
28407,Pune,Meeta Nagar,1,BHK,480.04800480000006,Owner,0,1,1,16.0,32.48,16.83,40.61,16.48,103.0,0
10227,Mumbai,Goregaon (East),3,BHK,1470.047777,Dealer,1,1,1,280.0,289.84,198.02,411.32,9.84,3.51,1
26787,Guntur,Mangalagiri,2,BHK,1250.0,Dealer,0,0,1,28.0,51.79,31.59,60.04,23.79,84.96,0
12756,Bangalore,Bhagyalakshmi Avenue,2,BHK,1041.09589,Owner,0,1,1,38.0,56.66,37.38,73.16,18.66,49.11,1
21977,Ghaziabad,Lal Kuan,1,BHK,625.0,Owner,1,1,1,16.5,19.78,13.75,33.17,3.28,19.88,1
23281,Pune,Sus,2,BHK,902.0960467,Dealer,1,1,1,68.0,63.17,45.62,80.79,4.83,7.1,1
1423,Mumbai,Chandivali,3,BHK,1494.232263,Dealer,0,1,1,250.0,259.77,133.49,640.48,9.77,3.91,1
10506,Lalitpur,Worli,3,BHK,1322.024935,Dealer,0,1,1,650.0,614.64,205.56,710.55,35.36,5.44,1
22291,Chennai,Potheri,2,BHK,717.9487178999999,Owner,0,1,1,28.0,37.66,24.29,54.22,9.66,34.5,1
6745,Pune,Wanwadi,3,BHK,1650.165017,Dealer,0,1,1,90.0,128.99,78.67,183.37,38.99,43.32,1
19509,Noida,Sector-119 Noida,3,BHK,1761.2524460000002,Dealer,1,1,1,90.0,91.47,74.63,122.92,1.47,1.63,1
4720,Bangalore,Anantapura,3,BHK,1909.059354,Owner,0,1,1,110.0,122.37,89.31,172.3,12.37,11.25,1
13584,Kolkata,Maheshtala,2,BHK,712.0023249,Owner,0,1,1,24.5,28.23,21.52,39.25,3.73,15.22,1
15933,Mumbai,Mindspace,3,BHK,1585.037248,Dealer,0,1,1,300.0,178.88,115.2,222.41,121.12,40.37,0
3648,Lalitpur,Karade Khurd,1,BHK,950.1187648,Dealer,0,0,1,36.0,249.72,23.6,242.96,213.72,593.67,1
25178,Secunderabad,Friends Colony,2,BHK,960.0960096,Owner,0,1,1,32.0,30.29,20.1,48.59,1.71,5.34,1
16477,Visakhapatnam,Madhurawada,3,BHK,1525.0,Dealer,0,1,1,61.0,73.66,49.31,84.63,12.66,20.75,1
18027,Bangalore,Agrahara Badavane,2,BHK,1175.89656,Owner,1,1,1,48.2,62.52,48.03,81.92,14.32,29.71,1
9704,Mumbai,Malad (West),3,BHK,900.0090001,Dealer,1,1,1,200.0,207.55,164.41,262.77,7.55,3.78,1
182,Bhiwadi,Alwar Bypass Road,2,BHK,2000.0,Owner,0,1,1,38.0,39.66,25.67,107.4,1.66,4.37,1
6005,Bangalore,Singasandra,2,BHK,1382.033564,Dealer,0,1,1,56.0,78.94,60.18,104.73,22.94,40.96,0
11397,Mumbai,Chincholi Bunder,2,BHK,1109.33925,Dealer,0,1,1,160.0,136.91,70.93,254.98,23.09,14.43,1
11357,Jaipur,Ajmer Road,3,BHK,1870.32419,Owner,0,1,1,52.5,72.21,47.64,91.17,19.71,37.54,1
473,Bangalore,Shree Ananth Nagar Layout,2,BHK,795.097423,Dealer,0,1,1,25.3,34.0,20.43,55.57,8.7,34.39,1
8282,Jaipur,Jagatpura,2,BHK,980.0918836,Owner,0,1,1,32.0,28.55,20.17,42.36,3.45,10.78,1
29034,Noida,Sector-137 Noida,3,BHK,1591.994542,Owner,0,1,1,70.0,79.45,63.59,99.15,9.45,13.5,1
2181,Surat,Palanpur Jakatnaka,2,BHK,1150.180743,Owner,0,1,1,35.0,33.68,27.88,41.06,1.32,3.77,1
1034,Jaipur,Indira Gandhi Nagar,2,BHK,715.0518413,Owner,0,1,1,20.0,21.57,14.01,37.45,1.57,7.85,1
11109,Pune,Tathawade,2,BHK,896.2103107,Dealer,1,0,1,52.5,52.25,40.99,71.62,0.25,0.48,1
17051,Coimbatore,GN Mills,2,BHK,1253.918495,Owner,0,1,1,40.0,53.04,36.02,67.06,13.04,32.6,1
1433,Mumbai,Taloja,1,BHK,297.029703,Dealer,1,1,0,27.0,28.76,24.55,59.16,1.76,6.52,1
14263,Agra,Shamshabad Road,3,BHK,1299.435028,Owner,0,1,1,23.0,43.8,27.49,61.91,20.8,90.43,0
24648,Mangalore,Kulshekar,2,BHK,910.1251422,Owner,0,1,1,32.0,34.45,25.35,48.2,2.45,7.66,1
12774,Lalitpur,Malad (East),2,BHK,1068.577535,Dealer,0,1,1,170.0,165.56,151.81,181.67,4.44,2.61,1
7725,Noida,Sector-62 Noida,2,BHK,1050.135501,Dealer,0,1,1,62.0,52.08,32.2,62.17,9.92,16.0,1
24389,Kochi,Kakkanad,3,BHK,2365.264403,Dealer,0,1,1,140.0,152.8,90.46,219.23,12.8,9.14,1
6680,Bangalore,Whitefield,3,BHK,1542.020046,Dealer,1,1,1,140.0,100.74,72.89,129.43,39.26,28.04,0
17241,Hubli,Akshay Park,3,BHK,1100.041511,Owner,0,1,1,26.5,46.58,31.75,69.19,20.08,75.77,0
13791,Bangalore,Hongasandra,3,BHK,1512.8593039999998,Owner,0,1,1,140.0,88.54,67.37,116.9,51.46,36.76,0
7568,Jaipur,Muhana,2,BHK,1487.5,Dealer,0,1,1,35.7,84.18,41.43,86.93,48.48,135.8,0
26447,Kolkata,Action Area III,4,BHK,2429.149798,Dealer,0,1,1,150.0,171.38,101.05,264.4,21.38,14.25,1
1200,Raigad,Niral,1,BHK,505.0505051,Owner,0,1,1,12.0,19.15,11.73,24.67,7.15,59.58,1
12457,Chandigarh,Zirakpur,1,BHK,700.152207,Owner,0,1,1,23.0,26.91,14.11,32.33,3.91,17.0,1
19560,Pune,Wagholi,1,BHK,600.0521785,Dealer,0,1,1,23.0,33.48,24.01,45.59,10.48,45.57,0
4187,Lalitpur,Sector 35I Kharghar,2,BHK,1240.03543,Dealer,0,1,1,98.0,134.94,61.75,206.92,36.94,37.69,1
2576,Bhopal,Vijay Nagar,3,BHK,1200.252685,Owner,0,1,1,38.0,38.17,22.1,60.0,0.17,0.45,1
20555,Noida,Sector-62 Noida,2,BHK,1149.185123,Dealer,0,1,1,55.0,60.6,43.75,74.6,5.6,10.18,1
10035,Jaipur,Mansarovar,3,BHK,2680.311891,Dealer,1,1,1,110.0,163.57,95.55,225.48,53.57,48.7,1
17731,Chennai,Sholinganallur,2,BHK,1278.921056,Owner,0,1,1,110.0,66.09,48.28,86.09,43.91,39.92,0
9338,Mumbai,Chembur,3,BHK,1585.550807,Dealer,0,1,1,230.0,310.38,196.29,417.68,80.38,34.95,1
3760,Bangalore,Giri Nagar,3,BHK,1111.111111,Owner,0,1,1,75.0,61.33,40.55,81.86,13.67,18.23,1
27970,Jaipur,Sikar Road,3,BHK,1510.574018,Owner,0,1,1,35.0,53.03,30.29,86.55,18.03,51.51,1
24679,Chandigarh,Zirakpur,4,BHK,2089.592275,Dealer,1,0,1,77.9,79.7,70.81,117.8,1.8,2.31,1
22322,Maharashtra,Sector-35G Kharghar,2,BHK,990.0990099,Dealer,0,1,1,86.0,117.35,64.83,253.01,31.35,36.45,1
12704,Bangalore,Marathahalli,3,BHK,1600.0,Owner,0,1,1,100.0,92.34,68.1,129.91,7.66,7.66,1
3888,Mumbai,Ghodbunder Road,2,BHK,1208.0622529999998,Dealer,1,1,1,94.7,117.85,55.07,130.77,23.15,24.45,1
18646,Maharashtra,Manpada,3,BHK,1490.075036,Dealer,0,1,1,280.0,191.13,134.45,224.64,88.87,31.74,0
26587,Pune,Shankar Kalat Nagar,2,BHK,1107.064822,Dealer,0,1,1,76.0,67.25,45.82,76.05,8.75,11.51,1
7092,Kolkata,Atabagan,2,BHK,906.25,Dealer,0,1,1,29.0,45.3,27.24,56.46,16.3,56.21,1
2622,Dharuhera,NH-8,3,BHK,2100.350058,Owner,1,1,1,90.0,120.5,63.1,179.93,30.5,33.89,1
8073,Mumbai,Sector 10 Kharghar,1,BHK,667.0567583,Dealer,0,1,1,57.0,52.61,44.41,82.79,4.39,7.7,1
5141,Kolkata,Maheshtala,2,BHK,550.0982318,Owner,0,1,1,28.0,21.02,17.12,37.37,6.98,24.93,1
9883,Sindhudurg,Shiroda,2,BHK,924.8210024,Builder,1,0,0,31.0,41.53,28.09,63.22,10.53,33.97,1
1306,Bangalore,Gunjur,3,BHK,1450.0,Owner,0,1,1,58.0,75.84,58.26,114.2,17.84,30.76,0
20872,Bangalore,GM Palaya,2,BHK,1200.0,Dealer,0,1,1,42.0,69.19,38.59,99.13,27.19,64.74,1
20502,Lalitpur,Sector 7 Kharghar,3,BHK,1650.041251,Dealer,0,1,1,220.0,191.96,136.34,244.46,28.04,12.75,1
640,Lalitpur,Ghodbunder Road,2,BHK,1125.112511,Dealer,1,1,1,100.0,110.09,60.4,169.81,10.09,10.09,1
24352,Jaipur,Vaishali Nagar,1,BHK,519.4805195,Dealer,0,1,1,14.4,11.6,13.24,26.86,2.8,19.44,1
25115,Lalitpur,Ghodbunder Road,6,BHK,2300.025556,Dealer,1,1,1,270.0,720.2,109.77,938.25,450.2,166.74,1
5592,Lalitpur,Hiranandani Gardens - Powai,3,BHK,1470.01176,Dealer,0,1,1,450.0,413.73,216.23,452.17,36.27,8.06,1
6603,Mohali,Sector-121 Mohali,4,BHK,3300.330033,Dealer,1,1,0,130.0,159.44,103.31,182.32,29.44,22.65,1
21540,Bangalore,Malleshwaram,3,BHK,2049.958242,Dealer,0,1,1,270.0,201.21,113.78,261.66,68.79,25.48,0
27151,Mumbai,Hiranandani Gardens - Powai,3,BHK,1335.034266,Dealer,0,1,1,450.0,371.85,199.31,397.98,78.15,17.37,0
12444,Bangalore,Richmond Town,3,BHK,823.0452675,Owner,0,1,1,40.0,46.28,27.93,72.75,6.28,15.7,1
12506,Ernakulam,Aluva,3,BHK,1150.054765,Owner,0,1,1,42.0,49.27,34.23,67.64,7.27,17.31,1
4897,Bangalore,Bohra Layout,2,BHK,842.0281896,Owner,0,1,1,46.0,42.71,25.34,56.59,3.29,7.15,1
11232,Kolkata,Chingrighata,4,BHK,2352.9411760000003,Dealer,0,0,1,160.0,174.22,100.82,264.77,14.22,8.89,1
27817,Lalitpur,Mira Road,1,BHK,710.0181834,Dealer,1,1,1,82.0,54.97,51.94,64.35,27.03,32.96,0
15335,Chandigarh,Zirakpur,2,BHK,1350.390903,Dealer,1,1,1,38.0,47.32,39.8,56.82,9.32,24.53,0
18473,Bangalore,Harlur Road,3,BHK,2017.413464,Owner,0,1,1,95.0,123.02,81.57,195.76,28.02,29.49,1
5492,Mumbai,Karanjade,1,BHK,684.4976245,Dealer,0,0,1,38.9,42.92,34.13,82.79,4.02,10.33,1
24581,Noida,Sector-73 Noida,1,BHK,333.68926860000005,Owner,0,1,1,25.0,21.56,11.8,21.09,3.44,13.76,0
7122,Lalitpur,Mulund (West),3,BHK,1232.009856,Dealer,1,1,1,220.0,234.77,169.15,279.39,14.77,6.71,1
15957,Lalitpur,Goregaon (West),2,BHK,1068.650081,Dealer,1,0,1,250.0,178.78,147.05,219.03,71.22,28.49,0
16243,Kochi,Kaloor,4,BHK,3594.697821,Dealer,0,1,1,320.0,346.51,193.71,463.35,26.51,8.28,1
21872,Bangalore,Sarjapur Road,2,BHK,1047.549378,Dealer,1,0,1,71.6,50.8,37.21,64.95,20.8,29.05,0
4089,Noida,Sector-78 Noida,3,BHK,3020.279016,Dealer,1,0,1,210.0,229.17,156.72,327.63,19.17,9.13,1
6808,Gurgaon,Sector-68 Gurgaon,2,BHK,1198.039216,Dealer,1,0,0,61.1,73.93,52.34,116.74,12.83,21.0,1
26672,Indore,Prabhu Nagar,2,BHK,1149.680644,Dealer,0,0,1,41.4,39.17,33.2,60.52,2.23,5.39,1
22978,Faridabad,Sector 80 Faridabad,3,BHK,1848.484848,Dealer,1,1,1,61.0,70.03,56.13,79.6,9.03,14.8,1
28550,Mohali,Sector-70 Mohali,3,BHK,1918.649271,Dealer,0,1,1,150.0,110.76,59.53,131.53,39.24,26.16,0
8670,Noida,Sector-34 Noida,3,BHK,947.4309474,Dealer,0,1,1,31.9,52.42,26.04,59.24,20.52,64.33,1
20775,Lalitpur,4 Bunglows,3,BHK,1605.941985,Dealer,1,1,1,320.0,207.75,83.09,282.38,112.25,35.08,0
9253,Ghaziabad,Indirapuram,5,BHK,5000.0,Dealer,0,1,1,200.0,328.26,157.25,450.43,128.26,64.13,1
15593,Shimla,Lower Bharari,2,BHK,850.0991782,Owner,0,1,1,60.0,30.6,20.58,51.39,29.4,49.0,0
30,Bhiwadi,Alwar Bypass Road,2,BHK,1000.0,Dealer,0,1,1,12.5,21.83,15.99,38.57,9.33,74.64,0
6074,Pune,Baner,2,BHK,770.0351744,Dealer,1,0,0,81.0,64.99,42.1,77.75,16.01,19.77,0
27124,Noida,Noida Extension,2,BHK,1245.15772,Owner,1,1,1,45.0,59.62,47.78,72.44,14.62,32.49,0
15337,Ghaziabad,Govind Puram,3,BHK,1640.225867,Dealer,0,1,1,61.0,71.58,47.92,95.45,10.58,17.34,1
6667,Ghaziabad,Vasundhara,1,BHK,378.0241935,Owner,0,1,1,30.0,22.76,8.98,22.64,7.24,24.13,0
5475,Vadodara,Vemali,2,BHK,1050.2283109999998,Owner,1,1,1,23.0,29.37,23.84,38.07,6.37,27.7,0
3386,Noida,Sector-75 Noida,2,BHK,970.0176367,Owner,1,1,1,49.5,46.59,34.87,53.26,2.91,5.88,1
19062,Ghaziabad,Abhay Khand 4,2,BHK,1000.0,Dealer,0,1,1,52.0,33.94,23.8,50.74,18.06,34.73,0
15831,Gandhinagar,Kudasan,2,BHK,1305.239605,Owner,1,1,1,70.0,30.15,30.96,57.85,39.85,56.93,0
21284,Lalitpur,Gorewada,3,BHK,1350.21097,Dealer,0,1,1,48.0,189.57,79.43,282.58,141.57,294.94,0
3693,Maharashtra,Kandivali (East),1,BHK,575.0273823,Dealer,0,1,1,84.0,85.07,75.05,104.34,1.07,1.27,1
15780,Bangalore,Thanisandra,3,BHK,1595.150742,Dealer,1,1,1,100.0,101.68,74.24,141.92,1.68,1.68,1
4378,Gwalior,City Center,2,BHK,1200.0,Dealer,0,1,1,28.5,38.94,25.87,58.41,10.44,36.63,1
2662,Bangalore,Old Madras Road,2,BHK,800.0,Dealer,1,0,0,46.4,47.18,30.85,76.15,0.78,1.68,1
29212,Bhubaneswar,Patia,3,BHK,2000.0,Owner,0,1,1,120.0,94.58,71.51,202.49,25.42,21.18,1
1882,Kochi,Chullickal,2,BHK,1000.0,Owner,0,1,1,48.0,40.34,31.4,59.03,7.66,15.96,1
20528,Mumbai,Sakinaka,1,BHK,600.0109093,Dealer,1,1,1,110.0,101.71,79.3,129.6,8.29,7.54,1
967,Mohali,Kharar-Landran Road,3,BHK,1125.080593,Dealer,0,1,1,34.9,34.04,22.13,67.07,0.86,2.46,1
991,Mohali,Sector-85 Mohali,3,BHK,1885.197562,Dealer,1,1,1,95.9,81.49,55.35,97.47,14.41,15.03,1
6975,Lalitpur,Ghansoli,1,BHK,649.9602802,Dealer,1,0,1,90.0,74.71,49.76,81.79,15.29,16.99,0
29360,Bangalore,Mico Layout,2,BHK,1423.324151,Owner,0,1,1,62.0,82.2,57.42,112.14,20.2,32.58,1
27058,Bangalore,Kengeri,2,BHK,1015.141087,Owner,0,1,1,59.0,52.93,36.53,75.56,6.07,10.29,1
23848,Chandigarh,Dera Bassi,2,BHK,985.915493,Dealer,1,1,1,23.8,25.16,21.99,48.53,1.36,5.71,1
12332,Noida,Sector-74 Noida,3,BHK,1295.097132,Owner,1,1,1,70.0,69.4,48.6,77.12,0.6,0.86,1
24222,Ghaziabad,Raj Nagar Extension,2,BHK,792.0792079,Owner,1,1,1,28.0,24.28,17.11,37.86,3.72,13.29,1
5562,Pune,Sus,2,BHK,1200.0,Dealer,0,1,1,75.0,89.65,63.62,109.81,14.65,19.53,1
25686,Noida,Sector-49 Noida,2,BHK,950.2515372,Dealer,0,1,1,17.0,42.33,24.93,54.28,25.33,149.0,0
26685,Jaipur,Vaishali Nagar,3,BHK,1700.1866059999998,Owner,0,1,1,82.0,62.97,45.71,87.17,19.03,23.21,1
5553,Lucknow,Chinhat,2,BHK,1040.073417,Owner,0,1,1,34.0,42.19,29.16,56.51,8.19,24.09,1
17985,Chennai,Sowcarpet,2,BHK,910.0642398,Owner,0,1,1,51.0,47.32,33.58,65.0,3.68,7.22,1
12472,Ghaziabad,Raj Nagar Extension,2,BHK,750.0,Owner,1,1,1,22.8,24.21,16.24,37.23,1.41,6.18,1
16538,Chandigarh,Zirakpur,4,BHK,2345.819145,Dealer,0,1,1,62.0,95.91,74.65,123.31,33.91,54.69,0
4420,Bangalore,Konanakunte,3,BHK,1786.112972,Dealer,1,1,1,160.0,133.26,86.0,159.12,26.74,16.71,0
8303,Kolkata,Prince Anwar Shah Road Connector,3,BHK,1263.1578949999998,Dealer,0,0,1,72.0,63.72,39.79,104.79,8.28,11.5,1
8775,Pune,Mahalunge,1,BHK,600.0705965,Dealer,0,0,1,34.0,34.74,26.21,46.75,0.74,2.18,1
19070,Bhopal,MP Nagar,2,BHK,1280.025284,Dealer,0,1,1,81.0,42.69,25.93,61.04,38.31,47.3,0
3002,Pune,Sinhgad Road,2,BHK,971.8899522,Dealer,0,1,1,65.0,64.87,43.87,79.42,0.13,0.2,1
3225,Chennai,Gerugambakkam,2,BHK,1025.040269,Owner,0,1,1,70.0,54.28,37.98,71.86,15.72,22.46,1
28455,Noida,Sector-75 Noida,3,BHK,1325.088339,Owner,0,1,1,75.0,71.36,51.67,82.05,3.64,4.85,1
15520,Raipur,Telibandha,3,BHK,2650.727651,Owner,0,1,1,51.0,65.33,53.65,187.06,14.33,28.1,0
1268,Mumbai,Oshiwara,3,BHK,1090.750436,Dealer,1,0,1,200.0,204.35,86.27,386.13,4.35,2.17,1
13723,Mumbai,Powai,3,BHK,2148.8469600000003,Dealer,1,1,1,410.0,432.48,256.84,620.21,22.48,5.48,1
11999,Jaipur,Ajmer Road,3,BHK,2122.015915,Owner,0,1,1,48.0,94.6,52.62,154.02,46.6,97.08,0
17266,Ajmer,Braham Puri,4,BHK,1092.804304,Owner,0,1,1,65.0,22.54,25.18,62.21,42.46,65.32,0
9023,Mumbai,Sector-23 Kharghar,2,BHK,1332.267519,Dealer,1,1,1,150.0,128.98,109.85,159.34,21.02,14.01,1
27567,Bangalore,Suraksha Nagar,3,BHK,1556.236737,Dealer,0,1,1,66.0,86.67,54.12,125.61,20.67,31.32,1
16205,Bangalore,Kudlu Gate,3,BHK,1850.13876,Dealer,1,1,1,140.0,132.17,87.23,149.31,7.83,5.59,1
22376,Surat,Sarthana Jakatnaka,4,BHK,2400.0,Owner,0,1,1,90.0,118.94,74.87,166.33,28.94,32.16,1
19779,Chennai,Egmore,3,BHK,1980.0472170000005,Dealer,0,1,1,260.0,241.19,87.95,367.66,18.81,7.23,1
5233,Gurgaon,Sector-70A Gurgaon,4,BHK,2846.29981,Dealer,1,1,1,180.0,218.43,183.7,332.66,38.43,21.35,0
4087,Maharashtra,Naupada,1,BHK,610.0040667000001,Dealer,0,1,1,90.0,77.55,34.03,120.51,12.45,13.83,1
6649,Chandigarh,Zirakpur,3,BHK,1855.385388,Dealer,1,1,1,73.9,66.63,53.38,79.01,7.27,9.84,1
26488,Bangalore,Padmanabhanagar,3,BHK,2223.951963,Dealer,1,0,1,200.0,224.03,121.59,249.91,24.03,12.02,1
28272,Vijayawada,Kunchanapalli,2,BHK,1296.023564,Owner,0,0,1,44.0,46.93,32.34,59.34,2.93,6.66,1
21345,Jamshedpur,Kadma,3,BHK,1600.0,Owner,0,1,1,60.0,58.3,37.85,74.95,1.7,2.83,1
6573,Sonipat,Kundli,2,BHK,1437.024514,Owner,1,1,1,34.0,45.49,34.31,70.36,11.49,33.79,0
7616,Lalitpur,Chembur (East),3,BHK,1671.277086,Dealer,0,0,1,290.0,307.97,219.2,420.93,17.97,6.2,1
14719,Bhiwadi,ashiana town,2,BHK,1165.286722,Owner,0,1,1,38.0,33.56,19.08,48.88,4.44,11.68,1
12671,Bangalore,Narayana Nagar 3rd Block,3,BHK,1700.198356,Dealer,0,1,1,60.0,108.98,77.92,153.86,48.98,81.63,0
10161,Bhopal,Hoshangabad Road,3,BHK,1599.702381,Dealer,0,1,1,43.0,55.65,36.22,83.77,12.65,29.42,1
27702,Lalitpur,Kaviltali,2,BHK,960.1449275,Dealer,0,1,1,21.2,107.15,50.11,171.04,85.95,405.42,0
11180,Jamshedpur,Sonari,2,BHK,780.2340702,Owner,0,1,1,24.0,24.32,16.6,31.61,0.32,1.33,1
15742,Aurangabad,Satara Parisar,3,BHK,992.248062,Owner,0,1,1,32.0,36.08,21.64,55.24,4.08,12.75,1
15947,Bangalore,Rotary Nagar,3,BHK,1314.162028,Dealer,0,1,1,85.0,81.94,40.78,111.96,3.06,3.6,1
1439,Maharashtra,Kandivali (East),3,BHK,776.5314927000001,Dealer,1,0,0,180.0,192.58,140.71,223.17,12.58,6.99,1
17021,Udupi,Perampalli,2,BHK,1070.110701,Owner,0,1,1,29.0,43.28,31.06,58.75,14.28,49.24,0
6257,Mysore,Vani Vilas Mohalla,2,BHK,855.0662676000001,Owner,0,0,1,40.0,32.78,23.15,43.24,7.22,18.05,1
9869,Bangalore,Electronic City,2,BHK,1296.111665,Owner,0,1,1,65.0,65.13,47.82,85.92,0.13,0.2,1
18061,Agra,Nirbhay Nagar,3,BHK,1730.1038059999998,Owner,0,1,1,85.0,58.72,42.69,91.96,26.28,30.92,1
3527,Kolkata,Bablatala,3,BHK,1076.057716,Dealer,0,1,1,44.0,52.76,32.43,74.59,8.76,19.91,1
9470,Noida,Sector-119 Noida,3,BHK,1246.231156,Owner,0,1,1,62.0,65.54,46.68,76.69,3.54,5.71,1
1574,Bhiwadi,Tapukara,2,BHK,790.2735562,Dealer,0,1,1,13.0,18.83,13.89,33.05,5.83,44.85,0
20957,Gurgaon,Sector-86 Gurgaon,3,BHK,1480.0818769999998,Dealer,0,1,1,94.0,75.96,58.32,113.74,18.04,19.19,1
4433,Pune,Kirkatwadi,1,BHK,666.0323501,Owner,1,1,1,35.0,38.77,31.01,45.85,3.77,10.77,1
7989,Lalitpur,Dahisar (East),2,BHK,556.2766548999999,Dealer,1,0,1,150.0,106.83,82.64,111.81,43.17,28.78,0
8429,Lalitpur,Vile Parle (East),3,BHK,1500.0,Owner,0,1,1,390.0,373.08,137.27,525.94,16.92,4.34,1
17906,Durgapur,Kaliganj,2,BHK,840.1084011,Owner,0,1,1,15.5,24.55,16.08,30.05,9.05,58.39,0
6378,Gurgaon,Sector-112 Gurgaon,3,BHK,2733.734281,Dealer,1,1,1,200.0,203.81,156.64,327.13,3.81,1.9,1
21982,Chandrapur,Padoli,3,BHK,849.9413833999998,Owner,0,1,1,14.5,36.04,19.85,52.4,21.54,148.55,0
12342,Noida,Sector-137 Noida,3,BHK,1724.952741,Dealer,0,1,1,73.0,90.35,69.22,123.23,17.35,23.77,1
25106,Vadodara,Old Padra Road,3,BHK,2050.326188,Owner,0,1,1,110.0,73.07,50.19,132.22,36.93,33.57,1
1622,Lalitpur,Dahisar (East),2,BHK,987.5567845,Dealer,0,1,1,100.0,122.37,91.79,127.99,22.37,22.37,1
24060,Faridabad,Sector 88 Faridabad,3,BHK,1661.129568,Dealer,0,1,1,60.0,63.49,52.56,66.83,3.49,5.82,1
20046,Jaipur,Manchwa,2,BHK,1000.0,Owner,0,1,1,32.0,26.46,16.55,45.99,5.54,17.31,1
29063,Puri,Samanga,1,BHK,500.0,Owner,0,1,1,17.0,15.53,9.37,22.85,1.47,8.65,1
24969,Coimbatore,NGGO Colony,2,BHK,1031.207598,Owner,0,1,1,38.0,38.91,28.59,52.51,0.91,2.39,1
17826,Mumbai,Sector 21 Ulwe,1,BHK,664.3151088,Dealer,0,1,1,56.5,52.51,41.7,88.12,3.99,7.06,1
5825,Mumbai,Vinay Nagar,2,BHK,964.0,Dealer,0,0,1,72.3,178.9,133.04,244.25,106.6,147.44,0
7447,Bhubaneswar,Patia,2,BHK,1265.069207,Dealer,1,1,1,85.0,56.33,43.75,67.07,28.67,33.73,0
11038,Noida,Sector-78 Noida,4,BHK,2541.589649,Dealer,1,1,1,110.0,172.22,114.13,199.86,62.22,56.56,0
7895,Surat,Palanpur,2,BHK,1319.924576,Dealer,0,0,1,42.0,43.06,37.84,60.55,1.06,2.52,1
14095,Ghaziabad,Raj Nagar Extension,2,BHK,828.4833961,Dealer,1,1,1,24.2,24.68,16.83,39.54,0.48,1.98,1
24916,Noida,Sector-168 Noida,4,BHK,2340.923601,Dealer,1,1,1,110.0,119.44,86.97,185.64,9.44,8.58,1
12264,Guwahati,Maligaon,2,BHK,950.2515372,Owner,0,1,1,34.0,38.98,29.56,54.24,4.98,14.65,1
1525,Bangalore,Nagawara Junction,3,BHK,1608.884074,Dealer,0,1,1,89.1,112.97,69.72,156.78,23.87,26.79,1
9356,Bangalore,Hosa Road,2,BHK,1243.118451,Owner,0,1,1,70.0,65.03,48.63,85.54,4.97,7.1,1
6777,Surat,Adajan,1,BHK,750.0,Dealer,0,1,1,24.0,22.41,15.36,23.92,1.59,6.62,0
4040,Mumbai,Powai,2,BHK,724.492855,Dealer,1,0,1,290.0,183.06,133.93,230.11,106.94,36.88,0
25218,Surat,Adajan,2,BHK,1055.312955,Owner,0,1,1,29.0,37.2,26.04,48.39,8.2,28.28,1
141,Mumbai,Sector-25 Khandeshhwar,2,BHK,890.0451868999999,Dealer,0,1,1,65.0,127.92,38.39,171.37,62.92,96.8,1
29002,Bangalore,Marathahalli,3,BHK,1525.010167,Owner,0,1,1,75.0,89.23,68.1,126.99,14.23,18.97,1
5378,Vijayawada,Gannavaram,2,BHK,1289.282836,Owner,1,0,1,32.0,47.7,36.83,57.67,15.7,49.06,0
16195,Lalitpur,Dombivli (East),1,BHK,500.0,Dealer,0,1,1,27.0,34.22,29.69,67.13,7.22,26.74,0
20539,Chandigarh,Zirakpur,3,BHK,1601.70697,Dealer,1,1,1,56.3,58.61,44.32,74.55,2.31,4.1,1
24521,Raipur,Shankar Nagar,2,BHK,1138.888889,Builder,0,1,0,41.0,31.62,21.04,43.33,9.38,22.88,1
16875,Panaji,Dona Paula,2,BHK,2316.680097,Owner,0,1,1,230.0,123.77,41.9,203.05,106.23,46.19,0
2270,Maharashtra,Worli,4,BHK,1941.176471,Dealer,0,1,0,990.0,913.7,249.77,1127.31,76.3,7.71,1
12860,Faridabad,Sector 77 Faridabad,3,BHK,1709.741551,Dealer,0,1,1,43.0,64.64,46.61,73.46,21.64,50.33,0
26272,Bangalore,Rajaji Nagar,3,BHK,1313.255122,Owner,1,1,1,150.0,100.89,55.26,108.81,49.11,32.74,0
26499,Nagpur,Shri Hari Nagar,2,BHK,1022.364217,Owner,0,1,1,32.0,40.52,21.76,48.11,8.52,26.62,1
6945,Kochi,Kakkanad,2,BHK,1199.776786,Owner,0,1,1,43.0,52.62,39.16,62.27,9.62,22.37,1
5971,Ahmednagar,Sarasnagar,1,BHK,540.1026195000001,Owner,0,1,1,20.0,19.24,10.9,28.9,0.76,3.8,1
24078,Mangalore,Falnir,3,BHK,2365.664076,Owner,0,1,1,140.0,138.19,77.35,174.82,1.81,1.29,1
25738,Mumbai,Kharghar,2,BHK,1147.866013,Dealer,0,1,1,110.0,106.34,87.8,128.5,3.66,3.33,1
19028,Mumbai,Chakala,4,BHK,1800.0,Dealer,1,1,1,450.0,805.52,176.94,1071.29,355.52,79.0,1
3442,Maharashtra,Sector-19 Airoli,1,BHK,550.0045834,Dealer,0,1,1,60.0,55.24,40.92,79.88,4.76,7.93,1
7527,Maharashtra,Chembur,3,BHK,1049.032559,Dealer,0,1,1,270.0,250.92,169.75,318.6,19.08,7.07,1
9598,Vadodara,Dashrath,1,BHK,680.2721088,Owner,0,1,1,12.0,13.6,12.26,29.28,1.6,13.33,0
15186,Gurgaon,Sector-65 Gurgaon,4,BHK,4480.286738000001,Dealer,0,1,1,400.0,489.02,229.71,591.16,89.02,22.26,1
20450,Bangalore,Kanakpura Road,3,BHK,1623.15704,Owner,1,1,1,120.0,103.53,75.05,130.28,16.47,13.72,1
25831,Noida,Sector-50 Noida,2,BHK,900.0562535,Owner,0,1,1,48.0,50.89,30.66,55.56,2.89,6.02,1
4861,Jalandhar,Surya Enclave,4,BHK,2303.18258,Owner,0,1,1,55.0,60.99,55.39,134.6,5.99,10.89,0
3711,Dharuhera,Sector-24 Dharuhera,2,BHK,1300.102775,Dealer,0,1,1,25.3,31.13,24.87,49.19,5.83,23.04,1
20604,Chennai,Alandur,2,BHK,699.9236447000001,Owner,0,1,1,55.0,40.74,24.2,54.07,14.26,25.93,0
12374,Chennai,Porur,2,BHK,860.1177002999999,Owner,0,1,1,57.0,41.8,28.9,54.78,15.2,26.67,0
29398,Surat,Palanpur,2,BHK,1299.00803,Dealer,0,1,1,55.0,47.97,37.57,60.19,7.03,12.78,1
20122,Lalitpur,Sector 15 Kharghar,2,BHK,1160.092807,Dealer,1,0,1,120.0,110.65,89.43,157.96,9.35,7.79,1
2306,Bhilai,Nehru Nagar,3,BHK,2050.2306510000003,Owner,0,1,1,40.0,82.51,51.51,134.57,42.51,106.28,0
4505,Pune,Bavdhan,2,BHK,804.86158,Builder,1,0,0,59.6,55.04,31.9,70.62,4.56,7.65,1
5644,Ghaziabad,Govind Puram,3,BHK,1050.539466,Dealer,0,1,1,18.5,41.84,27.11,55.6,23.34,126.16,0
24640,Ghaziabad,Shakti Khand 4,3,BHK,1430.048243,Owner,1,0,1,83.0,66.11,45.26,93.74,16.89,20.35,1
14418,Bangalore,Yeshwanthpur,2,BHK,1100.016923,Owner,0,1,1,65.0,58.69,39.44,75.72,6.31,9.71,1
10179,Vadodara,Sundarpura,2,BHK,800.0,Owner,0,1,1,15.0,22.84,16.52,32.29,7.84,52.27,0
26848,Mohali,Sector-88 Mohali,2,BHK,1290.077784,Dealer,1,1,1,68.0,59.02,38.28,60.55,8.98,13.21,0
10432,Bangalore,Ulsoor,3,BHK,2000.0,Dealer,0,1,1,260.0,169.79,91.06,254.1,90.21,34.7,0
4183,Lalitpur,Sector 20 Kharghar,2,BHK,805.0603795,Dealer,0,1,1,70.0,102.82,76.3,147.23,32.82,46.89,0
17179,Jaipur,Mansarovar,3,BHK,1774.279616,Builder,1,0,0,66.5,70.26,49.67,96.96,3.76,5.65,1
210,Lalitpur,Ghodbunder Road,3,BHK,1195.652174,Dealer,1,1,1,110.0,164.96,64.39,263.38,54.96,49.96,1
29083,Bangalore,Electronics City Phase 1,3,BHK,1450.06344,Owner,1,1,1,80.0,70.45,58.85,98.84,9.55,11.94,1
7777,Lalitpur,Vasant Vihar,5,BHK,2928.147759,Dealer,0,1,1,390.0,386.63,168.0,760.94,3.37,0.86,1
20114,Noida,Sector-44 Noida,4,BHK,1900.1554670000005,Dealer,0,1,1,110.0,109.12,75.86,149.56,0.88,0.8,1
8399,Goa,Dona Paula,2,BHK,1033.362858,Dealer,0,1,1,70.0,73.09,42.69,86.8,3.09,4.41,1
2623,Bangalore,2nd Stage Arekere Mico Layout,3,BHK,2115.003305,Owner,0,1,1,160.0,155.84,97.08,215.14,4.16,2.6,1
24643,Maharashtra,Roadpali,2,BHK,1065.022422,Dealer,0,1,1,76.0,82.94,58.68,127.01,6.94,9.13,1
2605,Lalitpur,Hiranandani Estate,2,BHK,800.0,Dealer,0,1,1,95.0,118.24,86.37,145.21,23.24,24.46,1
6115,Jaipur,Jagatpura,3,BHK,1905.265943,Dealer,0,1,1,72.0,85.24,54.03,109.74,13.24,18.39,1
14594,Pune,Baner,3,BHK,1677.635824,Dealer,1,0,1,130.0,136.85,93.47,171.6,6.85,5.27,1
9875,Mumbai,Vile Parle (West),3,BHK,1750.031819,Dealer,0,1,1,550.0,546.99,211.89,674.36,3.01,0.55,1
15525,Pune,Baner,4,BHK,3210.066769,Dealer,1,1,1,500.0,310.51,219.07,406.61,189.49,37.9,0
8312,Lalitpur,Laxmi Nagar,3,BHK,1620.2680810000002,Dealer,1,0,1,220.0,196.75,75.27,149.52,23.25,10.57,0
20767,Lalitpur,kavesar,2,BHK,1050.089258,Dealer,0,1,1,100.0,107.25,52.83,160.63,7.25,7.25,1
22074,Pune,Balewadi,3,BHK,1500.068185,Dealer,1,1,1,110.0,102.93,69.1,142.64,7.07,6.43,1
25261,Lalitpur,Ghodbunder Road,1,BHK,675.0524109,Dealer,1,1,1,64.4,60.31,26.35,89.54,4.09,6.35,1
12722,Maharashtra,Thane West,3,BHK,1252.435291,Dealer,0,1,1,180.0,183.75,131.95,225.99,3.75,2.08,1
2888,Mumbai,Ghodbunder Road,2,BHK,1028.118419,Dealer,1,1,1,83.0,92.61,49.04,123.74,9.61,11.58,1
6181,Mumbai,Chembur (East),3,BHK,1622.649955,Dealer,0,0,1,290.0,301.46,201.4,422.17,11.46,3.95,1
16274,Ludhiana,Shaheed Bhagat Singh Nagar,4,BHK,2537.151142,Dealer,1,1,1,140.0,91.1,73.04,129.27,48.9,34.93,0
15287,Kolkata,Purba Barisha,2,BHK,850.1259446,Owner,0,1,1,40.5,28.55,22.94,41.88,11.95,29.51,1
11903,Bangalore,Mysore Road,3,BHK,1249.056604,Dealer,0,1,1,66.2,79.15,47.48,111.7,12.95,19.56,1
18554,Noida,Sector-100 Noida,3,BHK,1421.262081,Dealer,1,1,1,75.0,69.45,48.98,87.72,5.55,7.4,1
20693,Jaipur,Agra Road,2,BHK,1175.020542,Dealer,0,1,1,42.9,37.98,24.39,57.05,4.92,11.47,1
2924,Bangalore,Bagalur,3,BHK,642.0711974,Dealer,1,0,0,49.6,39.94,31.43,73.73,9.66,19.48,1
8792,Bangalore,Electronics City Phase 1,1,BHK,618.0811808,Dealer,1,0,0,33.5,34.83,26.35,46.83,1.33,3.97,1
2720,Bangalore,Sarjapur Road,3,BHK,1803.801859,Dealer,1,1,1,130.0,124.9,76.28,145.77,5.1,3.92,1
14731,Kolkata,Rajarhat,2,BHK,855.1225127,Dealer,0,1,1,52.0,35.51,24.59,49.88,16.49,31.71,0
18865,Guwahati,Garchuk,2,BHK,921.4830971,Dealer,0,0,1,33.8,32.52,29.12,40.38,1.28,3.79,1
14502,Bhiwadi,Alwar Bypass Road,2,BHK,1144.9942460000002,Dealer,0,1,1,19.9,29.5,18.9,44.42,9.6,48.24,1
2368,Bangalore,Begur Road,2,BHK,1235.087719,Dealer,1,0,1,88.0,79.73,56.98,90.28,8.27,9.4,1
11163,Ghaziabad,Raj Nagar Extension,3,BHK,1423.69727,Dealer,1,1,1,45.9,50.23,39.09,60.95,4.33,9.43,1
18561,Bangalore,Devanahalli,2,BHK,1189.767995,Dealer,0,1,1,60.0,64.38,44.96,93.86,4.38,7.3,1
11614,Lalitpur,Chembur,2,BHK,920.568122,Dealer,1,0,1,140.0,174.05,135.79,245.95,34.05,24.32,1
1763,Mumbai,Malad (West),2,BHK,1110.053917,Dealer,0,1,1,210.0,171.56,142.15,209.44,38.44,18.3,0
2315,Bangalore,Sanjeevini Nagar,3,BHK,2000.0,Owner,0,1,1,90.0,152.43,90.36,237.51,62.43,69.37,0
18117,Lalitpur,Ulwe,1,BHK,710.0209779,Dealer,0,1,1,44.0,59.82,25.22,105.59,15.82,35.95,1
5572,Bangalore,Gunjur,2,BHK,1244.997777,Owner,0,1,1,56.0,71.43,50.03,91.91,15.43,27.55,1
27460,Jodhpur,Sardarpura,1,BHK,345.0154349,Owner,1,0,1,19.0,22.88,6.48,20.68,3.88,20.42,1
23433,Kolkata,Tollygunge,4,BHK,1300.108342,Owner,0,1,1,48.0,76.92,42.57,92.42,28.92,60.25,1
6245,Mohali,Sector-113 Mohali,3,BHK,1638.088289,Dealer,1,0,1,44.9,70.2,48.28,102.2,25.3,56.35,0
14576,Mumbai,Sector-18 Ulwe,2,BHK,1115.1379980000002,Dealer,1,0,1,80.0,103.5,82.22,149.38,23.5,29.38,0
17936,Noida,sector-121 Noida,4,BHK,4400.5867450000005,Dealer,0,0,1,330.0,325.95,154.8,387.14,4.05,1.23,1
24119,Lalitpur,Palava city,2,BHK,863.9648131000001,Dealer,0,1,1,55.0,110.14,47.43,174.36,55.14,100.25,1
1652,Faridabad,Sector 2 Faridabad,3,BHK,1800.055386,Owner,0,1,1,65.0,60.67,48.06,92.23,4.33,6.66,1
12895,Gurgaon,Sector-66 Gurgaon,3,BHK,1815.293851,Dealer,0,1,1,160.0,133.94,96.17,151.02,26.06,16.29,0
11734,Noida,Hajipur,2,BHK,979.0550414,Dealer,0,1,1,20.1,43.62,26.35,57.31,23.52,117.01,0
14937,Pune,Balewadi,3,BHK,2545.008955,Dealer,1,1,1,270.0,196.88,153.28,338.09,73.12,27.08,1
2509,Visakhapatnam,Pedagantyada,3,BHK,1412.133891,Dealer,0,0,1,54.0,62.57,40.52,73.55,8.57,15.87,1
5356,Noida,Sector-70 Noida,1,BHK,287.9970271,Owner,0,1,1,31.0,23.09,10.79,20.44,7.91,25.52,0
6761,Palakkad,Kunathurmedu,3,BHK,1900.337838,Owner,0,1,1,90.0,98.99,64.33,123.38,8.99,9.99,1
14173,Pune,Keshav Nagar,3,BHK,1000.0,Dealer,1,1,1,100.0,72.85,26.18,103.15,27.15,27.15,1
8414,Lalitpur,Mihan,2,BHK,1301.960784,Dealer,1,1,1,16.6,143.34,62.05,209.25,126.74,763.49,0
29075,Bangalore,Rajarajeshwari Nagar,3,BHK,1309.9556630000002,Owner,0,1,1,65.0,71.58,50.99,100.64,6.58,10.12,1
11627,Bahadurgarh,Sector-15 Bahadurgarh,2,BHK,1338.055884,Dealer,0,1,1,34.0,38.68,28.41,68.54,4.68,13.76,1
26281,Aurangabad,Padegaon,1,BHK,600.0857265,Builder,0,1,0,14.0,20.04,11.13,26.17,6.04,43.14,1
15207,Chennai,Ambattur,2,BHK,850.1594049,Owner,0,1,1,40.0,39.18,25.99,55.83,0.82,2.05,1
19711,Bangalore,Kasavanhalli,2,BHK,977.0713912999998,Dealer,0,1,1,75.0,51.12,35.18,69.08,23.88,31.84,0
12945,Mumbai,Ulwe,2,BHK,1116.0431199999998,Dealer,1,1,1,88.0,101.0,82.43,149.38,13.0,14.77,1
9882,Chandigarh,Zirakpur,4,BHK,2485.0,Dealer,1,0,1,99.4,103.14,90.7,130.56,3.74,3.76,1
25337,Bangalore,9th Phase JP Nagar,3,BHK,1719.251842,Owner,0,1,1,91.0,117.25,71.39,164.72,26.25,28.85,1
7219,Bangalore,Devanahalli,2,BHK,1400.070004,Owner,0,1,1,80.0,73.91,54.85,102.29,6.09,7.61,1
20928,Pune,Tukaram Nagar,2,BHK,1175.015461,Dealer,0,1,1,95.0,65.42,61.27,99.46,29.58,31.14,1
16970,Bangalore,Michael Palaya,3,BHK,2438.2314690000003,Dealer,0,0,1,300.0,327.76,90.4,266.06,27.76,9.25,0
16818,Surat,Althan Canel Road,3,BHK,1740.020471,Owner,0,1,1,85.0,70.5,53.52,80.07,14.5,17.06,0
5071,Ghaziabad,Ahinsa Khand 2,3,BHK,1975.308642,Dealer,0,1,1,80.0,124.44,68.43,165.15,44.44,55.55,1
19156,Lucknow,Uttardhauna,3,BHK,2339.393939,Dealer,0,1,1,77.2,133.43,88.61,249.31,56.23,72.84,0
3132,Gurgaon,Sector-66 Gurgaon,4,BHK,2324.443357,Dealer,1,1,1,190.0,180.19,120.99,211.39,9.81,5.16,1
17402,Gurgaon,Sector-70 Gurgaon,1,BHK,315.0,Dealer,1,0,0,12.6,19.84,13.89,44.97,7.24,57.46,0
19634,Gurgaon,Sector-60 Gurgaon,3,BHK,1714.9717030000002,Owner,1,1,1,200.0,142.88,83.72,129.05,57.12,28.56,0
23243,Bangalore,Judicial Layout,3,BHK,1150.146382,Owner,0,1,1,55.0,62.52,45.49,83.81,7.52,13.67,1
21788,Pune,Wagholi,1,BHK,637.807377,Dealer,1,1,1,24.9,34.67,30.04,48.55,9.77,39.24,0
16760,Ranchi,Lowadih,3,BHK,1585.014409,Owner,0,1,1,66.0,57.88,39.41,74.95,8.12,12.3,1
12466,Pune,Baner,2,BHK,1183.151917,Owner,0,1,1,75.0,81.16,60.17,96.94,6.16,8.21,1
21537,Sonipat,Kundli,4,BHK,1460.209297,Owner,0,1,1,60.0,46.28,32.53,83.45,13.72,22.87,1
13144,Lalitpur,Kharghar,1,BHK,720.0837916,Dealer,1,0,1,55.0,58.66,27.77,104.76,3.66,6.65,1
23898,Bangalore,Kanakpura Road,2,BHK,996.0159363,Dealer,0,1,1,40.0,50.97,35.68,69.08,10.97,27.42,1
22817,Jamnagar,Khodiyar Colony,2,BHK,1100.034376,Owner,0,1,1,32.0,29.9,22.24,46.72,2.1,6.56,1
10157,Bangalore,Basapura,3,BHK,1904.761905,Owner,0,1,1,100.0,112.9,81.49,144.65,12.9,12.9,1
29375,Nanded,Wadi Bk,2,BHK,1200.171453,Owner,0,1,1,28.0,44.62,28.61,64.1,16.62,59.36,0
2226,Mumbai,panvel,1,BHK,750.0750075,Dealer,0,0,1,50.0,39.95,32.54,84.77,10.05,20.1,1
13573,Lalitpur,Powai,3,BHK,1805.054152,Dealer,1,1,1,340.0,414.35,231.78,474.17,74.35,21.87,1
22709,Pune,Lohegaon,1,BHK,725.0880463999999,Owner,0,1,1,35.0,33.03,24.95,44.38,1.97,5.63,1
10949,Pune,Chikhali,2,BHK,880.195599,Dealer,1,0,1,36.0,58.28,37.4,72.78,22.28,61.89,0
28640,Visakhapatnam,Chinnamusidivada,4,BHK,1800.0,Dealer,0,1,1,45.0,94.75,58.08,142.57,49.75,110.56,0
26372,Bangalore,Basava Nagar,3,BHK,1971.830986,Dealer,0,1,1,140.0,149.19,90.24,222.96,9.19,6.56,1
253,Noida,sector-121 Noida,2,BHK,1075.027996,Dealer,0,1,1,48.0,53.36,38.17,61.5,5.36,11.17,1
24277,Noida,sector-121 Noida,3,BHK,1695.274423,Dealer,0,1,1,80.0,94.29,68.98,121.54,14.29,17.86,1
623,Rajkot,Raiya Road,2,BHK,549.7771174,Owner,0,1,1,18.5,23.93,13.97,38.54,5.43,29.35,1
27133,Chennai,Villivakkam,2,BHK,1184.30792,Owner,0,1,1,32.0,64.54,45.27,108.29,32.54,101.69,0
9428,Rohtak,Sector - 35 Rohtak,3,BHK,1259.731069,Owner,0,1,1,35.6,34.33,23.4,50.52,1.27,3.57,1
22670,Pune,Tathawade,2,BHK,884.1036414999999,Dealer,0,0,1,50.5,50.6,39.98,72.17,0.1,0.2,1
22829,Chandigarh,Zirakpur,3,BHK,1883.767535,Dealer,1,1,1,84.6,66.59,55.24,79.94,18.01,21.29,0
15242,Pune,Kothrud,2,BHK,1100.046318,Dealer,0,1,1,95.0,84.09,59.99,101.1,10.91,11.48,1
9298,Bangalore,Binny Pete,3,BHK,2393.031492,Owner,1,1,1,250.0,228.31,110.36,349.82,21.69,8.68,1
18367,Gandhinagar,Sardar Patel Stadium,2,BHK,1053.001053,Owner,0,1,1,60.0,27.31,21.17,49.51,32.69,54.48,0
11941,Jalgaon,Ayodhya Nagar,2,BHK,769.8229407,Owner,0,1,1,30.0,43.0,16.2,36.22,13.0,43.33,1
25696,Noida,Sector-77 Noida,2,BHK,955.1623432,Dealer,0,1,1,55.6,41.09,27.66,53.79,14.51,26.1,0
28227,Bangalore,Konanakunte,3,BHK,1567.234354,Dealer,1,0,1,150.0,113.68,74.08,141.55,36.32,24.21,0
28622,Mumbai,Miragaon,2,BHK,990.0135618,Dealer,1,0,1,80.3,119.82,58.27,218.39,39.52,49.22,1
28760,Lalitpur,Sector-50 Seawoods,5,BHK,3096.528315,Dealer,1,1,1,520.0,428.9,165.49,761.77,91.1,17.52,1
7606,Mohali,Sector-70 Mohali,3,BHK,1895.043732,Dealer,0,1,1,130.0,110.76,58.79,131.01,19.24,14.8,1
21391,Bhiwadi,Alwar Bhiwadi Road,2,BHK,1149.865849,Owner,0,1,1,30.0,33.35,23.43,53.83,3.35,11.17,1
5442,Vadodara,Pratham Upvan,3,BHK,1600.232761,Owner,1,0,1,55.0,46.54,36.98,81.65,8.46,15.38,1
19546,Ghaziabad,Raj Nagar Extension,2,BHK,795.1963647999999,Owner,1,1,1,24.5,24.28,17.11,37.86,0.22,0.9,1
1485,Lalitpur,Andheri (West),1,BHK,270.0049092,Dealer,0,1,1,110.0,157.59,46.57,157.14,47.59,43.26,1
17362,Lalitpur,Kolshet Road,2,BHK,472.0207963,Dealer,0,1,1,69.0,95.61,41.1,136.07,26.61,38.57,1
20633,Jaipur,Mansarovar Extension,4,BHK,2247.769389,Dealer,1,1,1,65.5,97.28,68.82,163.79,31.78,48.52,0
24142,Jaipur,Chitrakoot,3,BHK,1291.364003,Dealer,0,0,1,32.0,38.77,28.94,56.54,6.77,21.16,1
12521,Chandigarh,Zirakpur,3,BHK,1689.655172,Dealer,0,1,1,53.9,63.35,46.85,78.84,9.45,17.53,1
8704,Chennai,Pammal,2,BHK,851.3513514,Dealer,0,1,1,31.5,40.3,31.32,60.11,8.8,27.94,1
1725,Bangalore,Kanaka Nagar,4,BHK,3632.589517,Dealer,0,1,1,280.0,296.31,244.92,498.47,16.31,5.82,1
7820,Jaipur,Bais Godam,1,BHK,700.280112,Owner,0,1,1,15.0,19.4,12.37,34.31,4.4,29.33,1
4025,Indore,Piplya Kumar,4,BHK,2678.874195,Owner,1,1,1,79.0,74.11,66.12,167.95,4.89,6.19,1
469,Bangalore,Talaghattapura,3,BHK,2708.070049,Dealer,1,1,1,300.0,265.23,151.44,336.46,34.77,11.59,1
7626,Lalitpur,Sector-8 Ulwe,3,BHK,1470.7684769999998,Dealer,0,1,1,120.0,200.5,152.1,306.37,80.5,67.08,0
19135,Nagpur,Narendra Nagar,3,BHK,1400.0,Dealer,0,1,1,63.0,62.14,40.38,94.14,0.86,1.37,1
15842,Indore,Bicholi Hapsi,3,BHK,2082.352941,Dealer,1,0,1,70.8,89.45,64.14,143.0,18.65,26.34,1
714,Ghaziabad,Aditya World City,3,BHK,1600.0,Owner,0,1,1,60.0,70.3,47.3,89.07,10.3,17.17,1
28134,Bangalore,Thubarahalli,3,BHK,2090.4882780000003,Owner,0,1,1,140.0,155.2,92.72,228.24,15.2,10.86,1
23426,Surat,Bhimrad,2,BHK,1252.13432,Owner,1,0,1,44.0,36.18,32.29,50.26,7.82,17.77,1
20306,Jaipur,Kamla Nehru Nagar,2,BHK,1080.0,Owner,0,1,1,27.0,34.27,27.07,59.87,7.27,26.93,0
28036,Chandigarh,Zirakpur,3,BHK,2559.925529,Dealer,0,0,1,110.0,127.67,94.82,170.02,17.67,16.06,1
10426,Mohali,Sector-115 Mohali,2,BHK,1071.428571,Dealer,0,1,1,24.9,27.93,20.86,57.35,3.03,12.17,1
19162,Chandigarh,Zirakpur,2,BHK,1260.075228,Dealer,1,1,1,46.9,43.1,36.67,53.54,3.8,8.1,1
4752,Mumbai,New Panvel,3,BHK,755.5723461,Dealer,1,1,0,100.0,61.39,50.77,133.93,38.61,38.61,1
12470,Lalitpur,Taloja,2,BHK,940.0705053,Dealer,0,1,1,40.0,107.1,50.11,171.04,67.1,167.75,0
23584,Maharashtra,Ambernath East,2,BHK,381.7768947,Builder,1,0,0,26.9,31.85,13.51,72.98,4.95,18.4,1
9803,Gandhinagar,Sardar Patel Stadium,2,BHK,1020.176831,Owner,0,1,1,45.0,27.22,21.66,46.54,17.78,39.51,1
11081,Pune,Undri,2,BHK,1043.980453,Dealer,1,1,1,47.0,59.23,52.22,82.23,12.23,26.02,0
25850,Bangalore,Electronic City,3,BHK,1500.093756,Owner,0,1,1,80.0,74.96,56.29,104.42,5.04,6.3,1
22510,Meerut,Modipuram,2,BHK,1096.067054,Owner,0,1,1,34.0,32.09,22.42,49.01,1.91,5.62,1
11967,Patna,Digha,2,BHK,1205.0984939999998,Owner,0,1,1,52.0,47.72,28.19,66.32,4.28,8.23,1
2571,Chandigarh,Zirakpur,3,BHK,1504.651163,Owner,1,0,1,64.7,58.03,43.95,71.33,6.67,10.31,1
19029,Gandhinagar,Sughad,2,BHK,1152.263374,Dealer,0,1,1,28.0,32.9,25.72,68.51,4.9,17.5,1
7530,Bangalore,Whitefield,3,BHK,1670.92589,Dealer,0,1,1,170.0,109.49,76.02,144.22,60.51,35.59,0
24874,Latur,Dadoji Kondadev nagar,2,BHK,1050.119332,Owner,0,1,1,22.0,38.83,27.04,52.87,16.83,76.5,0
23614,Gandhinagar,Kudasan,2,BHK,1305.158484,Dealer,0,1,1,63.0,43.83,31.38,67.25,19.17,30.43,1
24895,Nagpur,Gotal Pajri,3,BHK,1016.702977,Owner,1,1,1,28.0,44.87,29.42,63.37,16.87,60.25,0
25936,Neemrana,NH-8,1,BHK,465.0441791999999,Owner,0,1,1,30.0,19.73,8.26,30.4,10.27,34.23,1
22294,Bangalore,Vijaya Bank Layout,3,BHK,1625.025391,Owner,0,1,1,80.0,94.44,71.06,125.72,14.44,18.05,1
23696,Ratnagiri,Aroyga mandir,1,BHK,690.0878294,Owner,0,1,1,22.0,26.14,18.51,31.23,4.14,18.82,1
17989,Maharashtra,Ghodbunder Road,1,BHK,718.9468947,Dealer,1,1,0,63.9,73.88,37.26,108.2,9.98,15.62,1
5404,Pune,Hinjewadi,2,BHK,760.005578,Dealer,1,0,1,54.5,51.76,39.64,69.55,2.74,5.03,1
12024,Lalitpur,Lokhandwala Kandivali East,2,BHK,1044.008995,Dealer,0,1,1,130.0,153.79,130.29,170.46,23.79,18.3,0
7457,Chennai,Semmenchery,1,BHK,536.0443623,Dealer,0,1,1,29.0,33.1,22.62,44.93,4.1,14.14,1
28612,Chennai,Kodungaiyur,3,BHK,1546.072975,Owner,0,1,1,75.0,103.53,67.43,195.08,28.53,38.04,1
2883,Noida,Sector-45 Noida,3,BHK,1800.5540170000002,Dealer,0,1,1,52.0,100.34,70.8,133.68,48.34,92.96,0
25285,Mumbai,Thane West,2,BHK,915.0326797,Dealer,1,0,1,91.0,115.38,80.08,150.12,24.38,26.79,1
16961,Lucknow,Sushant Golf City,1,BHK,795.0028392999999,Dealer,1,0,1,28.0,27.12,20.07,49.99,0.88,3.14,1
24616,Kolkata,Barasat,3,BHK,1020.842195,Owner,0,1,1,24.0,38.54,27.03,50.98,14.54,60.58,0
3863,Indore,Mahalakshmi Nagar,3,BHK,1844.117647,Dealer,1,0,1,62.7,67.7,51.15,100.0,5.0,7.97,1
24901,Chandigarh,Zirakpur,3,BHK,1776.859504,Dealer,1,0,1,55.9,63.78,53.81,79.39,7.88,14.1,1
8280,Chandigarh,Zirakpur,3,BHK,1489.108911,Dealer,1,0,0,75.2,57.0,44.17,64.75,18.2,24.2,0
22994,Pune,Undri,4,BHK,2035.179532,Dealer,0,1,1,140.0,162.33,102.73,241.33,22.33,15.95,1
20737,Ghaziabad,Sector-3 Vaishali,4,BHK,2137.103403,Dealer,1,1,1,130.0,127.64,68.11,182.77,2.36,1.82,1
689,Kochi,Kaloor,3,BHK,1352.169526,Owner,0,1,1,67.0,68.42,47.57,93.54,1.42,2.12,1
6528,Ghaziabad,Sahibabad,3,BHK,1629.99185,Owner,0,1,1,80.0,78.41,52.04,105.95,1.59,1.99,1
15813,Noida,Sector-79 Noida,3,BHK,1652.619402,Dealer,1,1,1,100.0,83.17,69.75,110.16,16.83,16.83,1
19778,Lalitpur,Dhokali,2,BHK,769.9796442,Dealer,0,1,1,87.0,112.75,47.25,175.36,25.75,29.6,1
1300,Bangalore,Sarjapur Road,4,BHK,2107.873528,Dealer,1,1,1,170.0,122.91,86.32,193.69,47.09,27.7,1
19188,Noida,Sector-75 Noida,3,BHK,1396.382101,Dealer,1,1,1,44.0,64.25,46.97,81.6,20.25,46.02,0
17537,Raigad,Neral,1,BHK,420.8416834,Owner,0,1,1,21.0,19.45,10.03,23.96,1.55,7.38,1
24579,Lucknow,Vrindavan Colony,3,BHK,1775.0258,Dealer,1,1,1,86.0,113.66,83.19,205.3,27.66,32.16,1
5680,Bhiwani,Trehan Delight Residencies,2,BHK,749.8897221,Owner,0,1,1,17.0,16.6,14.96,34.14,0.4,2.35,1
27174,Kolkata,Sakher Bazar,3,BHK,1104.761905,Dealer,0,0,1,34.8,50.62,33.36,67.93,15.82,45.46,1
6501,Mumbai,Sector-8 Kharghar,2,BHK,1000.0,Dealer,0,1,1,90.0,81.44,77.63,116.25,8.56,9.51,1
6470,Mohali,Sector-66 Mohali,2,BHK,2000.0,Dealer,0,1,1,63.0,79.54,57.09,152.3,16.54,26.25,1
26893,Maharashtra,Bevarly Park,2,BHK,1015.02233,Dealer,0,1,1,75.0,103.88,78.75,153.47,28.88,38.51,0
10456,Lalitpur,Sector 20 Kamothe,1,BHK,620.0758681,Dealer,0,1,1,42.5,57.76,31.12,70.6,15.26,35.91,1
19356,Faridabad,Sector 88 Faridabad,2,BHK,1250.0,Dealer,0,1,1,39.0,45.15,37.36,48.5,6.15,15.77,1
28652,Kolkata,Hazra Road,3,BHK,2800.0,Dealer,0,1,1,280.0,239.01,125.99,340.0,40.99,14.64,1
25395,Chennai,Chromepet,1,BHK,683.0601092999999,Owner,1,1,1,35.0,34.23,29.03,46.06,0.77,2.2,1
28191,Amravati,Near Rajapeth,2,BHK,1396.484375,Owner,0,1,1,42.9,44.04,28.79,60.49,1.14,2.66,1
6112,Lalitpur,Khar West,3,BHK,1292.01053,Dealer,1,1,1,800.0,609.82,196.92,710.39,190.18,23.77,0
21446,Chandigarh,Zirakpur,3,BHK,1620.062139,Dealer,0,1,1,36.5,55.61,39.29,75.0,19.11,52.36,0
21816,Noida,Sector-75 Noida,2,BHK,1185.068141,Dealer,1,1,1,60.0,55.18,46.07,74.39,4.82,8.03,1
9165,Raigad,Nagothane,2,BHK,1000.0,Owner,1,0,1,40.0,43.49,27.53,57.9,3.49,8.73,1
12456,Bangalore,Yeshwanthpur,3,BHK,1801.152738,Dealer,0,1,1,150.0,134.94,81.29,193.82,15.06,10.04,1
19922,Mumbai,Dhokali,1,BHK,590.0202293,Dealer,0,1,1,70.0,47.06,20.62,98.72,22.94,32.77,1
28144,Pune,Kharadi,2,BHK,1499.9147779999998,Dealer,0,0,1,88.0,102.16,64.6,151.68,14.16,16.09,1
5513,Noida,Sector-44 Noida,4,BHK,3107.734807,Owner,0,1,1,270.0,261.24,139.69,346.21,8.76,3.24,1
20960,Surat,Jahangirabad,1,BHK,676.3636364,Dealer,1,0,1,18.6,20.45,16.55,33.97,1.85,9.95,1
20090,Udupi,Manipal,3,BHK,3200.59546,Owner,0,0,1,86.0,160.22,99.47,201.94,74.22,86.3,0
6953,Nagpur,Khadgaon,1,BHK,666.0706303,Owner,0,1,1,14.9,26.93,12.09,40.21,12.03,80.74,1
14741,Lalitpur,Sector-6A Kamothe,2,BHK,1560.190507,Dealer,0,1,1,95.0,139.87,65.05,252.37,44.87,47.23,1
26901,Noida,Sector-137 Noida,3,BHK,1295.057198,Dealer,1,1,1,60.0,55.89,43.23,77.95,4.11,6.85,1
6850,Ajmer,Kotra,2,BHK,1010.10101,Owner,0,1,1,26.0,33.16,21.22,39.02,7.16,27.54,1
1393,Vapi,Chala,2,BHK,920.6798867,Owner,0,1,1,26.0,19.24,15.04,46.69,6.76,26.0,1
14726,Bangalore,Suraksha Nagar,2,BHK,904.1295252,Dealer,0,1,1,49.7,40.9,25.64,54.92,8.8,17.71,1
2458,Bangalore,BEML Layout,3,BHK,2104.457624,Dealer,0,1,1,110.0,159.39,100.81,253.51,49.39,44.9,1
21653,Palghar,Palghar,1,BHK,438.1505689,Dealer,1,1,1,18.1,11.06,10.36,37.78,7.04,38.9,1
11581,Kolhapur,Kadamwadi,2,BHK,1000.0,Owner,0,1,1,48.0,38.65,25.96,53.53,9.35,19.48,1
5855,Mangalore,Bolar,4,BHK,2278.571429,Dealer,1,0,1,95.7,117.12,77.99,171.89,21.42,22.38,1
26111,Bangalore,Jalahalli,3,BHK,1572.821642,Dealer,1,0,1,100.0,110.82,74.83,154.24,10.82,10.82,1
8971,Indore,Mahalakshmi Nagar,3,BHK,2230.0,Dealer,0,1,1,66.9,90.81,61.5,161.16,23.91,35.74,1
19595,Bangalore,Electronics City Phase 1,2,BHK,957.1013502,Dealer,1,1,1,56.0,47.8,32.72,60.56,8.2,14.64,1
23649,Chennai,Karapakkam,3,BHK,1296.023564,Dealer,0,1,1,88.0,76.72,48.81,109.52,11.28,12.82,1
22340,Maharashtra,Balkum,2,BHK,910.00091,Dealer,1,1,1,100.0,94.53,79.71,127.3,5.47,5.47,1
20659,Lalitpur,Ghatla,2,BHK,670.0035471,Dealer,0,1,1,170.0,105.88,41.76,160.9,64.12,37.72,0
11241,Raigad,Pen,3,BHK,919.9632015,Owner,0,1,1,30.0,36.38,31.83,60.76,6.38,21.27,0
26189,Vadodara,Pratap Nagar,2,BHK,900.4237287999998,Owner,0,1,1,17.0,24.06,18.07,32.89,7.06,41.53,0
15955,Bangalore,7th Phase JP Nagar,2,BHK,1073.799297,Dealer,0,1,1,55.0,63.09,43.9,70.46,8.09,14.71,1
26464,Kolkata,Garia,2,BHK,980.0427655,Owner,0,1,1,55.0,43.19,28.87,51.12,11.81,21.47,0
28072,Vellore,Arni Road,3,BHK,1177.005226,Dealer,0,1,1,51.8,47.48,30.92,73.49,4.32,8.34,1
5564,Mohali,Sector-121 Mohali,3,BHK,2295.157218,Dealer,1,1,1,100.0,115.68,83.08,143.16,15.68,15.68,1
27760,Kolkata,New Garia,2,BHK,851.0638298,Dealer,0,1,1,28.0,30.52,23.18,48.87,2.52,9.0,1
21953,Mumbai,Mulund (West),1,BHK,605.073307,Dealer,1,1,0,130.0,84.46,77.17,111.52,45.54,35.03,0
435,Mumbai,Sector 19 Ulwe,1,BHK,654.9646319,Dealer,1,1,1,50.0,55.21,43.77,83.12,5.21,10.42,1
28205,Noida,Sector-168 Noida,3,BHK,1415.09434,Owner,1,0,1,75.0,69.01,55.15,83.52,5.99,7.99,1
14693,Chandigarh,Zirakpur,4,BHK,2187.878788,Dealer,1,1,0,72.2,76.55,67.37,118.77,4.35,6.02,1
7548,Bangalore,Byadarahalli,4,BHK,3499.930001,Dealer,0,1,1,500.0,334.39,225.47,546.69,165.61,33.12,1
2769,Bangalore,Wheelers Road,8,BHK,2720.0,Owner,0,1,1,170.0,270.92,97.26,259.79,100.92,59.36,1
5705,Varanasi,Canttonment,2,BHK,991.056321,Dealer,0,1,1,82.0,35.71,21.92,47.86,46.29,56.45,0
19119,Vadodara,Sama Savli Road,2,BHK,1200.252685,Owner,0,1,1,38.0,33.67,24.33,45.25,4.33,11.39,1
12177,Lalitpur,Manpada,3,BHK,1303.538175,Dealer,1,1,1,140.0,192.68,66.67,268.92,52.68,37.63,1
13629,Nagpur,Shri Hari Nagar,2,BHK,1063.100137,Owner,0,1,1,31.0,41.16,21.92,48.6,10.16,32.77,1
1879,Jaipur,Vaishali Nagar,3,BHK,1500.0,Dealer,0,0,1,42.0,51.64,34.41,74.1,9.64,22.95,1
20001,Noida,Sector-143 Noida,2,BHK,1114.413076,Owner,1,1,1,45.0,48.89,47.48,67.21,3.89,8.64,0
11487,Lalitpur,Vartak Nagar,1,BHK,353.72691289999995,Dealer,1,0,0,42.9,52.0,22.52,63.15,9.1,21.21,1
126,Faridabad,Sector 82 Faridabad,3,BHK,2135.748916,Dealer,0,1,1,83.7,75.53,57.61,137.08,8.17,9.76,1
455,Mumbai,New Panvel,1,BHK,411.1662322,Dealer,1,1,0,48.9,39.04,26.0,62.92,9.86,20.16,1
8634,Jaipur,Mansarovar,3,BHK,1036.10675,Dealer,0,1,1,33.0,32.61,21.06,45.14,0.39,1.18,1
1617,Lalitpur,Karanjade,1,BHK,570.018717,Dealer,0,0,1,33.5,54.7,23.71,79.79,21.2,63.28,1
7632,Ghaziabad,Raj Nagar Extension,3,BHK,1585.288523,Owner,0,1,1,75.0,60.22,39.96,73.98,14.78,19.71,0
15908,Maharashtra,Cine wandar mall,3,BHK,1250.0,Dealer,0,1,1,160.0,288.13,185.44,349.24,128.13,80.08,0
22636,Lalitpur,Chembur (East),3,BHK,1650.077181,Dealer,0,1,1,310.0,325.82,219.48,420.57,15.82,5.1,1
21547,Indore,Kanadia Road,1,BHK,550.0,Owner,0,1,1,11.0,10.15,10.73,21.26,0.85,7.73,1
6040,Mumbai,Chembur,2,BHK,809.9625392,Dealer,0,1,1,160.0,174.64,130.35,238.57,14.64,9.15,1
13926,Faridabad,Sector 86 Faridabad,2,BHK,592.0078934,Dealer,1,1,1,24.0,21.31,20.82,27.72,2.69,11.21,1
14214,Maharashtra,Ranjanpada,2,BHK,1227.147508,Dealer,0,1,1,98.0,181.02,104.06,370.52,83.02,84.71,0
15253,Mathura,Vishwalaxmi Nagar,2,BHK,715.9127887999999,Owner,0,1,1,22.0,21.92,12.9,36.36,0.08,0.36,1
27417,Lalitpur,Ambernath East,1,BHK,730.0636466,Dealer,1,1,1,39.0,63.45,27.91,105.4,24.45,62.69,1
24004,Maharashtra,Kandivali (East),2,BHK,907.6606559,Dealer,0,1,1,150.0,152.56,116.64,171.84,2.56,1.71,1
10450,Kolkata,Bagha Jatin,3,BHK,1250.0,Owner,0,1,1,70.0,63.19,40.1,74.0,6.81,9.73,1
21828,Noida,Sector-110 Noida,4,BHK,6000.774293,Dealer,0,1,1,310.0,567.81,216.36,876.64,257.81,83.16,1
19748,Mumbai,Vile Parle (West),4,BHK,3000.035295,Dealer,0,1,1,850.0,978.02,326.73,1143.23,128.02,15.06,1
18133,Noida,Sector-73 Noida,2,BHK,800.0,Owner,0,1,1,32.0,38.91,28.21,47.21,6.91,21.59,1
21250,Jaipur,Sirsi Road,3,BHK,1150.019897,Dealer,0,1,1,28.9,33.26,19.73,57.73,4.36,15.09,1
14074,Surat,Palanpur,3,BHK,1585.014409,Dealer,1,1,1,55.0,48.78,42.68,70.08,6.22,11.31,1
10913,Bangalore,Electronic City,2,BHK,1100.244499,Owner,0,1,1,36.0,47.84,36.71,65.48,11.84,32.89,0
20979,Vadodara,Bhayli,2,BHK,1250.0,Owner,0,1,1,31.0,37.41,27.39,46.75,6.41,20.68,1
11390,Meerut,Modipuram,2,BHK,1010.10101,Owner,1,1,1,32.0,31.39,22.57,44.42,0.61,1.91,1
15389,Ghaziabad,Shalimar Garden Extension I,2,BHK,948.3394833999998,Dealer,0,1,1,25.7,32.67,24.19,52.79,6.97,27.12,1
8511,Faridabad,Sector 84 Faridabad,4,BHK,1306.2409289999998,Dealer,1,1,1,54.0,59.72,40.61,62.33,5.72,10.59,1
2095,Kolkata,Garia,2,BHK,894.2857142999999,Dealer,0,1,1,31.3,36.77,25.4,53.11,5.47,17.48,1
23244,Nagpur,Manish Nagar,2,BHK,800.0,Owner,0,1,1,32.0,31.48,19.37,47.28,0.52,1.62,1
7965,Aurangabad,Mitmita,2,BHK,761.0993658,Owner,0,1,1,18.0,31.48,18.09,41.36,13.48,74.89,0
21414,Bhilai,Nehru Nagar,3,BHK,1500.214316,Owner,0,1,1,35.0,52.6,33.35,69.04,17.6,50.29,1
23175,Mumbai,Kharghar,2,BHK,1104.850293,Dealer,1,0,1,100.0,100.73,83.08,125.38,0.73,0.73,1
18346,Faridabad,Sector 75 Faridabad,3,BHK,1766.253288,Dealer,0,1,1,47.0,61.63,47.31,74.22,14.63,31.13,0
16268,Bangalore,Jalahalli,2,BHK,1020.042949,Dealer,0,1,1,57.0,55.54,39.29,81.83,1.46,2.56,1
19064,Lalitpur,Kolshet Industrial Area,2,BHK,598.0265125,Dealer,0,0,1,120.0,90.99,43.71,120.14,29.01,24.18,1
15565,Pune,Pashan,2,BHK,1250.0,Dealer,0,0,1,82.0,101.52,68.03,113.28,19.52,23.8,1
20722,Vadodara,Makarpura,2,BHK,1100.187266,Owner,0,1,1,23.5,31.13,21.56,38.29,7.63,32.47,1
10384,Guwahati,Beltola,2,BHK,933.0985915,Dealer,0,1,1,53.0,33.41,29.28,49.42,19.59,36.96,0
13619,Bangalore,Channasandra,3,BHK,1409.910844,Dealer,0,1,1,68.0,75.9,59.28,111.24,7.9,11.62,1
9422,Chennai,Navalur,4,BHK,2020.930233,Dealer,1,1,0,86.9,117.11,81.97,218.29,30.21,34.76,1
7229,Kolkata,Salt Lake,3,BHK,1550.137252,Dealer,0,1,1,96.0,93.17,55.02,142.46,2.83,2.95,1
17579,Indore,AB Bypass Road,4,BHK,1564.945227,Dealer,0,1,1,40.0,99.49,47.8,130.98,59.49,148.72,0
15658,Mohali,Dhakoli,3,BHK,1580.521145,Dealer,1,0,1,37.0,65.5,46.07,77.09,28.5,77.03,0
22109,Bangalore,Chennammanakere Achukattu,2,BHK,1099.943106,Owner,0,1,1,58.0,58.69,39.44,75.72,0.69,1.19,1
13645,Kolkata,Sector V - Salt Lake,3,BHK,1814.442966,Dealer,0,0,1,150.0,122.36,72.1,185.34,27.64,18.43,1
8485,Surat,Vesu,4,BHK,4067.520846,Owner,0,1,1,200.0,268.89,138.1,270.88,68.89,34.44,1
8826,Lalitpur,DN Nagar,1,BHK,406.3088686,Dealer,0,1,1,110.0,40.73,22.92,73.18,69.27,62.97,0
20092,Noida,Sector-74 Noida,2,BHK,930.1538982,Owner,1,1,1,55.0,44.77,33.56,52.8,10.23,18.6,0
8063,Noida,Sector-77 Noida,2,BHK,988.2352941,Dealer,1,1,0,50.4,42.22,30.61,60.16,8.18,16.23,1
22852,Mumbai,Sector-3 Ulwe,1,BHK,685.0272613,Dealer,1,1,1,49.0,55.31,36.96,82.6,6.31,12.88,1
12378,Jaipur,Tonk Road,3,BHK,1300.108342,Dealer,0,1,1,60.0,42.61,28.31,58.19,17.39,28.98,0
22999,Ghaziabad,Sector-9 Vaishali,1,BHK,600.0,Owner,0,1,1,36.0,34.87,15.04,36.58,1.13,3.14,1
12491,Chennai,Thiruporur,6,BHK,3200.0,Owner,0,1,1,80.0,247.92,157.63,446.52,167.92,209.9,0
3534,Bangalore,Horamavu,4,BHK,2040.353661,Owner,0,1,1,90.0,123.46,91.18,202.33,33.46,37.18,0
7014,Dehradun,Kulhan,1,BHK,925.1644737,Dealer,1,1,1,45.0,54.51,15.29,61.54,9.51,21.13,1
20653,Bangalore,Sultan Palaya,2,BHK,920.1324991,Owner,0,1,1,50.0,37.0,27.87,70.06,13.0,26.0,1
25295,Kanpur,Kidwai Nagar,3,BHK,1450.039547,Owner,0,1,1,55.0,58.64,36.1,75.44,3.64,6.62,1
19335,Maharashtra,Roadpali,3,BHK,1460.017969,Dealer,0,1,1,130.0,135.7,77.52,189.88,5.7,4.38,1
19449,Coimbatore,Vedapatti,1,BHK,325.0270856,Owner,0,1,1,18.0,20.23,8.29,20.43,2.23,12.39,1
17246,Dehradun,Mdda Colony,2,BHK,581.2545411,Owner,0,1,1,24.0,22.36,14.1,33.71,1.64,6.83,1
4,Ghaziabad,Sector-1 Vaishali,2,BHK,929.9211427,Owner,1,1,1,62.5,47.23,24.75,50.95,15.27,24.43,0
27903,Lalitpur,Panvel,2,BHK,1101.928375,Dealer,1,0,1,100.0,88.59,64.69,156.6,11.41,11.41,1
1644,Raigad,Alibaug,1,BHK,640.0,Owner,0,1,1,20.0,24.28,16.77,62.74,4.28,21.4,1
25384,Bangalore,Thanisandra,3,BHK,1917.004962,Dealer,0,1,1,170.0,133.09,92.18,184.19,36.91,21.71,1
11833,Pune,Wagholi,2,BHK,1067.104453,Dealer,0,1,1,52.0,58.22,48.98,86.14,6.22,11.96,1
6948,Chennai,Narayanapuram,2,BHK,1050.0718470000002,Owner,0,1,1,95.0,55.07,37.68,80.37,39.93,42.03,0
16774,Thrissur,Patturaickal,3,BHK,1389.205192,Dealer,0,1,1,61.0,63.35,41.55,78.12,2.35,3.85,1
24436,Kolkata,Action Area IID,3,BHK,2133.160957,Dealer,0,1,1,99.0,117.65,73.39,210.1,18.65,18.84,1
15852,Goa,Porvorim,2,BHK,1441.488665,Dealer,0,1,1,110.0,68.24,42.24,81.75,41.76,37.96,0
3417,Chandigarh,Zirakpur,3,BHK,1735.015773,Dealer,0,1,1,55.0,60.76,46.85,78.84,5.76,10.47,1
21058,Lalitpur,Mulund (West),3,BHK,1960.040465,Dealer,1,1,1,310.0,294.48,235.61,402.18,15.52,5.01,1
470,Lucknow,Sushant Golf City,1,BHK,410.0461302,Owner,1,1,1,16.0,18.73,10.17,21.48,2.73,17.06,1
17314,Noida,Sector-137 Noida,3,BHK,1660.280971,Owner,0,1,1,65.0,83.14,70.51,107.32,18.14,27.91,0
5920,Goa,Verem,2,BHK,6456.241033,Owner,0,1,1,45.0,105.5,19.64,402.85,60.5,134.44,1
28491,Bangalore,Uttarahalli,3,BHK,1405.05821,Owner,0,1,1,70.0,72.35,58.38,100.12,2.35,3.36,1
9531,Mumbai,Thane West,1,BHK,408.3059498,Dealer,1,0,0,58.4,69.66,52.13,72.15,11.26,19.28,1
23572,Aurangabad,Beed Bypass Road,2,BHK,759.9901937000001,Owner,0,1,1,31.0,28.92,17.67,41.36,2.08,6.71,1
14971,Pune,Hinjewadi,2,BHK,540.0,Owner,0,1,1,27.0,30.8,19.75,45.89,3.8,14.07,1
13311,Asansol,Court More,2,BHK,915.7368219,Dealer,0,1,1,23.8,26.18,17.79,38.36,2.38,10.0,1
4371,Kolkata,Dash Drone,3,BHK,1036.062961,Dealer,0,1,1,52.0,54.52,32.01,72.95,2.52,4.85,1
9991,Bangalore,CV Raman Nagar,2,BHK,1155.115512,Dealer,1,1,1,77.0,65.68,48.36,93.18,11.32,14.7,1
28939,Jaipur,Jagatpura,2,BHK,1395.709486,Dealer,0,1,1,54.0,52.25,34.48,67.76,1.75,3.24,1
9113,Bangalore,Ayappa Nagar,3,BHK,1585.304479,Dealer,0,1,1,63.0,107.5,69.53,151.64,44.5,70.63,0
15854,Panchkula,Zirakpur,3,BHK,1710.09772,Dealer,0,0,1,63.0,60.66,43.82,79.35,2.34,3.71,1
7153,Chandigarh,New Chandigarh,5,BHK,8360.128617,Dealer,0,0,1,390.0,599.74,153.43,729.6,209.74,53.78,1
7176,Maharashtra,Kharghar,2,BHK,1464.00976,Dealer,0,1,1,180.0,118.74,101.49,189.07,61.26,34.03,1
9791,Jamshedpur,Telco Colony,3,BHK,1410.039481,Owner,0,1,1,25.0,45.83,33.75,61.17,20.83,83.32,0
21772,Noida,Sector-76 Noida,3,BHK,1584.158416,Owner,0,1,1,120.0,84.46,65.25,99.34,35.54,29.62,0
9481,Bangalore,Thubarahalli,2,BHK,1170.194459,Owner,0,1,1,68.0,62.32,45.35,86.53,5.68,8.35,1
26676,Kolkata,New Town,2,BHK,988.8888889,Dealer,0,0,1,44.5,41.96,29.62,65.98,2.54,5.71,1
5716,Udupi,Ambalpady,1,BHK,804.8848182,Owner,0,1,1,29.0,29.21,20.39,38.5,0.21,0.72,1
19652,Kanpur,Panki,1,BHK,312.2073057,Owner,1,1,1,10.0,19.55,5.34,17.67,9.55,95.5,1
27762,Bangalore,Whitefield,2,BHK,1215.848949,Dealer,1,1,1,85.0,77.78,52.88,96.49,7.22,8.49,1
17946,Chennai,Avadi,2,BHK,677.0567195,Owner,1,1,1,26.5,28.95,16.97,52.59,2.45,9.25,1
22249,Pune,Mohamadwadi,4,BHK,3648.303539,Dealer,1,1,1,300.0,309.06,247.02,588.09,9.06,3.02,1
8787,Gurgaon,Sector-81 Gurgaon,3,BHK,2559.181062,Dealer,0,1,0,160.0,174.09,131.26,244.34,14.09,8.81,1
28343,Kochi,Vazhakkala,3,BHK,2118.298843,Dealer,0,1,1,130.0,133.87,87.42,192.38,3.87,2.98,1
20669,Maharashtra,Kandivali (East),3,BHK,1165.660998,Dealer,0,1,1,170.0,217.47,149.91,249.25,47.47,27.92,1
25177,Bangalore,Dollars Colony,4,BHK,3347.630505,Dealer,0,0,1,320.0,272.82,217.62,407.71,47.18,14.74,1
26739,Mumbai,Dahisar (East),2,BHK,987.2554299,Dealer,0,1,1,110.0,127.21,87.17,124.02,17.21,15.65,1
20129,Bangalore,Uttarahalli,2,BHK,1140.096618,Dealer,1,1,1,47.2,69.35,48.33,90.4,22.15,46.93,0
28850,Nagpur,Chinchbhavan,2,BHK,1036.687048,Dealer,1,0,1,37.3,41.6,31.96,61.67,4.3,11.53,1
23546,Bangalore,Bhattarahalli,3,BHK,1525.010167,Owner,0,1,1,75.0,86.88,67.85,125.13,11.88,15.84,1
851,Bhopal,MP Nagar,2,BHK,1274.078568,Owner,0,1,1,84.0,45.9,25.9,59.12,38.1,45.36,0
5924,Jamnagar,New Mehul Nagar,2,BHK,1045.150502,Owner,0,1,1,25.0,28.23,21.78,45.51,3.23,12.92,1
13203,Bangalore,Rajaji Nagar,4,BHK,2563.163676,Dealer,1,1,1,280.0,269.37,151.09,330.5,10.63,3.8,1
15966,Bangalore,Bannerghatta Road,3,BHK,1296.736546,Dealer,1,0,0,120.0,77.23,45.87,107.47,42.77,35.64,0
26944,Lucknow,Tera Khas,1,BHK,630.0160513999999,Dealer,0,0,1,15.7,22.28,13.65,43.08,6.58,41.91,1
16736,Amravati,Shankar Nagar,3,BHK,1365.103003,Owner,0,1,1,55.0,49.06,29.36,68.83,5.94,10.8,1
7080,Bangalore,Shree Ananth Nagar Layout,2,BHK,940.049663,Dealer,0,1,1,26.5,38.58,24.69,57.77,12.08,45.58,1
21728,Bhubaneswar,Bapuji Nagar,3,BHK,1451.87602,Dealer,1,1,1,89.0,68.2,46.01,101.03,20.8,23.37,1
3421,Surat,Palanpur Jakatnaka,1,BHK,600.0705965,Owner,0,1,1,17.0,17.74,11.72,28.92,0.74,4.35,1
9279,Chennai,Perungalathur,2,BHK,1373.913043,Dealer,1,0,0,63.2,85.08,65.29,123.6,21.88,34.62,0
1408,Bangalore,Jalahalli,3,BHK,1300.052002,Owner,0,1,1,100.0,67.63,46.84,96.75,32.37,32.37,0
9363,Lalitpur,Avdhut Nagar,2,BHK,1050.241272,Dealer,0,1,1,37.0,84.77,40.49,128.24,47.77,129.11,0
4248,Mumbai,Ulwe,2,BHK,1030.131342,Dealer,1,0,1,80.0,97.69,76.79,135.74,17.69,22.11,1
27756,Kolkata,Chinar Park,3,BHK,1769.1415309999998,Owner,0,1,1,61.0,86.74,64.28,123.34,25.74,42.2,0
11121,Noida,Sector-70 Noida,2,BHK,1041.219407,Dealer,1,1,1,48.5,48.24,34.19,59.3,0.26,0.54,1
27736,Mumbai,Sector-11 Ghansoli,3,BHK,2065.120121,Dealer,0,1,1,300.0,270.15,176.72,437.24,29.85,9.95,1
22267,Durg,Adarsh Nagar,5,BHK,7000.0,Owner,1,1,1,140.0,719.22,132.07,555.66,579.22,413.73,1
9136,Mumbai,Mira Road East,1,BHK,709.9391481,Dealer,0,1,1,56.0,50.17,50.34,62.21,5.83,10.41,1
9897,Ghaziabad,Loni,2,BHK,950.269243,Owner,1,1,1,30.0,33.45,25.38,53.98,3.45,11.5,1
13681,Bangalore,Thanisandra,3,BHK,1370.16094,Dealer,1,1,1,63.0,81.04,60.68,112.48,18.04,28.63,1
22345,Goa,Calangute,2,BHK,1128.080528,Builder,0,1,0,130.0,55.38,39.83,80.53,74.62,57.4,0
8570,Kochi,Marine Drive,4,BHK,2833.21015,Dealer,0,1,1,230.0,231.5,164.53,360.1,1.5,0.65,1
802,Gandhinagar,Kalol,2,BHK,1080.139373,Owner,0,1,1,31.0,30.4,23.48,47.75,0.6,1.94,1
7354,Coimbatore,Selvapuram,1,BHK,556.1072493,Owner,0,1,1,28.0,19.85,13.32,30.3,8.15,29.11,1
21782,Pune,Shahunagar,3,BHK,1250.0,Owner,0,1,1,63.0,95.56,58.96,125.65,32.56,51.68,1
24066,Pune,Balewadi,3,BHK,1373.815084,Dealer,1,1,1,100.0,95.9,63.25,127.14,4.1,4.1,1
28921,Chennai,Vadapalani,1,BHK,530.0119253,Owner,0,1,1,40.0,52.72,16.7,48.39,12.72,31.8,1
14735,Lalitpur,Waghbil,3,BHK,1067.168864,Dealer,0,1,1,170.0,175.11,60.85,277.87,5.11,3.01,1
21758,Pune,Tathawade,2,BHK,661.2254554,Dealer,1,0,0,55.9,51.14,39.54,66.31,4.76,8.52,1
15913,Indore,AB Road indore,2,BHK,1049.859551,Owner,0,1,1,29.9,30.85,22.35,43.8,0.95,3.18,1
22891,Bhiwadi,Alwar Bypass Road,2,BHK,1267.759563,Dealer,1,1,1,23.2,32.9,23.23,47.02,9.7,41.81,0
27536,Mohali,Sector-125 Mohali,2,BHK,1250.0,Dealer,0,1,1,25.9,39.31,27.86,72.16,13.41,51.78,0
29240,Shimla,New Shimla,3,BHK,1100.110011,Owner,0,1,1,70.0,56.94,24.78,67.15,13.06,18.66,0
24867,Maharashtra,Laxmi Nagar,2,BHK,1151.719902,Dealer,1,1,1,150.0,111.22,47.17,169.64,38.78,25.85,1
26999,Mumbai,kavesar,3,BHK,2082.741645,Dealer,1,1,1,220.0,485.88,315.55,1141.82,265.88,120.85,0
15773,Surat,Katargam,2,BHK,930.0833868,Owner,0,1,1,29.0,25.02,20.3,35.01,3.98,13.72,1
20562,Bangalore,Bhoganhalli,4,BHK,2465.367457,Dealer,0,1,1,210.0,165.33,119.25,227.76,44.67,21.27,1
15734,Mysore,Vijayanagar,2,BHK,1121.828476,Dealer,0,1,1,53.5,45.93,32.06,62.86,7.57,14.15,1
10692,Mumbai,Sector-35 Kamothe,2,BHK,1050.006563,Dealer,0,1,1,80.0,104.89,44.8,165.18,24.89,31.11,1
15800,Gurgaon,Sector-81 Gurgaon,4,BHK,2388.059701,Dealer,1,1,0,160.0,143.16,109.46,216.58,16.84,10.52,1
17654,Kolkata,Alipore,2,BHK,1314.060447,Owner,0,1,1,140.0,92.35,45.92,100.12,47.65,34.04,0
6951,Lalitpur,Chandivali,2,BHK,1073.435625,Dealer,1,0,1,170.0,107.91,54.82,163.4,62.09,36.52,0
10664,Pune,Ambegaon Budruk,3,BHK,1284.026708,Owner,0,1,1,75.0,101.57,57.59,111.66,26.57,35.43,1
6827,Bhavnagar,Vijayrajnagar,2,BHK,900.1956947000001,Owner,0,1,1,23.0,21.49,15.04,40.11,1.51,6.57,1
12569,Jaipur,Mansarovar,2,BHK,749.6940024,Dealer,0,1,1,24.5,19.05,13.66,39.84,5.45,22.24,1
4368,Maharashtra,Ganesh Nagar,3,BHK,1340.074313,Dealer,0,1,1,220.0,154.39,44.78,215.18,65.61,29.82,0
16332,Faridabad,Sector 78 Faridabad,3,BHK,1600.2098640000002,Dealer,0,1,1,61.0,59.96,40.16,70.09,1.04,1.7,1
4584,Lalitpur,Nalasopara East,1,BHK,659.8984772000001,Dealer,1,1,1,32.5,59.16,27.01,89.54,26.66,82.03,1
9495,Maharashtra,Pokhran-2,2,BHK,991.9121013,Dealer,0,1,1,130.0,95.32,46.34,135.71,34.68,26.68,1
3718,Bhiwadi,Vasundhara Nagar,3,BHK,1360.123648,Dealer,0,1,1,44.0,46.9,30.23,66.02,2.9,6.59,1
8882,Sonipat,Kundli,2,BHK,1575.866727,Owner,1,1,1,35.0,55.26,33.44,77.67,20.26,57.89,1
6474,Maharashtra,Pokhran-2,3,BHK,1094.840564,Dealer,1,0,0,240.0,141.78,63.78,197.54,98.22,40.92,0
27056,Lalitpur,Lal Baug,2,BHK,863.4431456,Dealer,1,0,1,260.0,108.86,44.75,170.75,151.14,58.13,0
12886,Ghaziabad,Ahinsa Khand 1,3,BHK,1573.564123,Dealer,0,1,0,100.0,77.89,51.25,103.45,22.11,22.11,1
7151,Bangalore,Sarjapur Road,3,BHK,1463.271876,Dealer,1,1,1,100.0,83.02,61.08,109.28,16.98,16.98,1
13177,Bhiwadi,Alwar Bypass Road,2,BHK,1200.201715,Dealer,0,1,1,23.8,29.96,18.01,47.88,6.16,25.88,1
19051,Mumbai,Kanjur Marg (East),3,BHK,1345.730365,Dealer,1,0,1,220.0,199.84,116.12,223.81,20.16,9.16,1
6563,Udupi,Santhekatte,2,BHK,822.8195283,Owner,0,1,1,30.0,32.11,20.16,43.77,2.11,7.03,1
4644,Mohali,Zirakpur,3,BHK,1325.1783890000002,Owner,0,1,1,52.0,46.47,35.17,57.5,5.53,10.63,1
11210,Bharuch,Bhensali,1,BHK,625.0,Owner,0,1,1,9.0,17.33,9.03,28.27,8.33,92.56,0
21380,Surat,Sayan,2,BHK,999.1311902999998,Owner,0,1,1,11.5,29.23,15.21,39.13,17.73,154.17,0
24880,Bangalore,Electronics City Phase 1,2,BHK,865.0125198999999,Owner,0,1,1,38.0,34.62,27.75,47.82,3.38,8.89,1
6077,Lalitpur,Wardha Road,2,BHK,980.3921569,Dealer,1,1,0,17.5,147.91,44.18,232.73,130.41,745.2,0
23103,Bangalore,Gottigere,3,BHK,1435.204728,Owner,0,1,1,68.0,73.69,55.29,103.2,5.69,8.37,1
29378,Ghaziabad,Raj Nagar Extension,2,BHK,953.3898305,Owner,1,1,1,27.0,30.11,23.81,41.36,3.11,11.52,1
15858,Dehradun,Kulhan,2,BHK,1479.532164,Dealer,1,1,1,50.6,53.66,40.86,69.25,3.06,6.05,1
7553,Ajmer,Haribhau Upadhyay Nagar,2,BHK,1125.04018,Owner,0,1,1,35.0,34.54,22.99,44.94,0.46,1.31,1
4222,Chennai,Medavakkam,1,BHK,588.004704,Owner,0,1,1,30.0,29.83,21.21,37.43,0.17,0.57,1
8782,Kolkata,Mudially,4,BHK,2375.071252,Owner,0,1,1,250.0,164.62,90.26,255.86,85.38,34.15,1
14412,Bhopal,Khajuri Kalan,2,BHK,900.3601441,Dealer,0,1,1,15.0,24.59,14.82,45.43,9.59,63.93,1
18670,Gurgaon,Sector-81 Gurgaon,3,BHK,2036.400662,Dealer,1,1,1,160.0,128.33,103.01,191.91,31.67,19.79,1
29433,Chennai,west mambalam,4,BHK,1212.121212,Owner,0,1,1,110.0,104.76,49.24,129.65,5.24,4.76,1
26402,Patna,Boring Road,3,BHK,1350.1510039999998,Dealer,0,1,1,76.0,54.59,33.45,75.03,21.41,28.17,0
8338,Maharashtra,Sector-9 Ulwe,1,BHK,675.0675068,Dealer,0,1,1,60.0,56.76,42.84,83.82,3.24,5.4,1
3810,Kolkata,Purbalok,2,BHK,780.0312012,Dealer,0,1,1,35.0,32.12,22.73,49.62,2.88,8.23,1
8074,Bangalore,Rayasandra,3,BHK,1600.409486,Owner,0,1,1,93.8,85.42,64.91,123.4,8.38,8.93,1
8936,Ghaziabad,Ahinsa Khand 2,3,BHK,1575.2351099999998,Dealer,1,1,1,60.3,76.11,50.61,101.26,15.81,26.22,1
20322,Indore,Nipania,4,BHK,3418.803419,Builder,1,1,0,140.0,139.15,86.16,221.98,0.85,0.61,1
24126,Panchkula,Zirakpur,3,BHK,1720.4301079999998,Owner,0,1,1,40.0,56.01,41.21,75.28,16.01,40.03,0
9305,Dhanbad,Hirapur,2,BHK,1250.0,Owner,0,1,1,30.0,39.38,25.79,52.1,9.38,31.27,1
26070,Lalitpur,Tilak nagar,2,BHK,866.1417323,Dealer,1,0,1,110.0,119.97,49.81,177.59,9.97,9.06,1
27838,Pune,Moshi,2,BHK,689.0314093,Dealer,1,1,1,41.9,44.66,33.82,63.49,2.76,6.59,1
11524,Kolkata,Patuli,3,BHK,1092.0,Dealer,0,0,1,54.6,51.39,32.37,64.87,3.21,5.88,1
19870,Chandigarh,Zirakpur,4,BHK,2169.522644,Dealer,1,0,1,70.9,82.51,72.72,117.07,11.61,16.38,0
26090,Faridabad,Sector 88 Faridabad,2,BHK,1339.046599,Dealer,0,1,1,50.0,46.82,40.21,53.0,3.18,6.36,1
24875,Meerut,Shatabdi Nagar,2,BHK,1038.781163,Owner,0,1,1,30.0,33.2,20.64,45.32,3.2,10.67,1
8573,Surat,Bardoli,2,BHK,1099.5370369999998,Owner,0,1,1,19.0,24.9,17.3,28.24,5.9,31.05,1
2928,Bhiwadi,Alwar Bypass Road,2,BHK,949.8480243,Owner,0,1,1,25.0,25.28,16.03,37.81,0.28,1.12,1
8506,Ghaziabad,Lal Kuan,3,BHK,1375.137514,Owner,1,1,1,50.0,49.25,39.3,74.44,0.75,1.5,1
10917,Chandigarh,Mohali,2,BHK,810.3214124,Dealer,0,1,1,17.9,119.52,22.4,59.96,101.62,567.71,0
18578,Mumbai,Ghansoli,2,BHK,1399.972001,Dealer,1,1,1,200.0,161.62,115.9,186.33,38.38,19.19,0
3440,Bangalore,Devanahalli,2,BHK,1079.837139,Dealer,0,1,1,61.0,54.51,37.47,75.38,6.49,10.64,1
21308,Pune,Balewadi,3,BHK,1700.013077,Dealer,1,1,1,130.0,128.0,86.15,177.78,2.0,1.54,1
17646,Kolkata,Salt Lake,4,BHK,2220.812183,Dealer,0,1,1,140.0,164.0,91.83,244.53,24.0,17.14,1
28192,Bhiwadi,Milakpur Goojar,2,BHK,1025.2654710000002,Owner,0,1,1,28.0,27.15,17.38,39.51,0.85,3.04,1
7142,Allahabad,Mumfordganj,2,BHK,800.0,Owner,0,1,1,50.0,32.4,17.79,39.6,17.6,35.2,0
26432,Pune,Wanwadi,4,BHK,1750.087504,Dealer,0,1,1,150.0,165.31,85.54,241.78,15.31,10.21,1
28843,Mumbai,Manpada,2,BHK,999.000999,Dealer,1,1,1,180.0,117.69,90.07,139.12,62.31,34.62,0
766,Meerut,Madhavpuram,2,BHK,651.8904824,Owner,0,1,1,15.0,23.97,11.95,34.94,8.97,59.8,1
20913,Mumbai,Kanjur Marg (East),3,BHK,1756.036375,Dealer,0,1,1,280.0,248.79,129.24,264.56,31.21,11.15,0
19014,Kolkata,Rajpur,3,BHK,1134.768367,Owner,0,1,1,48.5,52.18,36.12,64.59,3.68,7.59,1
5905,Chandigarh,Zirakpur,4,BHK,2090.152938,Dealer,1,1,1,77.9,73.95,65.65,117.65,3.95,5.07,1
1800,Bangalore,Hegde Nagar,3,BHK,1569.037657,Dealer,0,1,1,120.0,103.08,68.89,139.09,16.92,14.1,1
27052,Mumbai,Kharghar,2,BHK,1518.987342,Dealer,0,1,1,150.0,124.29,98.66,174.53,25.71,17.14,1
9424,Lalitpur,Bhandup (West),1,BHK,322.5123127,Dealer,1,0,0,60.9,66.33,53.4,93.49,5.43,8.92,1
10048,Jaipur,Muhana,2,BHK,1488.12005,Dealer,0,1,1,35.7,84.18,41.43,86.93,48.48,135.8,0
17448,Mohali,Kharar-Landran Road,1,BHK,655.0424128,Dealer,0,1,1,13.9,11.97,12.11,35.24,1.93,13.88,1
1360,Gurgaon,Sector-108 Gurgaon,2,BHK,1343.265356,Dealer,1,0,0,110.0,103.21,63.5,134.18,6.79,6.17,1
14036,Maharashtra,Hiranandani Gardens - Powai,4,BHK,2650.059626,Dealer,0,1,1,1000.0,820.47,285.31,877.23,179.53,17.95,0
24635,Maharashtra,Chandivali,2,BHK,917.2508681,Dealer,0,1,1,140.0,142.28,45.71,214.52,2.28,1.63,1
7189,Kolkata,E M Bypass,3,BHK,2337.662338,Dealer,0,0,1,180.0,181.86,103.46,301.47,1.86,1.03,1
15367,Bangalore,Versova Layout,1,BHK,705.0168591,Dealer,0,1,1,69.0,42.27,28.0,59.68,26.73,38.74,0
9317,Gwalior,Saraswati Nagar,2,BHK,900.0,Owner,0,1,1,31.5,44.19,19.43,41.75,12.69,40.29,1
19433,Noida,Sector-29 Noida,3,BHK,1511.144692,Dealer,0,1,1,80.0,79.97,49.08,94.37,0.03,0.04,1
9138,Bangalore,Hulimavu,3,BHK,1680.096005,Owner,0,1,1,98.0,101.26,77.9,142.56,3.26,3.33,1
10537,Faridabad,Sector 88 Faridabad,2,BHK,1339.046599,Dealer,0,1,1,50.0,46.82,40.21,53.0,3.18,6.36,1
6941,Chandigarh,Zirakpur,3,BHK,1910.142588,Dealer,0,1,1,71.0,65.24,52.83,79.9,5.76,8.11,1
2378,Maharashtra,Sector 10 Kharghar,1,BHK,649.0599821000001,Dealer,0,1,1,58.0,55.46,46.51,86.58,2.54,4.38,1
1412,Lalitpur,Vakola,3,BHK,1409.940078,Dealer,1,1,1,320.0,178.79,76.91,289.68,141.21,44.13,0
9683,Chennai,Kundrathur,2,BHK,815.0701798,Dealer,0,1,1,33.1,41.87,30.17,62.27,8.77,26.5,1
23999,Lalitpur,Hiranandani Estate,2,BHK,900.0276932,Dealer,0,1,1,130.0,118.35,88.4,146.9,11.65,8.96,1
10407,Bangalore,Rajaji Nagar,2,BHK,1292.466765,Dealer,1,1,1,140.0,109.75,58.94,119.2,30.25,21.61,0
23274,Lalitpur,Versova,4,BHK,1405.662813,Dealer,0,1,1,490.0,430.72,79.88,608.85,59.28,12.1,1
17851,Ranchi,Ekta Nagar,2,BHK,926.1709447,Owner,0,1,1,35.0,32.6,20.23,43.49,2.4,6.86,1
13840,Chennai,Madipakkam,2,BHK,777.1260997,Dealer,0,1,1,47.7,49.26,31.74,70.05,1.56,3.27,1
24159,Bangalore,Hegde Nagar,3,BHK,1664.145234,Dealer,0,1,1,110.0,108.11,76.06,147.05,1.89,1.72,1
6826,Lalitpur,Vile Parle (West),3,BHK,1300.0037140000002,Dealer,0,1,1,350.0,453.58,199.51,621.04,103.58,29.59,1
72,Belgaum,Tilakwadi,2,BHK,760.0709400000001,Owner,0,1,1,60.0,31.69,20.1,44.84,28.31,47.18,0
5546,Mumbai,Manpada,2,BHK,884.9557522,Dealer,0,0,1,130.0,116.29,86.08,131.39,13.71,10.55,1
22730,Bhubaneswar,SUM Hospital,2,BHK,1219.688744,Dealer,0,0,1,33.7,52.28,36.58,63.82,18.58,55.13,0
15087,Noida,Sector-107 Noida,4,BHK,3308.215402,Owner,1,1,1,180.0,209.96,139.22,305.78,29.96,16.64,1
1892,Bangalore,Thirumenahalli,3,BHK,1579.778831,Owner,0,1,1,70.0,89.95,67.35,124.81,19.95,28.5,1
19076,Mumbai,Ghodbunder Road,3,BHK,1737.0390170000005,Dealer,1,1,1,130.0,257.76,74.87,360.1,127.76,98.28,1
21043,Kolkata,Rajarhat Expressway,2,BHK,1050.0,Dealer,0,1,0,46.2,54.31,32.01,74.22,8.11,17.55,1
10681,Maharashtra,Juhu,4,BHK,3600.036,Dealer,0,1,1,2000.0,1583.6,336.3,1837.75,416.4,20.82,0
20800,Mumbai,Goregaon (East),2,BHK,1393.566369,Dealer,1,1,1,240.0,258.29,172.99,332.16,18.29,7.62,1
6221,Mohali,Sector-117 Mohali,3,BHK,1771.2550609999998,Dealer,1,1,1,70.0,65.57,49.98,110.8,4.43,6.33,1
10885,Ghaziabad,Ahinsa Khand 1,2,BHK,1349.849135,Owner,0,1,1,85.0,64.19,41.14,86.29,20.81,24.48,1
4592,Noida,Sector-78 Noida,3,BHK,1550.120565,Dealer,0,1,1,90.0,78.32,60.12,94.67,11.68,12.98,1
18107,Vadodara,Subhanpura,1,BHK,515.8730159,Owner,0,1,1,11.7,8.14,10.7,23.07,3.56,30.43,1
23365,Ghaziabad,NH-24 Highway,3,BHK,1742.49758,Owner,0,1,1,18.0,80.85,53.5,99.41,62.85,349.17,0
11958,Lalitpur,Kolshet Road,3,BHK,1068.319,Dealer,1,1,1,200.0,175.04,59.89,277.49,24.96,12.48,1
5542,Ghaziabad,NH-24 Highway,3,BHK,1300.390117,Owner,1,1,1,40.0,54.76,36.6,71.3,14.76,36.9,1
21479,Lalitpur,Ghodbunder Road,2,BHK,1028.037383,Dealer,1,1,1,83.6,106.87,51.92,160.18,23.27,27.83,1
1821,Mysore,J.P Nagar,3,BHK,1351.019406,Dealer,0,1,1,55.0,62.81,39.92,77.97,7.81,14.2,1
18969,Maharashtra,Mira Road,3,BHK,1306.6771199999998,Dealer,1,1,1,100.0,108.53,101.21,146.7,8.53,8.53,0
16493,Faridabad,Sector 88 Faridabad,3,BHK,1557.434813,Dealer,0,1,1,44.2,59.37,43.88,65.76,15.17,34.32,1
26479,Lalitpur,Anand Nagar,2,BHK,1100.070972,Dealer,0,1,1,93.0,108.15,66.47,181.66,15.15,16.29,1
19812,Maharashtra,Kharghar,2,BHK,1130.082299,Dealer,0,1,1,92.0,102.2,87.14,133.12,10.2,11.09,1
27605,Chennai,Guduvancheri,2,BHK,700.1166861,Owner,0,1,1,30.0,25.54,20.63,35.64,4.46,14.87,1
11703,Ghaziabad,Ahinsa Khand 2,3,BHK,1725.3439030000002,Owner,0,1,1,74.0,85.4,58.42,107.79,11.4,15.41,1
17916,Bangalore,Horamavu Agara,3,BHK,1400.264201,Owner,0,1,1,53.0,72.17,56.03,101.76,19.17,36.17,0
2459,Pune,NIBM,2,BHK,1125.0,Dealer,1,1,1,60.3,67.82,58.36,96.42,7.52,12.47,1
25798,Bangalore,Kenchenhalli,3,BHK,1560.24964,Owner,0,1,1,65.0,95.51,67.84,138.76,30.51,46.94,0
